Stations,AC,ACO,AH,AHP,AHPR,AHZ,AKM,ALM,ALMB,ALMM,ALMO,ALMP,AMA,AMF,AMFGA,AMFS,AMFVA,AML,AMPO,AMR,AMRI,AMRN,ANA,APD,APDA,APDO,APG,APN,ARN,ASA,ASB,ASD,ASDL,ASDM,ASDWPL,ASDZ,ASHD,ASN,ASS,ASSP,ATN,AWH,AWHVG,BD,BDE,BDG,BDM,BDPB,BET,BF,BGN,BH,BHV,BK,BKF,BKG,BKL,BKLA,BL,BLL,BLOA,BMN,BMR,BN,BNC,BNK,BNN,BNV,BNVA,BNZ,BOT,BP,BR,BRD,BRDA,BRDVA,BRGND,BRGRO,BRN,BRNA,BRPPD,BSK,BSMZ,BTL,BV,BVHC,BZL,CAS,CK,CL,CO,CPS,CRAO,CRAW,CVM,DA,DB,DDM,DDN,DDR,DDZD,DEI,DGRW,DID,DL,DLD,DLN,DMN,DMNZ,DN,DR,DRH,DRON,DRP,DT,DTC,DTCP,DV,DVC,DVD,DVGE,DVN,DVNK,DZ,EC,ED,EDC,EGHM,EHB,EHV,EKZ,EML,EMN,EMNZ,ERP,ES,ESK,EST,FN,GBG,GD,GDG,GDM,GDR,GERP,GK,GLN,GN,GNN,GO,GP,GPDA,GR,GS,GV,GVC,GVM,GVMW,GW,GZ,HAD,HBTH,HD,HDB,HDE,HDG,HDL,HDR,HDRZ,HFD,HGL,HGLO,HGV,HGZ,HIL,HK,HKS,HLG,HLGH,HLM,HLMS,HLO,HM,HMBV,HMLA,HMLBA,HN,HNK,HNO,HNP,HON,HOR,HR,HRL,HRLW,HRN,HRT,HSAL,HT,HTDA,HTN,HTNC,HTO,HVL,HVS,HVSM,HVSP,HWD,HWZB,HZE,IJT,KBD,KBK,KFH,KFHAN,KFHAZ,KLP,KMA,KMR,KPN,KRD,KRG,KTR,KV,KW,KZ,LAA,LC,LDL,LDM,LEDN,LEK,LG,LLS,LP,LTN,LTV,LUT,LW,MAS,MBTWAN,MBTWAZ,MDA,MDB,MDK,MDO,MDSA,MES,MG,MMLH,MP,MRB,MRN,MT,MTH,MTN,MVT,MZ,NA,NDB,NH,NKK,NM,NMD,NMH,NML,NS,NSCH,NVD,NVP,NWK,O,OBD,ODB,ODS,ODZ,OMN,OST,OT,OTB,OVN,OW,OZBM,PMO,PMR,PMW,PS,PT,RAI,RAT,RB,RD,RH,RHEINE,RHN,RL,RLB,RM,RS,RSD,RSN,RSW,RTA,RTB,RTD,RTN,RTNG,RTNGO,RTNGW,RTST,RTZ,RV,RVS,RWHV,SALZBERGEN,SBG,SBK,SD,SDA,SDM,SDN,SDT,SGN,SHL,SK,SLOE,SLOHST,SM,SN,SPA,SPM,SPTN,SPTZ,SRN,SSH,ST,STD,STM,STO,STV,STZ,SWD,SWK,TB,TBG,TBGE,TBI,TBR,TBU,TG,TL,TPSW,TWL,UST,UT,UTG,UTLN,UTLR,UTM,UTO,UTOA,UTT,UTVR,UTZA,UTZL,VB,VD,VDM,VG,VGA,VH,VK,VL,VLB,VNDC,VNDW,VP,VRY,VS,VSPA,VSS,VST,VSV,VTBR,VTN,VWD,WAD,WC,WD,WDN,WF,WGMO,WGMW,WH,WK,WL,WM,WP,WS,WSM,WT,WTV,WV,WW,WZ,ZA,ZB,ZBM,ZD,ZH,ZL,ZLSH,ZLW,ZP,ZST,ZTM,ZTMO,ZV,ZVB,ZVT,ZWD,ZZS
AC,0,1,0,0,0,0,0,0,0,0,0,0,29,45,29,0,29,142,0,0,144,0,0,88,69,91,251,0,0,0,5,15,0,11,14,0,4,0,19,12,0,16,16,115,0,0,0,0,0,0,0,148,33,0,0,0,12,12,0,37,22,0,0,151,0,0,0,44,44,0,64,0,0,82,54,54,50,49,38,23,52,0,26,0,44,32,0,0,0,42,0,60,14,13,0,0,0,7,0,0,0,0,12,0,0,36,0,14,9,0,0,42,0,0,0,0,0,103,107,0,81,0,0,0,0,0,0,0,0,0,0,0,0,0,67,0,0,0,0,0,47,44,50,0,0,0,0,0,0,0,0,6,0,0,0,0,0,0,0,105,0,148,0,0,0,0,62,0,0,0,151,153,0,0,0,0,0,0,0,34,33,0,0,0,20,18,0,0,0,0,122,0,0,0,0,0,0,161,72,68,32,33,0,51,31,30,0,0,26,0,0,0,0,57,56,56,0,0,0,0,0,0,0,8,0,0,0,0,0,0,0,38,0,0,0,0,0,0,0,0,50,51,36,0,0,37,6,0,0,0,0,0,0,0,0,0,75,0,0,25,0,0,0,0,0,0,0,0,0,0,56,0,0,0,12,162,0,0,0,0,0,0,57,0,0,0,60,0,0,0,0,0,0,167,0,0,78,0,0,0,129,0,61,72,71,66,49,48,49,76,75,0,0,57,161,161,0,0,0,0,26,0,0,0,0,0,0,0,0,83,0,41,39,0,0,0,0,0,50,0,0,0,0,94,0,80,119,99,95,0,0,0,98,0,24,0,28,0,0,27,21,0,25,25,0,0,0,0,0,72,0,0,0,0,0,0,0,0,0,5,0,0,0,6,0,0,0,0,31,137,0,7,9,0,0,0,0,16,0,0,0,0,0,0,0,0,0,59,0,0,0,0,0,0,0,0,0,0,0,0,0,0
ACO,1,0,0,0,0,0,0,0,0,0,0,0,28,29,28,0,28,114,0,0,115,0,0,67,68,70,172,0,0,0,5,13,0,11,15,0,4,0,17,10,0,17,17,76,0,0,0,0,0,0,0,148,22,0,0,0,11,11,0,29,21,0,0,120,0,0,0,44,43,0,64,0,0,55,54,54,49,48,21,22,51,0,12,0,32,33,0,0,0,39,0,45,13,12,0,0,0,7,0,0,0,0,13,0,0,23,0,8,7,0,0,30,0,0,0,0,0,80,84,0,81,0,0,0,0,0,0,0,0,0,0,0,0,0,67,0,0,0,0,0,34,33,47,0,0,0,0,0,0,0,0,7,0,0,0,0,0,0,0,76,0,148,0,0,0,0,61,0,0,0,123,125,0,0,0,0,0,0,0,27,25,0,0,0,19,17,0,0,0,0,98,0,0,0,0,0,0,161,68,67,29,31,0,34,14,13,0,0,21,0,0,0,0,56,55,55,0,0,0,0,0,0,0,7,0,0,0,0,0,0,0,37,0,0,0,0,0,0,0,0,49,50,36,0,0,37,7,0,0,0,0,0,0,0,0,0,75,0,0,12,0,0,0,0,0,0,0,0,0,0,42,0,0,0,13,133,0,0,0,0,0,0,56,0,0,0,59,0,0,0,0,0,0,167,0,0,53,0,0,0,104,0,46,52,52,50,48,47,49,53,52,0,0,56,161,161,0,0,0,0,25,0,0,0,0,0,0,0,0,82,0,30,29,0,0,0,0,0,49,0,0,0,0,79,0,79,118,77,78,0,0,0,76,0,22,0,25,0,0,20,20,0,23,24,0,0,0,0,0,71,0,0,0,0,0,0,0,0,0,6,0,0,0,6,0,0,0,0,21,110,0,8,10,0,0,0,0,6,0,0,0,0,0,0,0,0,0,55,0,0,0,0,0,0,0,0,0,0,0,0,0,0
AH,0,0,0,2,3,6,0,0,0,0,0,0,0,0,0,0,0,0,0,0,0,0,0,0,0,0,0,0,0,0,0,0,0,0,0,0,0,0,0,0,0,0,0,0,0,0,0,0,0,0,0,0,0,0,0,0,0,0,0,0,0,0,0,0,0,0,0,0,0,0,0,0,0,0,0,0,0,0,0,0,0,0,0,0,0,0,0,0,0,0,0,0,0,0,0,0,0,0,0,0,0,0,0,0,0,0,0,0,0,0,0,0,0,0,0,0,0,0,0,0,0,0,0,0,0,0,0,0,0,0,0,0,0,0,0,0,0,0,0,0,0,0,0,0,0,0,0,0,0,0,0,0,0,0,0,0,0,0,0,0,0,0,0,0,0,0,0,0,0,0,0,0,0,0,0,0,0,0,0,0,0,0,0,0,0,0,0,0,0,0,0,0,0,0,0,0,0,0,0,0,0,0,0,0,0,0,0,0,0,0,0,0,0,0,0,0,0,0,0,0,0,0,0,0,0,0,0,0,0,0,0,0,0,0,0,0,0,0,0,0,0,0,0,0,0,0,0,0,0,0,0,0,0,0,0,0,0,0,0,0,0,0,0,0,0,0,0,0,0,0,0,0,0,0,0,0,0,0,0,5,0,0,0,0,0,0,0,0,0,0,0,0,0,0,0,0,0,0,0,0,0,0,0,0,0,0,0,0,0,0,0,0,0,0,0,0,0,0,0,0,0,0,0,0,0,0,0,0,0,0,0,0,0,0,0,0,0,0,0,0,0,0,0,0,0,0,0,0,0,0,0,0,0,0,0,0,0,0,0,0,0,0,0,0,0,0,0,0,0,0,0,0,0,0,0,0,0,0,0,0,0,0,0,0,0,0,0,0,0,0,0,0,0,0,0,0,0,0,0,0,0,0,0,0,0,0,0,0,0,0,0,0,0,0,0,0,0,0,0,0,0,0
AHP,0,0,2,0,0,0,0,0,0,0,0,0,0,0,0,0,0,0,0,0,0,0,0,0,0,0,0,0,0,0,0,0,0,0,0,0,0,0,0,0,0,0,0,0,0,0,0,0,0,0,0,0,0,0,0,0,0,0,0,0,0,0,0,0,0,0,0,0,0,0,0,0,0,0,0,0,0,0,0,0,0,0,0,0,0,0,0,0,0,0,0,0,0,0,0,0,0,0,0,0,0,0,0,0,0,0,0,0,0,0,0,0,0,0,0,0,0,0,0,0,0,0,0,0,0,0,0,0,0,0,0,0,0,0,0,0,0,0,0,0,0,0,0,0,0,0,0,0,0,0,0,0,0,0,0,0,0,0,0,0,0,0,0,0,0,0,0,0,0,0,0,0,0,0,0,0,0,0,0,0,0,0,0,0,0,0,0,0,0,0,0,0,0,0,0,0,0,0,0,0,0,0,0,0,0,0,0,0,0,0,0,0,0,0,0,0,0,0,0,0,0,0,0,0,0,0,0,0,0,0,0,0,0,0,0,0,0,0,0,0,0,0,0,0,0,0,0,0,0,0,0,0,0,0,0,0,0,0,0,0,0,0,0,0,0,0,0,0,0,0,0,0,0,0,0,0,0,0,0,0,0,0,0,0,0,0,0,0,0,0,0,0,0,0,0,0,0,0,0,0,0,0,0,0,0,0,0,0,0,0,0,0,0,0,0,0,0,0,0,0,0,0,0,0,0,0,0,0,0,0,0,0,0,0,0,0,0,0,0,0,0,0,0,0,0,0,0,0,0,0,0,0,0,0,0,0,0,0,0,0,0,0,0,0,0,0,0,0,0,0,0,0,0,0,0,0,5,0,0,0,0,0,0,0,0,0,0,0,0,0,0,0,0,0,0,0,0,0,0,0,0,0,0,0,0,0,0,0,0,0,0,0,0,0,0,0,0,0,0,0,0,0
AHPR,0,0,3,0,0,0,0,0,0,0,0,0,0,0,0,0,0,0,0,0,0,0,0,0,0,0,0,0,0,0,0,0,0,0,0,0,0,0,0,0,0,0,0,0,0,0,0,0,0,0,0,0,0,0,0,0,0,0,0,0,0,0,0,0,0,0,0,0,0,0,0,0,0,0,0,0,0,0,0,0,0,0,0,0,0,0,0,0,0,0,0,0,0,0,0,0,0,0,0,0,0,0,0,0,0,0,0,0,0,0,0,0,0,0,0,0,0,0,0,0,0,0,0,0,0,0,0,0,0,0,0,0,0,0,0,0,0,0,0,0,0,0,0,0,0,0,0,0,0,0,0,0,0,0,0,0,0,0,0,0,0,0,0,0,0,0,0,0,0,0,0,0,0,0,0,0,0,0,0,0,0,0,0,0,0,0,0,0,0,0,0,0,0,0,0,0,0,0,0,0,0,0,0,0,0,0,0,0,0,0,0,0,0,0,0,0,0,0,0,0,0,0,0,0,0,0,0,0,0,0,0,0,0,0,0,0,0,0,0,0,0,0,0,0,0,0,0,0,0,0,0,0,0,0,0,0,0,0,0,0,0,0,0,0,0,0,0,0,0,0,0,0,0,0,0,0,0,0,0,0,0,0,0,0,0,0,0,0,0,0,0,0,0,0,0,0,0,0,0,0,0,0,0,0,0,0,0,0,0,0,0,0,0,0,0,0,0,0,0,0,0,0,0,0,0,0,0,0,0,0,0,0,0,0,0,0,0,0,0,0,0,0,0,0,0,0,0,0,0,0,0,0,0,0,0,0,0,0,0,0,0,0,0,0,0,0,0,0,0,0,0,0,0,0,0,0,0,0,0,0,0,0,0,0,0,0,0,0,0,0,0,0,0,0,0,0,0,0,0,0,0,4,0,0,0,0,0,0,0,0,0,0,0,0,0,0,0,0,0,0,0,0
AHZ,0,0,6,0,0,0,0,0,0,0,0,0,0,0,0,0,0,0,0,0,0,0,0,0,0,0,0,0,0,0,0,0,0,0,0,0,0,0,0,0,0,0,0,0,0,0,0,0,0,0,0,0,0,0,0,0,0,0,0,0,0,0,0,0,0,0,0,0,0,0,0,0,0,0,0,0,0,0,0,0,0,0,0,0,0,0,0,0,0,0,0,0,0,0,0,0,0,0,0,0,0,0,0,0,0,0,0,0,0,0,0,0,0,0,0,0,0,0,0,0,0,0,0,0,0,0,0,0,0,0,0,0,0,0,0,0,0,5,0,0,0,0,0,0,0,0,0,0,0,0,0,0,0,0,0,0,0,0,0,0,0,0,0,0,0,0,0,0,0,0,0,0,0,0,0,0,0,0,0,0,0,0,0,0,0,0,0,0,0,0,0,0,0,0,0,0,0,0,0,0,0,0,0,0,0,0,0,0,0,0,0,0,0,0,0,0,0,0,0,0,0,0,0,0,0,0,0,0,0,0,0,0,0,0,0,0,0,0,0,0,0,0,0,0,0,0,0,0,0,0,0,0,0,0,0,0,0,0,0,0,0,0,0,0,0,0,0,0,0,0,0,0,0,0,0,0,0,0,0,0,0,0,0,0,0,0,0,0,0,0,0,0,0,0,0,0,0,0,0,0,0,0,0,0,0,0,0,0,0,0,0,0,0,0,0,0,0,0,0,0,0,0,0,0,0,0,0,0,0,0,0,0,0,0,0,0,0,0,0,0,0,0,0,0,0,0,0,0,0,0,0,0,0,0,0,0,0,0,0,0,0,0,0,0,0,0,0,0,0,0,0,0,0,0,0,0,0,0,0,0,0,0,0,0,0,0,0,0,0,0,0,0,0,0,0,0,0,0,0,0,0,0,0,0,0,0,0,0,0,0,0,0,0,0,0,0,0,0,0,0,0,0
AKM,0,0,0,0,0,0,0,0,0,0,0,0,0,0,0,0,0,0,0,0,0,0,0,0,0,0,0,0,0,0,0,0,0,0,0,0,0,0,0,0,0,0,0,0,0,0,0,0,0,0,0,0,0,0,0,0,0,0,0,0,0,0,0,0,0,0,0,0,0,0,0,0,0,0,0,0,0,0,0,0,0,0,0,0,0,0,0,0,0,0,0,0,0,0,0,0,0,0,0,0,0,0,0,0,0,0,0,0,0,0,0,0,0,0,0,0,0,0,0,0,0,0,0,0,0,0,0,0,0,0,0,0,0,0,0,0,0,0,0,0,0,0,0,0,0,0,0,0,0,0,0,0,0,0,0,0,0,0,6,0,0,0,0,0,0,0,0,0,0,0,0,0,0,0,0,0,0,0,0,0,0,0,0,0,0,0,0,0,0,0,0,0,13,0,0,0,0,0,0,0,0,0,0,0,0,0,0,0,0,0,0,0,0,0,0,0,0,0,0,0,0,0,0,0,0,0,0,0,0,0,0,0,0,0,0,0,0,0,0,0,0,0,0,0,0,0,0,0,0,0,0,0,0,0,0,0,0,0,0,0,0,0,0,0,0,0,0,0,0,0,0,0,0,0,0,0,0,0,0,0,0,0,0,0,0,0,0,0,0,0,0,0,0,0,0,0,0,0,0,0,0,0,0,0,0,0,0,0,0,0,0,0,0,0,0,0,0,0,0,0,0,0,0,0,0,0,0,0,0,0,0,0,0,0,0,0,0,0,0,0,0,0,0,0,0,0,0,0,0,0,0,0,0,0,0,0,0,0,0,0,0,0,0,0,0,0,0,0,0,0,0,0,0,0,0,0,0,0,0,0,0,0,0,0,0,0,0,0,0,0,0,0,0,0,0,0,0,0,0,0,0,0,0,0,0,0,0,0,0,0,0,0,0,0,0,0,0,0,0,0,0,0
ALM,0,0,0,0,0,0,0,0,0,3,0,2,0,0,0,0,0,0,0,0,0,0,0,0,0,0,0,0,0,0,0,0,0,0,0,0,0,0,0,0,0,0,0,0,0,0,0,0,0,0,0,0,0,0,0,0,0,0,0,0,0,0,0,0,0,0,0,0,0,0,0,0,0,0,0,0,0,0,0,0,0,0,0,0,0,0,0,0,0,0,0,0,0,0,0,0,0,0,0,0,0,0,0,0,0,0,0,0,0,0,0,0,0,0,0,0,0,0,0,0,0,0,0,0,0,0,0,0,0,0,0,0,0,0,0,0,0,0,0,0,0,0,0,0,0,0,0,0,0,0,0,0,0,0,0,0,0,0,0,0,0,0,0,0,0,0,0,0,0,0,0,0,0,0,0,0,0,0,0,0,0,0,0,0,0,0,0,0,0,0,0,0,0,0,0,0,0,0,0,0,0,0,0,0,0,0,0,0,0,0,0,0,0,0,0,0,0,0,0,0,0,0,0,0,0,0,0,0,0,0,0,0,0,0,0,0,0,0,0,0,0,0,0,0,0,0,0,0,0,0,0,0,0,0,0,0,0,0,0,0,0,0,0,0,0,0,0,0,0,0,0,0,0,0,0,0,0,0,0,0,0,0,0,0,0,0,0,0,0,0,0,0,0,0,0,0,0,0,0,0,0,0,0,0,0,0,0,0,0,0,0,0,0,0,0,0,0,0,0,0,0,0,0,0,0,0,0,0,0,0,0,0,0,0,0,0,0,0,0,0,0,0,0,0,0,0,0,0,0,0,0,0,0,0,0,0,0,0,0,0,0,0,0,0,0,0,0,0,0,0,0,0,0,0,0,0,0,0,0,0,0,0,0,0,0,0,0,0,0,0,0,0,0,0,0,0,0,0,0,0,0,0,0,0,0,0,0,0,0,0,0,0,0,0,0,0,0,0,0,0,0,0
ALMB,0,0,0,0,0,0,0,0,0,0,2,0,0,0,0,0,0,0,12,0,0,0,0,0,0,0,0,0,0,0,0,0,0,0,0,0,0,0,0,0,0,0,0,0,0,0,0,0,0,0,0,0,0,0,0,0,0,0,0,0,0,0,0,0,0,0,0,0,0,0,0,0,0,0,0,0,0,0,0,0,0,0,0,0,0,0,0,0,0,0,0,0,0,0,0,0,0,0,0,0,0,0,0,0,0,0,0,0,0,0,0,0,0,0,0,0,0,0,0,0,0,0,0,0,0,0,0,0,0,0,0,0,0,0,0,0,0,0,0,0,0,0,0,0,0,0,0,0,0,0,0,0,0,0,0,0,0,0,0,0,0,0,0,0,0,0,0,0,0,0,0,0,0,0,0,0,0,0,0,0,0,0,0,0,0,0,0,0,0,0,0,0,0,0,0,0,0,0,0,0,0,0,0,0,0,0,0,0,0,0,0,0,0,0,0,0,0,0,0,0,0,0,0,0,0,0,0,0,0,0,0,0,0,0,0,0,0,0,0,0,0,0,0,0,0,0,0,0,0,0,0,0,0,0,0,0,0,0,0,0,0,0,0,0,0,0,0,0,0,0,0,0,0,0,0,0,0,0,0,0,0,0,0,0,0,0,0,0,0,0,0,0,0,0,0,0,0,0,0,0,0,0,0,0,0,0,0,0,0,0,0,0,0,0,0,0,0,0,0,0,0,0,0,0,0,0,0,0,0,0,0,0,0,0,0,0,0,0,0,0,0,0,0,0,0,0,0,0,0,0,0,0,0,0,0,0,0,0,0,0,0,0,0,0,0,0,0,0,0,0,0,0,0,0,0,0,0,0,0,0,0,0,0,0,0,0,0,0,0,0,0,0,0,0,0,0,0,0,0,0,0,0,0,0,0,0,0,0,0,0,0,0,0,0,0,0,0,0,0,0,0,0
ALMM,0,0,0,0,0,0,0,3,0,0,0,0,0,0,0,0,0,0,5,0,0,0,0,0,0,0,0,0,0,0,0,0,0,0,0,0,0,0,0,0,0,0,0,0,0,0,0,0,0,0,0,0,0,0,0,0,0,0,0,0,0,0,0,0,0,0,0,0,0,0,0,0,0,0,0,0,0,0,0,0,0,0,0,0,0,0,0,0,0,0,0,0,0,0,0,0,0,0,0,0,0,0,0,0,0,0,0,0,0,0,0,0,0,0,0,0,0,0,0,0,0,0,0,0,0,0,0,0,0,0,0,0,0,0,0,0,0,0,0,0,0,0,0,0,0,0,0,0,0,0,0,0,0,0,0,0,0,0,0,0,0,0,0,0,0,0,0,0,0,0,0,0,0,0,0,0,0,0,0,0,0,0,0,0,0,0,0,0,0,0,0,0,0,0,0,0,0,0,0,0,0,0,0,0,0,0,0,0,0,0,0,0,0,0,0,0,0,0,0,0,0,0,0,0,0,0,0,0,0,0,0,0,0,0,0,0,0,0,0,0,0,0,0,0,0,0,0,0,0,0,0,0,0,0,0,0,0,0,0,0,0,0,0,0,0,0,0,0,0,0,0,0,0,0,0,0,0,0,0,0,0,0,0,0,0,0,0,0,0,0,0,0,0,0,0,0,0,0,0,0,0,0,0,0,0,0,0,0,0,0,0,0,0,0,0,0,0,0,0,0,0,0,0,0,0,0,0,0,0,0,0,0,0,0,0,0,0,0,0,0,0,0,0,0,0,0,0,0,0,0,0,0,0,0,0,0,0,0,0,0,0,0,0,0,0,0,0,0,0,0,0,0,0,0,0,0,0,0,0,0,0,0,0,0,0,0,0,0,0,0,0,0,0,0,0,0,0,0,0,0,0,0,0,0,0,0,0,0,0,0,0,0,0,0,0,0,0,0,0,0,0,0
ALMO,0,0,0,0,0,0,0,0,2,0,0,0,0,0,0,0,0,0,0,0,0,0,0,0,0,0,0,0,0,0,0,0,0,0,0,0,0,0,0,0,0,0,0,0,0,0,0,0,0,0,0,0,0,0,0,0,0,0,0,0,0,0,0,0,0,0,0,0,0,0,0,0,0,0,0,0,0,0,0,0,0,0,0,0,0,0,0,0,0,0,0,0,0,0,0,0,0,0,0,0,0,0,0,0,0,0,0,0,0,0,0,0,0,0,0,0,0,0,0,0,0,0,0,0,0,0,0,0,0,0,0,0,0,0,0,0,0,0,0,0,0,0,0,0,0,0,0,0,0,0,0,0,0,0,0,0,0,0,0,0,0,0,0,0,0,0,0,0,0,0,0,0,0,0,0,0,0,0,0,0,0,0,0,0,0,0,0,0,0,0,0,0,0,0,0,0,0,0,0,0,0,0,0,0,0,0,0,0,0,0,0,0,0,0,0,0,0,0,0,0,0,0,0,0,0,0,0,0,0,0,0,0,0,20,0,0,0,0,0,0,0,0,0,0,0,0,0,0,0,0,0,0,0,0,0,0,0,0,0,0,0,0,0,0,0,0,0,0,0,0,0,0,0,0,0,0,0,0,0,0,0,0,0,0,0,0,0,0,0,0,0,0,0,0,0,0,0,0,0,0,0,0,0,0,0,0,0,0,0,0,0,0,0,0,0,0,0,0,0,0,0,0,0,0,0,0,0,0,0,0,0,0,0,0,0,0,0,0,0,0,0,0,0,0,0,0,0,0,0,0,0,0,0,0,0,0,0,0,0,0,0,0,0,0,0,0,0,0,0,0,0,0,0,0,0,0,0,0,0,0,0,0,0,0,0,0,0,0,0,0,0,0,0,0,0,0,0,0,0,0,0,0,0,0,0,0,0,0,0,0,0,0,0,0,0,0,0,0,0,0,0,0
ALMP,0,0,0,0,0,0,0,2,0,0,0,0,0,0,0,0,0,0,0,0,0,0,0,0,0,0,0,0,0,0,0,0,0,0,0,0,0,0,0,0,0,0,0,0,0,0,0,0,0,0,0,0,0,0,0,0,0,0,0,0,0,0,0,0,0,0,0,0,0,0,0,0,0,0,0,0,0,0,0,0,0,0,0,0,0,0,0,0,0,0,0,0,0,0,0,0,0,0,0,0,0,0,0,0,0,0,0,0,0,0,0,0,0,0,0,0,0,0,0,0,0,0,0,0,0,0,0,0,0,0,0,0,0,0,0,0,0,0,0,0,0,0,0,0,0,0,0,0,0,0,0,0,0,0,0,0,0,0,0,0,0,0,0,0,0,0,0,0,0,0,0,0,0,0,0,0,0,0,0,0,0,0,0,0,0,0,0,0,0,0,0,0,0,0,0,0,0,0,0,0,0,0,0,0,0,0,0,0,0,0,0,0,0,0,0,0,0,0,0,0,0,0,0,0,0,0,0,0,0,0,0,0,0,0,0,0,0,0,0,0,0,0,0,0,0,0,0,0,0,0,0,0,0,0,0,0,0,0,0,0,0,0,0,0,0,0,0,0,0,0,0,0,0,0,0,0,0,0,0,0,0,0,0,0,0,0,0,0,0,0,0,0,0,0,0,0,0,0,0,0,0,0,0,0,0,0,0,0,0,0,0,0,0,0,0,0,0,0,0,0,0,0,0,0,0,0,0,0,0,0,0,0,0,0,0,0,0,0,0,0,0,0,0,0,0,0,0,0,0,0,0,0,0,0,0,0,0,0,0,0,0,0,0,0,0,0,0,0,0,0,0,0,0,0,0,0,0,0,0,0,0,0,0,0,0,0,0,0,0,0,0,0,0,0,0,0,0,18,0,0,0,0,0,0,0,0,0,0,0,0,0,0,0,0,0,0,0,0,0,0,0,0
AMA,29,28,0,0,0,0,0,0,0,0,0,0,0,2,1,0,0,92,0,0,92,0,0,43,44,46,166,0,0,0,33,40,0,37,42,0,31,0,44,35,0,44,44,73,0,0,0,0,0,0,0,125,10,0,0,0,24,24,0,57,13,0,0,97,0,0,0,17,17,0,78,0,0,63,63,63,50,41,8,7,55,0,18,0,60,61,0,0,0,24,0,56,16,18,0,0,0,32,0,0,0,0,39,0,0,7,0,34,33,0,0,58,0,0,0,0,0,57,60,0,58,0,0,0,0,0,0,0,0,0,0,0,0,0,84,0,0,0,0,0,46,44,30,0,0,0,0,0,0,0,0,30,0,0,0,0,0,0,0,69,0,125,0,0,0,0,45,0,0,0,99,101,0,0,0,0,0,0,0,55,53,0,0,0,28,26,0,0,0,0,75,0,0,0,0,0,0,138,51,50,18,19,0,8,14,15,0,0,49,0,0,0,0,63,63,63,0,0,0,0,0,0,0,24,0,0,0,0,0,0,0,22,0,0,0,0,0,0,0,0,31,33,49,0,0,50,31,0,0,0,0,0,0,0,0,0,93,0,0,20,0,0,0,0,0,0,0,0,0,0,54,0,0,0,39,109,0,0,0,0,0,0,39,0,0,0,72,0,0,0,0,0,0,143,0,0,63,0,0,0,82,0,59,64,65,64,61,60,62,63,63,0,0,68,138,138,0,0,0,0,4,0,0,0,0,0,0,0,0,59,0,58,57,0,0,0,0,0,24,0,0,0,0,68,0,68,92,68,68,0,0,0,52,0,18,0,17,0,0,16,16,0,17,17,0,0,0,0,0,54,0,0,0,0,0,0,0,0,0,33,0,0,0,27,0,0,0,0,32,88,0,33,36,0,0,0,0,28,0,0,0,0,0,0,0,0,0,38,0,0,0,0,0,0,0,0,0,0,0,0,0,0
AMF,45,29,0,0,0,0,0,0,0,0,0,0,2,0,2,4,2,97,0,0,99,0,0,43,42,46,206,0,0,0,42,45,0,41,43,0,43,0,49,40,0,45,45,112,0,0,0,0,0,0,0,123,12,0,0,0,33,26,0,67,15,0,0,106,0,0,0,16,15,0,80,0,0,88,65,65,52,42,9,8,57,0,21,0,74,62,0,0,0,39,0,66,17,19,0,0,0,33,0,0,0,0,40,0,0,9,0,38,38,0,0,72,0,0,0,0,0,58,62,0,56,0,0,0,0,0,0,0,0,0,0,0,0,0,86,0,0,0,0,0,53,50,47,0,0,0,0,0,0,0,0,31,0,0,0,0,0,0,0,102,0,123,0,0,0,0,46,0,0,0,106,108,0,0,0,0,0,0,0,64,63,0,0,0,30,28,0,0,0,0,77,0,0,0,0,0,0,136,69,51,29,30,0,6,16,17,0,0,56,0,0,0,0,65,65,65,0,0,0,0,0,0,0,25,0,0,0,0,0,0,0,24,0,0,0,0,0,0,0,0,32,34,51,0,0,52,32,0,0,0,0,0,0,0,0,0,95,0,0,22,0,0,0,0,0,0,0,0,0,0,62,0,0,0,40,117,0,0,0,0,0,0,40,0,0,0,74,0,0,0,0,0,0,141,0,0,84,0,0,0,84,0,67,78,77,72,63,62,64,82,81,0,0,70,136,136,0,0,0,0,5,0,0,0,0,0,0,0,0,57,0,71,69,0,0,0,0,0,22,0,0,0,0,91,0,69,92,96,92,0,0,0,53,0,21,0,25,0,0,18,18,0,22,19,0,0,0,0,0,55,0,0,0,0,0,0,0,0,0,35,0,0,0,28,0,0,0,0,37,92,0,34,37,0,0,0,0,31,0,0,0,0,0,0,0,0,0,56,0,0,0,0,0,0,0,0,0,0,0,0,0,0
AMFGA,29,28,0,0,0,0,0,0,0,0,0,0,1,2,0,0,1,91,0,0,92,0,0,42,43,45,165,0,0,0,33,39,0,37,42,0,31,0,43,35,0,44,44,74,0,0,0,0,0,0,0,124,11,0,0,0,25,25,0,56,13,0,0,96,0,0,0,17,16,0,78,0,0,64,64,64,51,42,7,7,56,0,18,0,59,61,0,0,0,25,0,57,16,17,0,0,0,32,0,0,0,0,38,0,0,8,0,34,33,0,0,58,0,0,0,0,0,56,60,0,57,0,0,0,0,0,0,0,0,0,0,0,0,0,84,0,0,0,0,0,47,45,31,0,0,0,0,0,0,0,0,30,0,0,0,0,0,0,0,70,0,124,0,0,0,0,46,0,0,0,99,101,0,0,0,0,0,0,0,55,53,0,0,0,28,27,0,0,0,0,74,0,0,0,0,0,0,137,52,51,19,20,0,7,14,15,0,0,48,0,0,0,0,64,64,64,0,0,0,0,0,0,0,24,0,0,0,0,0,0,0,23,0,0,0,0,0,0,0,0,33,34,49,0,0,50,31,0,0,0,0,0,0,0,0,0,94,0,0,19,0,0,0,0,0,0,0,0,0,0,55,0,0,0,39,109,0,0,0,0,0,0,40,0,0,0,73,0,0,0,0,0,0,142,0,0,64,0,0,0,81,0,59,65,66,64,62,61,63,64,64,0,0,69,137,137,0,0,0,0,4,0,0,0,0,0,0,0,0,58,0,58,57,0,0,0,0,0,23,0,0,0,0,69,0,69,93,69,69,0,0,0,52,0,18,0,18,0,0,16,17,0,18,18,0,0,0,0,0,55,0,0,0,0,0,0,0,0,0,33,0,0,0,27,0,0,0,0,32,87,0,33,36,0,0,0,0,27,0,0,0,0,0,0,0,0,0,39,0,0,0,0,0,0,0,0,0,0,0,0,0,0
AMFS,0,0,0,0,0,0,0,0,0,0,0,0,0,4,0,0,0,0,0,0,0,0,0,0,0,0,0,0,0,0,0,0,0,0,0,0,0,0,0,0,0,0,0,0,0,0,0,0,0,0,0,0,0,0,0,0,0,0,0,0,0,0,0,0,0,0,0,0,0,0,0,0,0,0,0,0,0,0,0,0,0,0,0,0,0,0,0,0,0,0,0,0,0,0,0,0,0,0,0,0,0,0,0,0,0,0,0,0,0,0,0,0,0,0,0,0,0,0,0,0,0,0,0,0,0,0,0,0,0,0,0,0,0,0,0,0,0,0,0,0,0,0,0,0,0,0,0,0,0,0,0,0,0,0,0,0,0,0,0,0,0,0,0,0,0,0,0,0,0,0,0,0,0,0,0,0,0,0,0,0,0,0,0,0,0,0,0,0,0,0,0,0,0,0,0,0,0,0,0,0,0,0,0,0,0,0,0,0,0,0,0,0,0,0,0,0,0,0,0,0,0,0,0,0,0,0,0,0,0,0,0,0,0,0,0,0,0,0,0,0,0,0,0,0,0,0,0,0,0,0,0,0,0,0,0,0,0,0,0,0,0,10,0,0,0,0,0,0,0,0,0,0,0,0,0,0,0,0,0,0,0,0,0,0,0,0,0,0,0,0,0,0,0,0,0,0,0,0,0,0,0,0,0,0,0,0,0,0,0,0,0,0,0,0,0,0,0,0,0,0,0,0,0,0,0,0,0,0,0,0,0,0,0,0,0,0,0,0,0,0,0,0,0,0,0,0,0,0,0,0,0,0,0,0,0,0,0,0,0,0,0,0,0,0,0,0,0,0,0,0,0,0,0,0,0,0,0,0,0,0,0,0,0,0,0,0,0,0,0,0,0,0,0,0,0,0,0,0,0,0,0,0,0,0,0,0,0,0,0,0,0,0,0,0,0,0,0,0,0,0,0,0
AMFVA,29,28,0,0,0,0,0,0,0,0,0,0,0,2,1,0,0,92,0,0,92,0,0,43,44,46,166,0,0,0,33,40,0,37,42,0,31,0,44,35,0,44,44,73,0,0,0,0,0,0,0,125,10,0,0,0,24,24,0,57,13,0,0,97,0,0,0,17,17,0,78,0,0,63,63,63,50,41,8,7,55,0,18,0,60,61,0,0,0,24,0,56,16,18,0,0,0,32,0,0,0,0,39,0,0,7,0,34,33,0,0,58,0,0,0,0,0,57,60,0,58,0,0,0,0,0,0,0,0,0,0,0,0,0,84,0,0,0,0,0,46,44,30,0,0,0,0,0,0,0,0,30,0,0,0,0,0,0,0,69,0,125,0,0,0,0,45,0,0,0,99,101,0,0,0,0,0,0,0,55,53,0,0,0,28,26,0,0,0,0,75,0,0,0,0,0,0,138,51,50,18,19,0,8,14,15,0,0,49,0,0,0,0,63,63,63,0,0,0,0,0,0,0,24,0,0,0,0,0,0,0,22,0,0,0,0,0,0,0,0,31,33,49,0,0,50,31,0,0,0,0,0,0,0,0,0,93,0,0,20,0,0,0,0,0,0,0,0,0,0,54,0,0,0,39,109,0,0,0,0,0,0,39,0,0,0,72,0,0,0,0,0,0,143,0,0,63,0,0,0,82,0,59,64,65,64,61,60,62,63,63,0,0,68,138,138,0,0,0,0,4,0,0,0,0,0,0,0,0,59,0,58,57,0,0,0,0,0,24,0,0,0,0,68,0,68,92,68,68,0,0,0,52,0,18,0,17,0,0,16,16,0,17,17,0,0,0,0,0,54,0,0,0,0,0,0,0,0,0,33,0,0,0,27,0,0,0,0,32,88,0,33,36,0,0,0,0,28,0,0,0,0,0,0,0,0,0,38,0,0,0,0,0,0,0,0,0,0,0,0,0,0
AML,142,114,0,0,0,0,0,0,0,0,0,0,92,97,91,0,92,0,0,0,2,0,0,54,49,51,185,0,0,0,139,142,0,138,121,0,140,0,146,137,0,123,123,189,0,0,0,0,0,0,0,35,109,0,0,0,130,115,0,164,105,0,0,9,0,0,0,75,75,0,169,0,0,185,154,154,138,126,106,94,144,0,118,0,171,138,0,0,0,136,0,163,102,102,0,0,0,113,0,0,0,0,118,0,0,106,0,135,135,0,0,169,0,0,0,0,0,39,35,0,35,0,0,0,0,0,0,0,0,0,0,0,0,0,176,0,0,0,0,0,150,147,140,0,0,0,0,0,0,0,0,112,0,0,0,0,0,0,0,179,0,35,0,0,0,0,117,0,0,0,14,16,0,0,0,0,0,0,0,161,160,0,0,0,120,118,0,0,0,0,20,0,0,0,0,0,0,47,146,118,126,127,0,103,113,114,0,0,153,0,0,0,0,153,153,153,0,0,0,0,0,0,0,107,0,0,0,0,0,0,0,108,0,0,0,0,0,0,0,0,109,110,141,0,0,142,112,0,0,0,0,0,0,0,0,0,185,0,0,119,0,0,0,0,0,0,0,0,0,0,159,0,0,0,118,25,0,0,0,0,0,0,113,0,0,0,164,0,0,0,0,0,0,54,0,0,181,0,0,0,13,0,164,175,174,169,153,152,154,179,178,0,0,160,47,47,0,0,0,0,95,0,0,0,0,0,0,0,0,33,0,168,166,0,0,0,0,0,68,0,0,0,0,168,0,140,109,173,169,0,0,0,44,0,118,0,122,0,0,115,108,0,119,108,0,0,0,0,0,121,0,0,0,0,0,0,0,0,0,116,0,0,0,109,0,0,0,0,134,5,0,114,117,0,0,0,0,128,0,0,0,0,0,0,0,0,0,149,0,0,0,0,0,0,0,0,0,0,0,0,0,0
AMPO,0,0,0,0,0,0,0,0,12,5,0,0,0,0,0,0,0,0,0,0,0,0,0,0,0,0,0,0,0,0,0,0,0,0,0,0,0,0,0,0,0,0,0,0,0,0,0,0,0,0,0,0,0,0,0,0,0,0,0,0,0,0,0,0,0,0,0,0,0,0,0,0,0,0,0,0,0,0,0,0,0,0,0,0,0,0,0,0,0,0,0,0,0,0,0,0,0,0,0,0,0,0,0,0,0,0,0,0,0,0,0,0,0,0,0,0,0,0,0,0,0,0,0,0,0,0,0,0,0,0,0,0,0,0,0,0,0,0,0,0,0,0,0,0,0,0,0,0,0,0,0,0,0,0,0,0,0,0,0,0,0,0,0,0,0,0,0,0,0,0,0,0,0,0,0,0,0,0,0,0,0,0,0,0,0,0,0,0,0,0,0,0,0,0,0,0,0,0,0,0,0,0,0,0,0,0,0,0,0,0,0,0,0,0,0,0,0,0,0,0,0,0,0,0,0,0,0,0,0,0,0,0,0,0,0,0,0,0,0,0,0,0,0,0,0,0,0,0,0,0,0,0,0,0,0,0,0,0,0,0,0,0,0,0,0,0,0,0,0,0,0,0,0,0,0,0,0,0,0,0,0,0,0,0,0,0,0,0,0,0,0,0,0,0,0,0,0,0,0,0,0,0,0,0,0,0,0,0,0,0,0,0,0,0,0,0,0,0,0,0,0,0,0,0,0,0,0,0,0,0,0,0,0,0,0,0,0,0,0,0,0,0,0,0,0,0,0,0,0,0,0,0,0,0,0,0,0,0,0,0,0,0,0,0,0,0,0,0,0,0,0,0,0,0,0,0,0,0,0,0,0,0,0,0,0,0,0,0,0,0,0,0,0,0,0,0,0,0,0,0,0,0,0,0,0,0,0,0,0,0,0,0,0,0,0,0,0,0,0,0,0,0
AMR,0,0,0,0,0,0,0,0,0,0,0,0,0,0,0,0,0,0,0,0,0,2,0,0,0,0,0,0,0,0,0,0,0,0,0,0,0,0,0,0,0,0,0,0,0,0,0,0,0,0,0,0,0,0,0,0,0,0,0,0,0,0,0,0,0,0,0,0,0,0,0,0,0,0,0,0,0,0,0,0,0,0,0,0,0,0,0,0,0,0,0,0,0,0,0,0,0,0,0,0,0,0,0,0,0,0,0,0,0,0,0,0,0,0,0,0,0,0,0,0,0,0,0,0,0,0,0,0,0,0,0,0,0,0,0,0,0,0,0,0,0,0,0,0,0,0,0,0,0,0,0,0,0,0,0,0,0,0,0,0,0,0,0,0,0,0,0,0,0,0,0,0,0,0,0,0,0,0,0,0,0,6,0,0,0,0,0,0,0,0,0,0,0,0,0,0,0,0,0,0,0,0,0,0,0,0,0,0,0,0,0,0,0,0,0,0,0,0,0,0,0,0,0,0,0,0,0,0,0,0,0,0,0,0,0,0,0,0,0,0,0,0,0,0,0,0,0,0,0,0,0,0,0,0,0,0,0,0,0,0,0,0,0,0,0,0,0,0,0,0,0,0,0,0,0,0,0,0,0,0,0,0,0,0,0,0,0,0,0,0,0,0,0,0,0,0,0,0,0,0,0,0,0,0,0,0,0,0,0,0,0,0,0,0,0,0,0,0,0,0,0,0,0,0,0,0,0,0,0,0,0,0,0,0,0,0,0,0,0,0,0,0,0,0,0,0,0,0,0,0,0,0,0,0,0,0,0,0,0,0,0,0,0,0,0,0,0,0,0,0,0,0,0,0,0,0,0,0,0,0,0,0,0,0,0,0,0,0,0,0,0,0,0,0,0,0,0,0,0,0,0,0,0,0,0,0,0,0,0,0,0,0,0,0,0,0,0,0,0,0,0,0
AMRI,144,115,0,0,0,0,0,0,0,0,0,0,92,99,92,0,92,2,0,0,0,0,0,56,49,53,187,0,0,0,141,144,0,140,122,0,142,0,148,139,0,124,124,191,0,0,0,0,0,0,0,34,111,0,0,0,132,116,0,166,105,0,0,7,0,0,0,75,76,0,170,0,0,187,154,154,138,126,108,95,144,0,120,0,173,139,0,0,0,138,0,165,102,103,0,0,0,114,0,0,0,0,119,0,0,108,0,137,137,0,0,171,0,0,0,0,0,41,37,0,35,0,0,0,0,0,0,0,0,0,0,0,0,0,176,0,0,0,0,0,152,149,142,0,0,0,0,0,0,0,0,113,0,0,0,0,0,0,0,181,0,34,0,0,0,0,117,0,0,0,12,14,0,0,0,0,0,0,0,163,162,0,0,0,120,119,0,0,0,0,22,0,0,0,0,0,0,47,148,118,128,129,0,105,115,116,0,0,155,0,0,0,0,153,154,154,0,0,0,0,0,0,0,108,0,0,0,0,0,0,0,108,0,0,0,0,0,0,0,0,109,110,141,0,0,142,113,0,0,0,0,0,0,0,0,0,186,0,0,121,0,0,0,0,0,0,0,0,0,0,161,0,0,0,119,23,0,0,0,0,0,0,113,0,0,0,164,0,0,0,0,0,0,53,0,0,183,0,0,0,15,0,166,177,176,171,153,152,154,181,180,0,0,160,47,47,0,0,0,0,96,0,0,0,0,0,0,0,0,34,0,170,168,0,0,0,0,0,69,0,0,0,0,170,0,140,108,175,171,0,0,0,46,0,120,0,124,0,0,117,109,0,121,108,0,0,0,0,0,121,0,0,0,0,0,0,0,0,0,117,0,0,0,110,0,0,0,0,136,7,0,115,117,0,0,0,0,130,0,0,0,0,0,0,0,0,0,151,0,0,0,0,0,0,0,0,0,0,0,0,0,0
AMRN,0,0,0,0,0,0,0,0,0,0,0,0,0,0,0,0,0,0,0,2,0,0,0,0,0,0,0,0,0,0,0,0,0,0,0,0,0,0,0,0,0,0,0,0,0,0,0,0,0,0,0,0,0,0,0,0,0,0,0,0,0,0,0,0,0,0,0,0,0,0,0,0,0,0,0,0,0,0,0,0,0,0,0,0,0,0,0,0,0,0,0,0,0,0,0,0,0,0,0,0,0,0,0,0,0,0,0,0,0,0,0,0,0,0,0,0,0,0,0,0,0,0,0,0,0,0,0,0,0,0,0,0,0,0,0,0,0,0,0,0,0,0,0,0,0,0,0,0,0,0,0,0,0,0,0,0,0,0,0,0,0,0,0,0,0,0,0,0,0,0,0,0,0,0,0,0,0,0,0,0,0,0,0,0,0,0,0,0,0,0,0,0,0,0,0,0,0,0,0,0,0,0,0,0,0,0,0,6,0,0,0,0,0,0,0,0,0,0,0,0,0,0,0,0,0,0,0,0,0,0,0,0,0,0,0,0,0,0,0,0,0,0,0,0,0,0,0,0,0,0,0,0,0,0,0,0,0,0,0,0,0,0,0,0,0,0,0,0,0,0,0,0,0,0,0,0,0,0,0,0,0,0,0,0,0,0,0,0,0,0,0,0,0,0,0,0,0,0,0,0,0,0,0,0,0,0,0,0,0,0,0,0,0,0,0,0,0,0,0,0,0,0,0,0,0,0,0,0,0,0,0,0,0,0,0,0,0,0,0,0,0,0,0,0,0,0,0,0,0,0,0,0,0,0,0,0,0,0,0,0,0,0,0,0,0,0,0,0,0,0,0,0,0,0,0,0,0,0,0,0,0,0,0,0,0,0,0,0,0,0,0,0,0,0,0,0,0,0,0,0,0,0,0,0,0,0,0,0,0,0,0,0,0,0,0,0,0,0,0,0,0,0
ANA,0,0,0,0,0,0,0,0,0,0,0,0,0,0,0,0,0,0,0,0,0,0,0,0,0,0,0,0,0,0,0,0,0,0,0,0,0,0,0,0,0,0,0,0,0,0,0,0,0,0,0,0,0,0,0,0,0,0,0,0,0,0,0,0,0,0,0,0,0,0,0,0,0,0,0,0,0,0,0,0,0,0,0,0,0,0,0,0,0,0,0,0,0,0,0,0,0,0,0,0,0,0,0,0,0,0,0,0,0,0,0,0,0,0,0,0,0,0,0,0,0,0,0,0,0,0,0,0,0,0,0,0,0,0,0,0,0,0,0,0,0,0,0,0,0,0,0,0,0,0,0,0,0,0,0,0,0,0,0,0,0,0,0,0,0,0,0,0,9,0,0,0,0,0,0,0,0,0,0,0,0,0,0,0,0,0,0,0,0,0,0,0,0,0,0,0,0,0,0,0,0,0,0,0,0,0,0,0,0,0,0,0,0,0,0,0,0,0,0,0,0,0,0,0,0,0,0,0,0,0,0,0,0,0,0,0,0,0,0,0,0,0,0,0,0,0,0,0,0,0,0,0,0,0,0,0,0,0,0,0,0,0,0,0,0,0,0,0,0,0,0,0,0,0,0,0,0,0,0,0,0,0,0,0,0,0,0,0,0,0,0,0,0,0,0,0,0,0,0,0,0,0,0,0,0,0,0,0,0,0,0,0,0,0,0,0,0,0,0,0,0,0,11,0,0,0,0,0,0,0,0,0,0,0,0,0,0,0,0,0,0,0,0,0,0,0,0,0,0,0,0,0,0,0,0,0,0,0,0,0,0,0,0,0,0,0,0,0,0,0,0,0,0,0,0,0,0,0,0,0,0,0,0,0,0,0,0,0,0,0,0,0,0,0,0,0,0,0,0,0,0,0,0,0,0,0,0,0,0,0,0,0,0,0,0,0,0,0,0,0,0,0
APD,88,67,0,0,0,0,0,0,0,0,0,0,43,43,42,0,43,54,0,0,56,0,0,0,1,3,186,0,0,0,85,88,0,84,77,0,86,0,92,83,0,79,79,152,0,0,0,0,0,0,0,82,55,0,0,0,76,67,0,110,56,0,0,63,0,0,0,26,26,0,120,0,0,131,105,105,89,77,52,46,95,0,64,0,117,95,0,0,0,82,0,109,55,55,0,0,0,68,0,0,0,0,74,0,0,52,0,81,81,0,0,115,0,0,0,0,0,15,19,0,15,0,0,0,0,0,0,0,0,0,0,0,0,0,126,0,0,0,0,0,96,93,90,0,0,0,0,0,0,0,0,67,0,0,0,0,0,0,0,142,0,82,0,0,0,0,71,0,0,0,63,65,0,0,0,0,0,0,0,107,106,0,0,0,71,69,0,0,0,0,34,0,0,0,0,0,0,95,109,73,72,73,0,49,59,60,0,0,99,0,0,0,10,103,104,104,0,0,0,0,0,0,0,61,0,0,0,0,0,0,0,59,0,0,0,0,0,0,0,0,61,62,91,0,0,92,67,0,0,0,0,0,0,0,0,0,136,0,0,65,0,0,0,0,0,0,0,0,0,0,105,0,0,0,74,74,0,0,0,0,0,0,66,0,0,0,114,0,0,0,0,0,0,100,0,0,127,0,0,0,41,0,110,121,120,115,104,102,104,125,124,0,0,110,95,95,0,0,0,0,46,0,0,0,0,0,0,0,0,16,0,114,112,0,0,0,0,0,19,0,0,0,0,131,0,95,85,136,132,0,0,0,10,0,64,0,68,0,0,61,59,0,65,59,0,0,0,0,0,77,0,0,0,0,0,0,0,0,0,71,0,0,0,64,0,0,0,0,80,49,0,69,72,0,0,0,0,74,0,0,0,0,0,0,0,0,0,99,0,0,0,0,0,0,0,0,0,0,0,0,0,0
APDA,69,68,0,0,0,0,0,0,0,0,0,0,44,42,43,0,44,49,0,0,49,0,0,1,0,2,138,0,0,0,71,76,0,73,78,0,70,0,80,72,0,80,80,107,0,0,0,0,0,0,0,81,54,0,0,0,68,68,0,95,56,0,0,53,0,0,0,26,27,0,121,0,0,105,106,106,89,77,48,47,95,0,56,0,95,96,0,0,0,59,0,100,55,56,0,0,0,69,0,0,0,0,75,0,0,51,0,71,71,0,0,95,0,0,0,0,0,13,17,0,14,0,0,0,0,0,0,0,0,0,0,0,0,0,127,0,0,0,0,0,90,87,61,0,0,0,0,0,0,0,0,67,0,0,0,0,0,0,0,100,0,81,0,0,0,0,71,0,0,0,56,58,0,0,0,0,0,0,0,93,91,0,0,0,71,70,0,0,0,0,31,0,0,0,0,0,0,94,74,73,59,59,0,36,55,55,0,0,86,0,0,0,0,104,105,105,0,0,0,0,0,0,0,62,0,0,0,0,0,0,0,59,0,0,0,0,0,0,0,0,61,63,92,0,0,93,68,0,0,0,0,0,0,0,0,0,137,0,0,57,0,0,0,0,0,0,0,0,0,0,97,0,0,0,75,66,0,0,0,0,0,0,67,0,0,0,115,0,0,0,0,0,0,99,0,0,106,0,0,0,38,0,102,107,108,107,105,103,105,106,106,0,0,111,94,94,0,0,0,0,47,0,0,0,0,0,0,0,0,15,0,95,95,0,0,0,0,0,20,0,0,0,0,95,0,96,85,98,96,0,0,0,9,0,61,0,59,0,0,59,60,0,60,60,0,0,0,0,0,77,0,0,0,0,0,0,0,0,0,72,0,0,0,64,0,0,0,0,76,45,0,70,73,0,0,0,0,65,0,0,0,0,0,0,0,0,0,66,0,0,0,0,0,0,0,0,0,0,0,0,0,0
APDO,91,70,0,0,0,0,0,0,0,0,0,0,46,46,45,0,46,51,0,0,53,0,0,3,2,0,183,0,0,0,88,91,0,87,79,0,89,0,95,86,0,81,81,155,0,0,0,0,0,0,0,79,58,0,0,0,79,69,0,113,58,0,0,60,0,0,0,28,29,0,123,0,0,134,107,107,91,79,55,49,97,0,67,0,120,98,0,0,0,85,0,112,57,58,0,0,0,71,0,0,0,0,76,0,0,55,0,84,84,0,0,118,0,0,0,0,0,12,16,0,12,0,0,0,0,0,0,0,0,0,0,0,0,0,129,0,0,0,0,0,99,96,93,0,0,0,0,0,0,0,0,69,0,0,0,0,0,0,0,145,0,79,0,0,0,0,73,0,0,0,65,67,0,0,0,0,0,0,0,110,109,0,0,0,73,72,0,0,0,0,31,0,0,0,0,0,0,92,112,75,75,76,0,52,62,63,0,0,102,0,0,0,0,106,107,107,0,0,0,0,0,0,0,63,0,0,0,0,0,0,0,61,0,0,0,0,0,0,0,0,63,65,94,0,0,95,70,0,0,0,0,0,0,0,0,0,139,0,0,68,0,0,0,0,0,0,0,0,0,0,108,0,0,0,77,76,0,0,0,0,0,0,69,0,0,0,117,0,0,0,0,0,0,97,0,0,130,0,0,0,38,0,113,124,123,118,106,105,107,128,127,0,0,113,92,92,0,0,0,0,49,0,0,0,0,0,0,0,0,14,0,117,115,0,0,0,0,0,22,0,0,0,0,134,0,97,86,139,135,0,0,0,7,0,67,0,71,0,0,64,62,0,68,61,0,0,0,0,0,79,0,0,0,0,0,0,0,0,0,73,0,0,0,66,0,0,0,0,83,46,0,71,74,0,0,0,0,77,0,0,0,0,0,0,0,0,0,102,0,0,0,0,0,0,0,0,0,0,0,0,0,0
APG,251,172,0,0,0,0,0,0,0,0,0,0,166,206,165,0,166,185,0,0,187,0,0,186,138,183,0,0,0,0,248,251,0,247,169,0,249,0,255,246,0,170,170,318,0,0,0,0,0,0,0,115,218,0,0,0,239,180,0,273,176,0,0,194,0,0,0,155,155,0,236,0,0,294,225,225,215,207,215,164,220,0,227,0,280,176,0,0,0,245,0,272,165,164,0,0,0,167,0,0,0,0,168,0,0,215,0,244,244,0,0,278,0,0,0,0,0,171,175,0,128,0,0,5,0,0,0,0,0,0,0,0,0,0,239,0,0,0,0,0,259,256,253,0,0,0,0,0,0,0,0,167,0,0,0,0,0,0,0,308,0,115,0,0,0,0,206,0,0,0,199,201,0,0,0,0,0,0,0,270,269,0,0,0,187,186,0,0,0,0,190,0,0,0,0,0,0,116,275,209,235,236,0,212,222,223,0,0,262,0,0,0,0,227,226,226,0,0,0,0,0,0,0,165,0,0,0,0,0,0,0,188,0,0,9,0,0,0,0,0,194,196,208,0,0,209,167,0,0,0,0,0,0,0,0,0,245,0,0,228,0,0,0,0,0,0,0,0,0,0,268,0,0,0,168,210,0,0,0,0,0,0,201,0,0,0,232,0,0,0,0,0,0,123,0,0,290,0,0,0,188,0,273,284,283,278,221,219,221,288,287,0,0,228,116,116,0,0,0,0,168,0,0,0,0,0,0,0,0,128,0,277,275,0,0,0,0,0,149,0,0,0,0,297,0,231,216,302,298,0,0,0,176,0,227,0,231,0,0,224,179,0,228,181,0,0,0,0,0,213,0,0,0,0,0,0,0,0,0,171,0,0,0,166,0,0,0,0,243,180,0,167,168,0,0,0,0,237,0,0,0,0,0,0,0,0,0,262,0,0,0,0,0,0,0,0,0,0,0,0,0,0
APN,0,0,0,0,0,0,0,0,0,0,0,0,0,0,0,0,0,0,0,0,0,0,0,0,0,0,0,0,0,0,0,0,0,0,0,0,0,0,0,0,0,0,0,0,0,9,0,0,0,0,0,0,0,0,0,0,0,0,0,0,0,0,0,0,0,0,0,0,0,0,0,0,0,0,0,0,0,0,0,0,0,6,0,0,0,0,0,0,0,0,0,0,0,0,0,0,0,0,0,0,0,0,0,0,0,0,0,0,0,0,0,0,0,0,0,0,0,0,0,0,0,0,0,0,0,0,0,0,0,0,0,0,0,0,0,0,0,0,0,0,0,0,0,0,0,0,0,0,0,0,0,0,0,0,0,0,0,0,0,0,0,0,0,0,0,0,0,0,0,0,0,0,0,0,0,0,0,0,0,0,0,0,0,0,0,0,0,0,0,0,0,0,0,0,0,0,0,0,0,0,0,0,0,0,0,0,0,0,0,0,0,0,0,0,0,0,0,0,0,0,0,0,0,0,0,0,0,0,14,0,0,0,0,0,0,0,0,0,0,0,0,0,0,0,0,0,0,0,0,0,0,0,0,0,0,0,0,0,0,0,0,0,0,0,0,0,0,0,0,0,0,0,0,0,0,0,0,0,0,0,0,0,0,0,0,0,0,0,0,0,0,0,0,0,0,0,0,0,0,0,0,0,0,0,0,0,0,0,0,0,0,0,0,0,0,0,0,0,0,0,0,0,0,0,0,0,0,0,0,0,0,0,0,0,0,0,0,0,0,0,0,0,0,0,0,0,0,0,0,0,0,0,0,0,0,0,0,0,0,0,0,0,0,0,0,0,0,0,0,0,0,0,0,0,0,0,0,0,0,0,0,0,0,0,0,0,0,0,0,0,0,0,0,0,0,0,0,0,0,0,0,0,0,0,0,0,0,0,0,0,0,0,0,0,0,0,0,0,0,0,0,0
ARN,0,0,0,0,0,0,0,0,0,0,0,0,0,0,0,0,0,0,0,0,0,0,0,0,0,0,0,0,0,0,0,0,0,0,0,0,0,0,0,0,0,0,0,0,0,0,0,0,0,0,0,0,0,0,0,0,0,0,0,0,0,0,0,0,0,0,0,0,0,0,0,0,0,0,0,0,0,0,0,0,0,0,0,0,0,0,0,0,0,0,0,0,0,0,0,0,0,0,0,0,0,0,0,0,0,0,0,0,0,0,0,0,0,0,0,0,0,0,0,0,0,0,0,0,0,0,0,0,0,0,0,0,0,0,0,0,0,0,0,0,0,0,0,0,0,0,0,0,0,0,0,0,0,18,0,0,0,0,0,0,0,0,0,0,0,0,0,0,0,0,0,0,0,0,0,0,0,0,0,0,0,0,0,0,0,0,0,0,0,0,0,0,0,0,0,0,0,0,0,0,0,0,0,0,0,0,0,0,0,0,0,0,0,0,0,0,0,0,0,0,0,0,0,0,0,0,0,0,0,0,0,0,0,0,0,0,0,0,0,0,0,0,0,4,0,0,0,0,0,0,0,0,0,0,0,0,0,0,0,0,0,0,0,0,0,0,0,0,0,0,0,0,0,0,0,0,0,0,0,0,0,0,0,0,0,0,0,0,0,0,0,0,0,0,0,0,0,0,0,0,0,0,0,0,0,0,0,0,0,0,0,0,0,0,0,0,0,0,0,0,0,0,0,0,0,0,0,0,0,0,0,0,0,0,0,0,0,0,0,0,0,0,0,0,0,0,0,0,0,0,0,0,0,0,0,0,0,0,0,0,0,0,0,0,0,0,0,0,0,0,0,0,0,0,0,0,0,0,0,0,0,0,0,0,0,0,0,0,0,0,0,0,0,0,0,0,0,0,0,0,0,0,0,0,0,0,0,0,0,0,0,0,0,0,0,0,0,0,0,0,0,0
ASA,0,0,0,0,0,0,0,0,0,0,0,0,0,0,0,0,0,0,0,0,0,0,0,0,0,0,0,0,0,0,0,5,0,0,0,0,0,0,0,0,0,0,0,0,0,0,0,0,0,0,0,0,0,0,0,0,0,0,0,0,0,0,0,0,0,0,0,0,0,0,0,0,0,0,0,0,0,0,0,0,0,0,0,0,0,0,0,0,0,0,0,0,0,0,0,0,0,0,0,0,0,0,0,0,0,0,0,0,0,0,0,0,0,0,0,0,0,0,0,3,0,0,0,0,0,0,0,0,0,0,0,0,0,0,0,0,0,0,0,0,0,0,0,0,0,0,0,0,0,0,0,0,0,0,0,0,0,0,0,0,0,0,0,0,0,0,0,0,0,0,0,0,0,0,0,0,0,0,0,0,0,0,0,0,0,0,0,0,0,0,0,0,0,0,0,0,0,0,0,0,0,0,0,0,0,0,0,0,0,0,0,0,0,0,0,0,0,0,0,0,0,0,0,0,0,0,0,0,0,0,0,0,0,0,0,0,0,0,0,0,0,0,0,0,0,0,0,0,0,0,0,0,0,0,0,0,0,0,0,0,0,0,0,0,0,0,0,0,0,0,0,0,0,0,0,0,0,0,0,0,0,0,0,0,0,0,0,0,0,0,0,0,0,0,0,0,0,0,0,0,0,0,0,0,0,0,0,0,0,0,0,0,0,0,0,0,0,0,0,0,0,0,0,0,0,0,0,0,0,0,0,0,0,0,0,0,0,0,0,0,0,0,0,0,0,0,0,0,0,0,0,0,0,0,0,0,0,0,0,0,0,0,0,0,0,0,0,0,0,0,0,0,0,0,0,0,0,0,0,0,0,0,0,0,0,0,0,0,0,0,0,0,0,0,0,0,0,0,0,0,0,0,0,0,0,0,0,0,0,0,0,0,0,0,0,0,0,0,0,0,0,0
ASB,5,5,0,0,0,0,0,0,0,0,0,0,33,42,33,0,33,139,0,0,141,0,0,85,71,88,248,0,0,0,0,10,0,6,10,0,1,0,14,7,0,12,12,120,0,0,0,0,0,0,0,150,38,0,0,0,17,16,0,32,26,0,0,148,0,0,0,48,47,0,65,0,0,87,57,57,54,53,33,26,55,0,21,0,39,28,0,0,0,47,0,65,17,16,0,0,0,4,0,0,0,0,7,0,0,41,0,9,4,0,0,37,0,0,0,0,0,100,104,2,84,0,0,0,0,0,0,0,0,0,0,0,0,0,68,0,0,0,0,0,52,49,55,0,0,0,0,0,0,0,0,5,0,0,0,0,0,0,0,110,0,150,0,0,0,0,67,0,0,0,148,150,0,0,0,0,0,0,0,29,28,0,0,0,23,22,0,0,0,0,119,0,0,0,0,0,0,163,77,72,37,38,0,48,26,25,0,0,21,0,0,0,0,59,58,58,0,0,0,0,0,0,0,10,0,0,0,0,0,0,0,42,0,0,0,0,0,0,0,0,54,55,38,0,0,39,4,0,0,0,0,0,0,0,0,0,75,0,0,20,0,0,0,0,0,0,0,0,0,0,61,0,0,0,8,159,0,0,0,0,0,0,61,0,0,0,61,0,0,0,0,0,0,169,0,0,83,0,0,0,126,0,66,77,76,71,50,49,51,81,80,0,0,58,163,163,0,0,0,0,30,0,0,0,0,0,0,0,0,85,0,36,34,0,0,0,0,0,53,0,0,0,0,99,0,84,123,104,100,0,0,0,95,0,29,0,33,0,0,32,25,0,30,30,0,0,0,0,0,76,0,0,0,0,0,0,0,0,0,1,0,0,0,7,0,0,0,0,36,134,0,4,5,0,0,0,0,11,0,0,0,0,0,0,0,0,0,64,0,0,0,0,0,0,0,0,0,0,0,0,0,0
ASD,15,13,0,0,0,0,0,0,0,0,0,0,40,45,39,0,40,142,0,0,144,0,0,88,76,91,251,0,0,5,10,0,0,4,2,0,11,0,4,5,0,4,4,130,0,0,0,0,0,0,0,154,48,0,0,0,27,24,0,22,34,0,0,151,0,0,0,53,53,0,69,0,0,97,62,62,61,60,36,33,61,0,24,0,29,21,0,0,0,57,0,75,23,22,0,0,0,8,0,0,0,0,1,0,0,48,0,7,10,0,0,27,0,0,0,0,0,103,107,0,88,0,0,0,0,0,0,0,0,0,0,0,0,0,70,0,0,0,0,0,62,59,65,0,0,0,0,0,0,0,0,9,0,0,0,0,0,0,0,120,0,154,0,0,0,0,75,0,0,0,151,153,0,0,0,0,0,0,0,19,18,0,0,0,31,30,0,0,0,0,122,0,0,0,0,0,0,167,87,80,47,48,0,51,29,28,0,0,11,0,0,0,0,65,63,63,0,0,0,0,0,0,0,16,0,0,0,0,0,0,0,50,0,0,0,0,0,0,0,0,62,63,44,0,0,45,9,0,0,0,0,0,0,0,0,0,76,0,0,23,0,0,0,0,0,0,0,0,0,0,71,0,0,0,1,162,0,0,0,0,0,0,69,0,0,0,65,0,0,0,0,0,0,173,0,0,93,0,0,0,129,0,76,87,86,81,55,54,55,91,90,0,0,63,167,167,0,0,0,0,37,0,0,0,0,0,0,0,0,89,0,26,24,0,0,0,0,0,58,0,0,0,0,109,0,91,131,114,110,0,0,0,98,0,39,0,43,0,0,42,34,0,40,38,0,0,0,0,0,84,0,0,0,0,0,0,0,0,0,7,0,0,0,13,0,0,0,0,46,137,0,7,3,0,0,0,0,14,0,0,0,0,0,0,0,0,0,74,0,0,0,0,0,0,3,0,0,0,0,0,0,0
ASDL,0,0,0,0,0,0,0,0,0,0,0,0,0,0,0,0,0,0,0,0,0,0,0,0,0,0,0,0,0,0,0,0,0,0,0,0,0,0,4,0,0,0,0,0,0,0,0,0,0,0,0,0,0,0,0,0,0,0,0,0,0,0,0,0,0,0,0,0,0,0,0,0,0,0,0,0,0,0,0,0,0,0,0,0,0,0,0,0,0,0,0,0,0,0,0,0,0,0,0,0,0,0,0,0,0,0,0,0,0,0,0,0,0,0,0,0,0,0,0,0,0,0,0,0,0,0,0,0,0,0,0,0,0,0,0,0,0,0,0,0,0,0,0,0,0,0,0,0,0,0,0,0,0,0,0,0,0,0,0,0,0,0,0,0,0,0,0,0,0,0,0,0,0,0,0,0,0,0,0,0,0,0,0,0,0,0,0,0,0,0,0,0,0,0,0,0,0,0,0,0,0,0,0,0,0,0,0,0,0,0,0,0,0,0,0,0,0,0,0,0,0,0,0,0,0,0,0,0,0,0,0,0,0,0,0,0,0,0,0,0,0,0,0,0,0,0,0,0,0,0,0,0,0,0,0,0,0,0,0,0,0,0,0,0,0,0,0,0,0,0,0,0,0,0,0,0,0,0,0,0,0,0,0,0,0,0,0,0,0,0,0,0,0,0,0,0,0,0,0,0,0,0,0,0,0,0,0,0,0,0,0,0,0,0,0,0,0,0,0,0,0,0,0,9,0,0,0,0,0,0,0,0,0,0,0,0,0,0,0,0,0,0,0,0,0,0,0,0,0,0,0,0,0,0,0,0,0,0,0,0,0,0,0,0,0,0,0,0,0,0,0,0,0,0,0,0,0,0,0,0,0,0,0,0,0,0,0,0,0,0,0,0,0,0,0,0,0,0,0,0,0,0,0,0,0,0,0,0,0,0,0,0,0,0,0,0,0,0,0,0,0,0
ASDM,11,11,0,0,0,0,0,0,0,0,0,0,37,41,37,0,37,138,0,0,140,0,0,84,73,87,247,0,0,0,6,4,0,0,5,0,7,0,8,1,0,7,7,126,0,0,0,0,0,0,0,151,44,0,0,0,23,22,0,26,31,0,0,147,0,0,0,51,50,0,68,0,0,93,61,61,59,58,32,30,60,0,20,0,33,24,0,0,0,53,0,71,21,19,0,0,0,5,0,0,0,0,2,0,0,44,0,3,6,0,0,31,0,0,0,0,0,99,103,0,85,0,0,0,0,0,0,0,0,0,0,0,0,0,70,0,0,0,0,0,58,55,61,0,0,0,0,0,0,0,0,7,0,0,0,0,0,0,0,116,0,151,0,0,0,0,72,0,0,0,147,149,0,0,0,0,0,0,0,23,22,0,0,0,29,27,0,0,0,0,118,0,0,0,0,0,0,164,83,78,43,44,0,47,25,24,0,0,15,0,0,0,0,64,62,62,0,0,0,0,0,0,0,13,0,0,0,0,0,0,0,48,0,0,0,0,0,0,0,0,59,61,43,0,0,44,6,0,0,0,0,0,0,0,0,0,77,0,0,19,0,0,0,0,0,0,0,0,0,0,67,0,0,0,2,158,0,0,0,0,0,0,66,0,0,0,65,0,0,0,0,0,0,170,0,0,89,0,0,0,125,0,72,83,82,77,54,53,55,87,86,0,0,62,164,164,0,0,0,0,35,0,0,0,0,0,0,0,0,87,0,30,28,0,0,0,0,0,55,0,0,0,0,105,0,89,128,110,106,0,0,0,94,0,35,0,39,0,0,38,31,0,36,35,0,0,0,0,0,81,0,0,0,0,0,0,0,0,0,5,0,0,0,10,0,0,0,0,42,133,0,4,1,0,0,0,0,10,0,0,0,0,0,0,0,0,0,70,0,0,0,0,0,0,0,0,0,0,0,0,0,0
ASDWPL,14,15,0,0,0,0,0,0,0,0,0,0,42,43,42,0,42,121,0,0,122,0,0,77,78,79,169,0,0,0,10,2,0,5,0,0,12,0,2,7,0,2,2,89,0,0,0,0,0,0,0,156,37,0,0,0,26,26,0,17,36,0,0,128,0,0,0,56,55,0,68,0,0,63,62,62,62,62,34,35,62,0,24,0,18,19,0,0,0,55,0,52,26,24,0,0,0,10,0,0,0,0,3,0,0,37,0,8,9,0,0,17,0,0,0,0,0,89,93,0,90,0,0,0,0,0,0,0,0,0,0,0,0,0,70,0,0,0,0,0,43,43,63,0,0,0,0,0,0,0,0,12,0,0,0,0,0,0,0,90,0,156,0,0,0,0,76,0,0,0,131,133,0,0,0,0,0,0,0,16,14,0,0,0,32,31,0,0,0,0,106,0,0,0,0,0,0,168,83,82,44,46,0,47,28,27,0,0,9,0,0,0,0,66,64,64,0,0,0,0,0,0,0,18,0,0,0,0,0,0,0,52,0,0,0,0,0,0,0,0,64,65,44,0,0,45,11,0,0,0,0,0,0,0,0,0,76,0,0,23,0,0,0,0,0,0,0,0,0,0,50,0,0,0,3,140,0,0,0,0,0,0,71,0,0,0,65,0,0,0,0,0,0,174,0,0,61,0,0,0,112,0,53,58,58,56,55,54,55,60,59,0,0,63,168,168,0,0,0,0,40,0,0,0,0,0,0,0,0,91,0,17,17,0,0,0,0,0,60,0,0,0,0,93,0,93,133,91,92,0,0,0,85,0,37,0,40,0,0,35,35,0,38,40,0,0,0,0,0,86,0,0,0,0,0,0,0,0,0,9,0,0,0,15,0,0,0,0,34,117,0,9,6,0,0,0,0,14,0,0,0,0,0,0,0,0,0,70,0,0,0,0,0,0,1,0,0,0,0,0,0,0
ASDZ,0,0,0,0,0,0,0,0,0,0,0,0,0,0,0,0,0,0,0,0,0,0,0,0,0,0,0,0,0,0,0,0,0,0,0,0,0,0,0,0,0,0,0,0,0,0,0,0,0,0,0,0,0,0,0,0,0,0,0,0,0,0,0,0,0,0,0,0,0,0,0,0,0,0,0,0,0,0,0,0,0,0,0,0,0,0,0,0,0,0,0,0,0,0,0,0,0,0,0,0,0,0,0,0,0,0,0,0,0,0,0,0,0,0,0,0,0,0,0,0,0,0,0,0,0,0,0,0,0,0,0,0,0,0,0,0,0,0,0,0,0,0,0,0,0,0,0,0,0,0,0,0,0,0,0,0,0,0,0,0,0,0,0,0,0,0,0,0,0,0,0,0,0,0,0,0,0,0,0,0,0,0,0,0,0,0,0,0,0,0,0,0,0,0,0,0,0,0,0,0,0,0,0,0,0,0,0,0,0,0,0,0,0,0,0,0,0,0,0,0,0,0,0,0,0,0,0,0,0,0,0,0,0,0,0,0,0,0,0,0,0,0,0,0,0,0,0,0,0,0,0,0,0,0,0,0,0,0,0,0,0,0,0,0,0,0,0,0,0,0,0,0,0,0,0,0,0,0,0,0,0,0,0,0,0,0,0,0,1,0,0,0,0,0,0,0,0,0,0,0,0,0,0,0,0,0,0,0,0,0,0,0,0,0,0,0,0,0,0,0,0,0,0,10,0,0,0,0,0,0,0,0,0,0,0,0,0,0,0,0,0,0,0,0,0,0,0,0,0,0,0,0,0,0,0,0,0,0,0,0,0,0,0,0,0,0,0,0,0,0,0,0,0,0,0,0,0,0,0,0,0,0,0,0,0,0,0,0,0,0,0,0,0,0,0,0,0,0,0,0,0,0,0,0,0,0,0,0,0,0,0,0,0,0,0,0,0,0,0,0,0,0
ASHD,4,4,0,0,0,0,0,0,0,0,0,0,31,43,31,0,31,140,0,0,142,0,0,86,70,89,249,0,0,0,1,11,0,7,12,0,0,0,15,8,0,14,14,119,0,0,0,0,0,0,0,149,37,0,0,0,16,15,0,33,24,0,0,149,0,0,0,46,46,0,64,0,0,86,56,56,52,51,34,25,54,0,22,0,40,30,0,0,0,46,0,64,15,14,0,0,0,5,0,0,0,0,9,0,0,40,0,10,5,0,0,38,0,0,0,0,0,101,105,0,83,0,0,0,0,0,0,0,0,0,0,0,0,0,67,0,0,0,0,0,51,48,54,0,0,0,0,0,0,0,0,5,0,0,0,0,0,0,0,109,0,149,0,0,0,0,65,0,0,0,149,151,0,0,0,0,0,0,0,30,29,0,0,0,22,20,0,0,0,0,120,0,0,0,0,0,0,163,76,70,36,37,0,49,27,26,0,0,22,0,0,0,0,58,57,57,0,0,0,0,0,0,0,9,0,0,0,0,0,0,0,41,0,0,0,0,0,0,0,0,52,53,37,0,0,39,5,0,0,0,0,0,0,0,0,0,75,0,0,21,0,0,0,0,0,0,0,0,0,0,60,0,0,0,9,160,0,0,0,0,0,0,59,0,0,0,61,0,0,0,0,0,0,168,0,0,82,0,0,0,127,0,65,76,75,70,50,49,50,80,79,0,0,57,163,163,0,0,0,0,28,0,0,0,0,0,0,0,0,84,0,37,35,0,0,0,0,0,51,0,0,0,0,98,0,82,121,103,99,0,0,0,96,0,28,0,32,0,0,31,24,0,29,28,0,0,0,0,0,74,0,0,0,0,0,0,0,0,0,3,0,0,0,6,0,0,0,0,35,135,0,5,7,0,0,0,0,12,0,0,0,0,0,0,0,0,0,63,0,0,0,0,0,0,0,0,0,0,0,0,0,0
ASN,0,0,0,0,0,0,0,0,0,0,0,0,0,0,0,0,0,0,0,0,0,0,0,0,0,0,0,0,0,0,0,0,0,0,0,0,0,0,0,0,0,0,0,0,0,0,0,0,0,0,0,0,0,0,0,0,0,0,19,0,0,0,0,0,0,0,0,0,0,0,0,0,0,0,0,0,0,0,0,0,0,0,0,0,0,0,0,0,0,0,0,0,0,0,0,0,0,0,0,0,0,0,0,0,0,0,0,0,0,0,0,0,0,0,0,0,0,0,0,0,0,0,0,0,0,0,0,0,0,0,0,0,0,0,0,0,0,0,0,0,0,0,0,0,0,0,0,0,0,0,0,0,0,0,0,0,0,0,0,0,0,0,0,0,0,0,0,0,0,0,0,0,0,0,0,0,0,0,0,0,0,0,0,0,0,0,0,0,0,0,0,0,0,0,0,25,0,0,0,0,0,0,0,0,0,0,0,0,0,0,0,0,0,0,0,0,0,0,0,0,0,0,0,0,0,0,0,0,0,0,0,0,0,0,0,0,0,0,0,0,0,0,0,0,0,0,0,0,0,0,0,0,0,0,0,0,0,0,0,0,0,0,0,0,0,0,0,0,0,0,0,0,0,0,0,0,0,0,0,0,0,0,0,0,0,0,0,0,0,0,0,0,0,0,0,0,0,0,0,0,0,0,0,0,0,0,0,0,0,0,0,0,0,0,0,0,0,0,0,0,0,0,0,0,0,0,0,0,0,0,0,0,0,0,0,0,0,0,0,0,0,0,0,0,0,0,0,0,0,0,0,0,0,0,0,0,0,0,0,0,0,0,0,0,0,0,0,0,0,0,0,0,0,0,0,0,0,0,0,0,0,0,0,0,0,0,0,0,0,0,0,0,0,0,0,0,0,0,0,0,0,0,0,0,0,0,0,0,0,0,0,0,0,0,0,0,0,0,0,0,0,0
ASS,19,17,0,0,0,0,0,0,0,0,0,0,44,49,43,0,44,146,0,0,148,0,0,92,80,95,255,0,0,0,14,4,4,8,2,0,15,0,0,9,0,2,2,132,0,0,0,0,0,0,0,158,52,0,0,0,31,27,0,18,37,0,0,155,0,0,0,58,57,0,67,0,0,93,61,61,61,62,40,37,62,0,28,0,25,17,0,0,0,61,0,79,28,26,0,0,0,12,0,0,0,0,5,0,0,52,0,11,14,0,0,23,0,0,0,0,0,107,111,0,92,0,0,0,0,0,0,0,0,0,0,0,0,0,68,0,0,0,0,0,66,63,69,0,0,0,0,0,0,0,0,14,0,0,0,0,0,0,0,124,0,158,0,0,0,0,77,0,0,0,155,157,0,0,0,0,0,0,0,15,14,0,0,0,33,32,0,0,0,0,126,0,0,0,0,0,0,171,91,83,51,52,0,55,33,32,0,0,7,0,0,0,0,65,63,63,0,0,0,0,0,0,0,20,0,0,0,0,0,0,0,53,0,0,0,0,0,0,0,0,65,66,43,0,0,44,13,0,0,0,0,0,0,0,0,0,74,0,0,27,0,0,0,0,0,0,0,0,0,0,75,0,0,0,5,166,0,0,0,0,0,0,72,0,0,0,64,0,0,0,0,0,0,177,0,0,89,0,0,0,133,0,80,83,82,85,54,53,54,87,86,0,0,62,171,171,0,0,0,0,41,0,0,0,0,0,0,0,0,94,0,22,20,0,0,0,0,0,62,0,0,0,0,113,0,93,134,118,114,0,0,0,102,0,43,0,47,0,0,46,37,0,44,41,0,0,0,0,0,87,0,0,0,0,0,0,0,0,0,11,0,0,0,17,0,0,0,0,50,141,0,11,8,0,0,0,0,18,0,0,0,0,0,0,0,0,0,78,7,0,0,0,0,0,0,0,0,0,0,0,0,0
ASSP,12,10,0,0,0,0,0,0,0,0,0,0,35,40,35,0,35,137,0,0,139,0,0,83,72,86,246,0,0,0,7,5,0,1,7,0,8,0,9,0,0,9,9,127,0,0,0,0,0,0,0,150,45,0,0,0,24,21,0,27,30,0,0,146,0,0,0,49,49,0,68,0,0,94,61,61,58,57,31,29,59,0,19,0,34,26,0,0,0,54,0,72,19,18,0,0,0,3,0,0,0,0,3,0,0,43,0,2,7,0,0,32,0,0,0,0,0,98,102,0,84,0,0,0,0,0,0,0,0,0,0,0,0,0,71,0,0,0,0,0,59,56,62,0,0,0,0,0,0,0,0,5,0,0,0,0,0,0,0,117,0,150,0,0,0,0,71,0,0,0,146,148,0,0,0,0,0,0,0,24,23,0,0,0,28,26,0,0,0,0,117,0,0,0,0,0,0,163,84,76,44,45,0,46,24,23,0,0,16,0,0,0,0,64,62,62,0,0,0,0,0,0,0,11,0,0,0,0,0,0,0,46,0,0,0,0,0,0,0,0,58,59,42,0,0,44,4,0,0,0,0,0,0,0,0,0,77,0,0,18,0,0,0,0,0,0,0,0,0,0,68,0,0,0,4,157,0,0,0,0,0,0,65,0,0,0,65,0,0,0,0,0,0,169,0,0,90,0,0,0,124,0,73,84,83,78,54,53,54,88,87,0,0,62,163,163,0,0,0,0,33,0,0,0,0,0,0,0,0,86,0,31,29,0,0,0,0,0,54,0,0,0,0,106,0,88,127,111,107,0,0,0,93,0,36,0,40,0,0,39,30,0,37,34,0,0,0,0,0,80,0,0,0,0,0,0,0,0,0,4,0,0,0,8,0,0,0,0,43,132,0,2,1,0,0,0,0,9,0,0,0,0,0,0,0,0,0,71,0,0,0,0,0,0,0,0,0,0,0,0,0,0
ATN,0,0,0,0,0,0,0,0,0,0,0,0,0,0,0,0,0,0,0,0,0,0,0,0,0,0,0,0,0,0,0,0,0,0,0,0,0,0,0,0,0,0,0,0,0,0,0,0,0,0,0,0,0,0,0,0,0,0,0,0,0,0,0,0,0,0,0,0,0,0,0,0,0,0,0,0,0,0,0,0,0,0,0,0,0,0,0,0,0,0,0,0,0,0,0,0,0,0,0,0,0,0,0,0,0,0,0,0,0,0,0,0,0,0,0,0,0,0,0,0,0,0,0,0,0,0,0,0,0,0,0,0,0,0,0,0,0,0,0,0,0,0,0,0,0,0,0,0,0,0,0,0,0,0,0,0,0,0,0,0,0,0,0,0,0,0,0,0,0,0,0,0,0,0,0,0,0,0,0,0,0,0,0,0,0,0,0,0,0,0,0,0,0,0,0,0,0,0,0,0,0,0,0,0,0,0,0,0,0,0,0,0,0,0,0,0,0,0,0,0,0,0,0,0,0,0,0,0,0,0,0,0,0,0,0,0,0,0,0,0,0,0,0,0,0,0,0,0,0,0,0,0,0,0,0,0,0,0,0,0,0,0,0,0,0,0,0,0,0,0,0,0,0,0,0,0,0,0,0,0,0,0,0,0,0,0,0,0,0,0,0,0,0,0,0,0,0,0,0,0,0,0,0,0,0,0,0,0,0,0,0,0,0,0,0,0,0,0,0,0,0,0,0,0,0,0,0,0,0,0,0,0,0,0,0,0,0,0,0,0,0,0,0,0,0,0,0,0,0,0,0,0,0,0,0,0,0,0,0,0,0,0,0,0,0,0,0,0,0,0,0,0,0,0,0,0,0,0,0,0,0,0,10,0,0,0,0,0,0,0,0,0,0,0,0,0,0,0,0,0,0,0,0,13,0,0,0,0,0,0,0,0,0,0,0,0,0,0,0,0,0,0
AWH,16,17,0,0,0,0,0,0,0,0,0,0,44,45,44,0,44,123,0,0,124,0,0,79,80,81,170,0,0,0,12,4,0,7,2,0,14,0,2,9,0,0,1,90,0,0,0,0,0,0,0,157,39,0,0,0,27,28,0,15,38,0,0,130,0,0,0,58,57,0,68,0,0,64,63,63,63,63,37,37,63,0,26,0,15,17,0,0,0,57,0,53,28,26,0,0,0,12,0,0,0,0,5,0,0,40,0,10,11,0,0,15,0,0,0,0,0,91,95,0,92,0,0,0,0,0,0,0,0,0,0,0,0,0,69,0,0,0,0,0,44,44,65,0,0,0,0,0,0,0,0,14,0,0,0,0,0,0,0,91,0,157,0,0,0,0,78,0,0,0,133,135,0,0,0,0,0,0,0,14,12,0,0,0,34,33,0,0,0,0,108,0,0,0,0,0,0,170,85,84,46,48,0,49,30,29,0,0,7,0,0,0,0,66,65,65,0,0,0,0,0,0,0,20,0,0,0,0,0,0,0,54,0,0,0,0,0,0,0,0,66,67,45,0,0,46,13,0,0,0,0,0,0,0,0,0,75,0,0,25,0,0,0,0,0,0,0,0,0,0,51,0,0,0,5,142,0,0,0,0,0,0,73,0,0,0,66,0,0,0,0,0,0,176,0,0,62,0,0,0,114,0,54,59,59,57,56,55,56,61,60,0,0,63,170,170,0,0,0,0,42,0,0,0,0,0,0,0,0,93,0,15,15,0,0,0,0,0,62,0,0,0,0,95,0,94,135,93,94,0,0,0,87,0,39,0,42,0,0,38,37,0,40,42,0,0,0,0,0,88,0,0,0,0,0,0,0,0,0,11,0,0,0,17,0,0,0,0,35,119,0,11,8,0,0,0,0,17,0,0,0,0,0,0,0,0,0,72,0,0,0,0,0,0,0,0,0,0,0,0,0,0
AWHVG,16,17,0,0,0,0,0,0,0,0,0,0,44,45,44,0,44,123,0,0,124,0,0,79,80,81,170,0,0,0,12,4,0,7,2,0,14,0,2,9,0,1,0,90,0,0,0,0,0,0,0,157,39,0,0,0,27,28,0,15,38,0,0,130,0,0,0,58,57,0,68,0,0,64,63,63,63,63,37,37,63,0,26,0,15,17,0,0,0,57,0,53,28,26,0,0,0,12,0,0,0,0,5,0,0,40,0,10,11,0,0,15,0,0,0,0,0,91,95,0,92,0,0,0,0,0,0,0,0,0,0,0,0,0,69,0,0,0,0,0,44,44,65,0,0,0,0,0,0,0,0,14,0,0,0,0,0,0,0,91,0,157,0,0,0,0,78,0,0,0,133,135,0,0,0,0,0,0,0,14,12,0,0,0,34,33,0,0,0,0,108,0,0,0,0,0,0,170,85,84,46,48,0,49,30,29,0,0,7,0,0,0,0,66,65,65,0,0,0,0,0,0,0,20,0,0,0,0,0,0,0,54,0,0,0,0,0,0,0,0,66,67,45,0,0,46,13,0,0,0,0,0,0,0,0,0,75,0,0,25,0,0,0,0,0,0,0,0,0,0,51,0,0,0,5,142,0,0,0,0,0,0,73,0,0,0,66,0,0,0,0,0,0,176,0,0,62,0,0,0,114,0,54,59,59,57,56,55,56,61,60,0,0,63,170,170,0,0,0,0,42,0,0,0,0,0,0,0,0,93,0,15,15,0,0,0,0,0,62,0,0,0,0,95,0,94,135,93,94,0,0,0,87,0,39,0,42,0,0,38,37,0,40,42,0,0,0,0,0,88,0,0,0,0,0,0,0,0,0,11,0,0,0,17,0,0,0,0,35,119,0,11,8,0,0,0,0,17,0,0,0,0,0,0,0,0,0,72,0,0,0,0,0,0,0,0,0,0,0,0,0,0
BD,115,76,0,0,0,0,0,0,0,0,0,0,73,112,74,0,73,189,0,0,191,0,0,152,107,155,318,0,0,0,120,130,0,126,89,0,119,0,132,127,0,90,90,0,0,0,0,5,0,0,0,181,100,0,0,0,103,65,0,120,64,0,0,184,0,0,0,85,84,0,46,0,0,39,35,35,27,32,115,76,27,0,114,0,130,99,0,0,0,73,0,61,77,79,0,0,0,84,0,0,0,0,87,0,0,103,0,129,124,0,0,125,0,0,0,0,0,150,154,0,121,0,0,0,0,0,0,0,0,0,0,0,0,0,56,0,0,0,0,0,74,77,65,0,0,0,0,0,0,0,0,83,0,0,0,0,0,0,0,10,0,181,0,0,0,0,37,0,0,0,179,181,0,0,0,0,0,0,0,117,118,0,0,0,58,59,0,0,0,0,169,0,0,0,0,0,0,194,43,38,83,82,0,118,109,110,0,0,125,0,0,0,0,29,31,31,0,0,0,0,0,0,0,81,0,0,0,0,0,0,0,51,0,0,0,0,0,0,0,0,46,44,47,0,19,46,83,0,0,0,0,0,0,0,0,0,66,0,0,115,0,0,0,0,0,0,0,0,0,0,65,0,0,0,87,190,0,0,0,0,0,0,40,0,0,0,42,0,0,0,0,0,0,197,0,0,43,0,0,0,176,0,60,49,50,55,43,43,43,45,46,0,0,40,194,194,0,0,0,0,71,0,0,0,0,92,0,0,0,122,0,124,122,0,0,0,0,0,91,0,0,0,0,21,0,20,90,16,20,0,0,0,155,0,91,0,87,0,0,94,62,0,90,58,0,0,0,0,0,36,0,0,0,0,0,0,0,0,0,81,0,0,0,82,0,0,0,0,90,184,0,84,85,0,0,0,0,124,0,0,0,0,0,0,0,0,0,56,0,0,0,0,0,0,0,0,0,0,0,0,0,0
BDE,0,0,0,0,0,0,0,0,0,0,0,0,0,0,0,0,0,0,0,0,0,0,0,0,0,0,0,0,0,0,0,0,0,0,0,0,0,0,0,0,0,0,0,0,0,0,0,0,0,0,0,0,0,8,0,0,0,0,0,0,0,0,0,0,0,0,0,0,0,0,0,0,0,0,0,0,0,0,0,0,0,0,0,0,0,0,0,0,0,0,0,0,0,0,0,0,0,0,0,0,0,0,0,0,0,0,0,0,0,0,0,0,0,0,0,0,0,0,0,0,0,0,0,0,0,0,0,0,0,0,0,0,0,0,0,0,0,0,0,0,0,0,0,0,0,0,0,0,0,0,0,0,0,0,0,0,0,0,0,0,0,0,0,0,0,0,0,0,0,0,0,0,0,0,0,0,0,0,0,0,0,0,0,0,0,0,0,0,0,0,0,0,0,0,0,0,0,0,0,0,0,0,0,0,0,0,0,0,0,0,0,0,0,0,0,0,0,0,0,0,0,0,0,0,0,0,0,0,0,0,0,0,0,0,0,0,0,0,0,0,0,0,0,0,0,0,0,0,0,0,0,0,0,0,0,4,0,0,0,0,0,0,0,0,0,0,0,0,0,0,0,0,0,0,0,0,0,0,0,0,0,0,0,0,0,0,0,0,0,0,0,0,0,0,0,0,0,0,0,0,0,0,0,0,0,0,0,0,0,0,0,0,0,0,0,0,0,0,0,0,0,0,0,0,0,0,0,0,0,0,0,0,0,0,0,0,0,0,0,0,0,0,0,0,0,0,0,0,0,0,0,0,0,0,0,0,0,0,0,0,0,0,0,0,0,0,0,0,0,0,0,0,0,0,0,0,0,0,0,0,0,0,0,0,0,0,0,0,0,0,0,0,0,0,0,0,0,0,0,0,0,0,0,0,0,0,0,0,0,0,0,0,0,0,0,0,0,0,0,0,0,0
BDG,0,0,0,0,0,0,0,0,0,0,0,0,0,0,0,0,0,0,0,0,0,0,0,0,0,0,0,9,0,0,0,0,0,0,0,0,0,0,0,0,0,0,0,0,0,0,0,0,0,0,0,0,0,0,0,0,0,0,0,0,0,0,0,0,0,0,0,0,0,0,0,0,0,0,0,0,0,0,0,0,0,0,0,0,0,0,0,0,0,0,0,0,0,0,0,0,0,0,0,0,0,0,0,0,0,0,0,0,0,0,0,0,0,0,0,0,0,0,0,0,0,0,0,0,0,0,0,0,0,0,0,0,0,0,0,0,0,0,0,0,0,0,0,0,0,0,0,0,0,0,0,0,0,0,0,0,0,0,0,0,0,0,0,0,0,0,0,0,0,0,0,0,0,0,0,0,0,0,0,0,0,0,0,0,0,0,0,0,0,0,0,0,0,0,0,0,0,0,0,0,0,0,0,0,0,0,0,0,0,0,0,0,0,0,0,0,0,0,0,0,0,0,0,0,0,0,0,0,0,0,0,0,0,0,0,0,0,0,0,0,0,0,0,0,0,0,0,0,0,0,0,0,0,0,0,0,0,0,0,0,0,0,0,0,0,0,0,0,0,0,0,0,0,0,0,0,0,0,0,0,0,0,0,0,0,0,0,0,0,0,0,0,0,0,0,0,0,0,0,0,0,0,0,0,0,0,0,0,0,0,0,0,0,0,0,0,0,0,0,0,0,0,0,0,0,0,0,0,0,0,0,0,0,0,0,0,0,0,0,0,0,0,0,0,0,0,0,0,0,0,0,0,0,0,0,0,0,0,0,0,0,0,0,0,0,0,0,0,0,0,0,0,0,0,0,0,0,0,0,0,0,0,0,0,0,0,0,0,12,0,0,0,0,0,0,0,0,0,0,0,0,0,0,0,0,0,0,0,0,0,0,0,0,0,0,0,0,0,0,0,0,0
BDM,0,0,0,0,0,0,0,0,0,0,0,0,0,0,0,0,0,0,0,0,0,0,0,0,0,0,0,0,0,0,0,0,0,0,0,0,0,0,0,0,0,0,0,0,0,0,0,0,0,0,0,0,0,0,0,0,0,0,0,0,0,0,0,0,0,0,0,0,0,0,0,0,0,0,0,0,0,0,0,0,0,0,0,0,0,0,0,0,0,0,0,0,0,0,0,0,0,0,0,0,0,0,0,0,0,0,0,0,0,0,0,0,0,0,0,0,0,0,0,0,0,0,0,0,0,0,0,0,0,0,0,0,0,0,0,0,0,0,0,0,0,0,0,0,0,0,0,0,0,0,0,0,0,0,0,0,0,0,0,0,0,0,0,0,0,0,0,0,0,0,0,0,0,0,0,0,0,0,0,0,0,0,0,0,0,0,0,0,0,0,0,0,0,0,0,0,0,0,0,0,0,0,0,0,0,0,0,0,0,0,0,0,0,0,0,0,0,0,0,0,0,0,0,0,0,0,0,0,0,0,0,0,0,0,0,0,0,0,0,0,0,0,0,0,0,0,0,0,0,0,0,0,0,0,0,0,0,0,0,0,0,0,0,0,0,0,0,0,0,0,0,0,0,0,0,0,0,0,0,0,0,0,0,0,0,0,0,0,0,0,0,0,0,0,0,0,0,0,0,0,0,0,0,0,0,0,0,0,0,0,0,0,0,0,0,0,0,0,0,0,0,0,0,0,0,0,0,0,0,0,0,0,0,0,0,0,0,8,0,0,0,5,0,0,0,0,0,0,0,0,0,0,0,0,0,0,0,0,0,0,0,0,0,0,0,0,0,0,0,0,0,0,0,0,0,0,0,0,0,0,0,0,0,0,0,0,0,0,0,0,0,0,0,0,0,0,0,0,0,0,0,0,0,0,0,0,0,0,0,0,0,0,0,0,0,0,0,0,0,0,0,0
BDPB,0,0,0,0,0,0,0,0,0,0,0,0,0,0,0,0,0,0,0,0,0,0,0,0,0,0,0,0,0,0,0,0,0,0,0,0,0,0,0,0,0,0,0,5,0,0,0,0,0,0,0,0,0,0,0,0,0,0,0,0,0,0,0,0,0,0,0,0,0,0,0,0,0,0,0,0,0,0,0,0,0,0,0,0,0,0,0,0,0,0,0,0,0,0,0,0,0,0,0,0,0,0,0,0,0,0,0,0,0,0,0,0,0,0,0,0,0,0,0,0,0,0,0,0,0,0,0,0,0,0,0,0,0,0,0,0,0,0,0,0,0,0,0,0,0,0,0,0,0,0,0,0,0,0,0,0,0,0,0,0,0,0,0,0,0,0,0,0,0,0,0,0,0,0,0,0,0,0,0,0,0,0,0,0,0,0,0,0,0,0,0,0,0,0,0,0,0,0,0,0,0,0,0,0,0,0,0,0,0,0,0,0,0,0,0,0,0,0,0,0,0,0,0,0,0,0,0,0,0,0,0,0,0,0,0,0,0,0,0,0,0,0,0,0,0,0,0,0,0,0,0,0,0,0,0,0,0,0,0,0,0,0,0,0,0,0,0,0,0,0,0,0,0,0,0,0,0,0,0,0,0,0,0,0,0,0,0,0,0,0,0,0,0,0,0,0,0,0,0,0,0,0,0,0,0,0,0,0,0,0,0,0,0,0,0,0,0,0,0,0,0,0,0,0,0,0,0,0,0,0,0,0,0,0,0,0,0,0,0,0,0,0,0,0,0,0,0,0,0,0,0,0,0,0,0,0,0,0,0,0,0,0,0,0,0,0,0,0,0,0,0,0,0,0,0,0,0,0,0,0,0,0,0,0,0,0,0,0,0,0,0,0,0,0,0,0,0,0,0,0,0,0,0,0,0,0,0,0,0,0,0,0,12,0,0,0,0,0,0,0,0,0
BET,0,0,0,0,0,0,0,0,0,0,0,0,0,0,0,0,0,0,0,0,0,0,0,0,0,0,0,0,0,0,0,0,0,0,0,0,0,0,0,0,0,0,0,0,0,0,0,0,0,0,0,0,0,0,0,0,0,0,0,0,0,0,0,0,0,0,0,0,0,0,0,0,0,0,0,0,0,0,0,0,0,0,0,12,0,0,0,0,0,0,0,0,0,0,0,0,0,0,0,0,0,0,0,0,0,0,0,0,0,0,0,0,0,0,0,0,0,0,0,0,0,0,0,0,0,0,0,0,10,0,0,0,0,0,0,0,0,0,0,0,0,0,0,0,0,0,0,0,0,0,0,0,0,0,0,0,0,0,0,0,0,0,0,0,0,0,0,0,0,0,0,0,0,0,0,0,0,0,0,0,0,0,0,0,0,0,0,0,0,0,0,0,0,0,0,0,0,0,0,0,0,0,0,0,0,0,0,0,0,0,0,0,0,0,0,0,0,0,0,0,0,0,0,0,0,0,0,0,0,0,0,0,0,0,0,0,0,0,0,0,0,0,0,0,0,0,0,0,0,0,0,0,0,0,0,0,0,0,0,0,0,0,0,0,0,0,0,0,0,0,0,0,0,0,0,0,0,0,0,0,0,0,0,0,0,0,0,0,0,0,0,0,0,0,0,0,0,0,0,0,0,0,0,0,0,0,0,0,0,0,0,0,0,0,0,0,0,0,0,0,0,0,0,0,0,0,0,0,0,0,0,0,0,0,0,0,0,0,0,0,0,0,0,0,0,0,0,0,0,0,0,0,0,0,0,0,0,0,0,0,0,0,0,0,0,0,0,0,0,0,0,0,0,0,0,0,0,0,0,0,0,0,0,0,0,0,0,0,0,0,0,0,0,0,0,0,0,0,0,0,0,0,0,0,0,0,0,0,0,0,0,0,0,0,0,0,0,0,0,0,0,0
BF,0,0,0,0,0,0,0,0,0,0,0,0,0,0,0,0,0,0,0,0,0,0,0,0,0,0,0,0,0,0,0,0,0,0,0,0,0,0,0,0,0,0,0,0,0,0,0,0,0,0,0,0,0,0,0,0,0,0,0,0,0,0,0,0,0,0,0,0,0,0,0,0,0,0,0,0,0,0,0,0,0,0,0,0,0,0,0,0,0,0,0,0,0,0,0,0,0,0,0,0,0,0,0,0,0,0,0,0,0,0,0,0,0,0,0,0,0,0,0,0,0,0,0,0,0,0,0,0,0,0,0,0,0,0,0,0,0,0,0,0,0,0,0,0,0,0,0,0,0,0,0,0,0,0,0,0,0,0,0,0,0,0,0,0,0,0,0,0,0,0,0,0,0,0,0,0,0,0,0,0,0,0,0,0,0,0,0,0,0,0,0,0,0,0,0,0,0,0,0,0,0,0,0,0,0,0,0,0,0,0,0,0,0,0,0,0,0,0,0,0,0,0,0,0,0,0,0,0,0,0,0,0,0,0,0,0,0,0,0,0,0,0,0,0,0,0,0,0,0,0,0,0,0,0,0,0,0,0,0,0,0,0,0,0,0,0,0,0,0,0,0,0,0,0,0,0,0,0,0,0,0,0,0,0,0,0,0,0,0,0,0,0,0,0,0,0,0,0,0,0,0,0,0,0,0,0,0,0,0,0,0,0,0,0,0,0,0,0,0,0,0,0,0,0,0,0,0,0,0,0,0,0,0,0,0,0,0,0,0,0,0,0,0,0,0,0,0,0,0,0,0,0,0,9,0,0,0,0,0,0,0,0,0,0,0,0,0,0,0,0,0,0,0,0,0,0,0,0,0,0,0,0,0,0,0,0,0,0,0,0,0,0,0,0,0,0,0,0,0,4,0,0,0,0,0,0,0,0,0,0,0,0,0,0,0,0,0,0,0,0,0,0
BGN,0,0,0,0,0,0,0,0,0,0,0,0,0,0,0,0,0,0,0,0,0,0,0,0,0,0,0,0,0,0,0,0,0,0,0,0,0,0,0,0,0,0,0,0,0,0,0,0,0,0,0,0,0,0,0,0,0,0,0,0,0,0,0,0,0,0,0,0,0,0,0,0,0,0,0,0,0,0,0,0,0,0,0,0,0,0,0,0,0,0,0,0,0,0,0,0,0,0,0,0,0,0,0,0,0,0,0,0,0,0,0,0,0,0,0,0,0,0,0,0,0,0,0,0,0,0,0,0,0,0,0,0,0,0,0,0,0,0,0,0,0,0,0,0,0,0,0,0,0,0,0,0,0,0,0,0,0,0,0,0,0,0,0,0,0,0,0,0,0,0,0,0,0,0,0,0,0,0,0,0,0,0,0,0,0,0,0,0,0,0,0,0,0,0,0,0,0,0,0,0,0,0,0,0,0,0,0,0,0,0,0,0,0,0,0,0,0,0,0,0,0,0,0,0,0,0,0,0,0,0,0,0,0,0,0,0,0,0,0,0,0,0,0,0,0,0,0,0,0,0,0,0,0,0,0,0,0,0,0,0,0,0,0,0,0,0,0,0,0,0,0,0,0,0,0,0,0,0,0,0,0,0,0,0,0,0,0,0,0,0,15,0,0,0,0,0,0,0,0,15,0,0,0,0,0,0,0,0,0,0,0,0,0,0,0,0,0,0,0,0,0,0,0,0,0,0,0,0,0,0,0,0,0,0,0,0,0,0,0,0,0,0,0,0,0,0,0,0,0,0,0,0,0,0,0,0,0,0,0,0,0,0,0,0,0,0,0,0,0,0,0,0,0,0,0,0,0,0,0,0,0,0,0,0,0,0,0,0,0,0,0,0,0,0,0,0,0,0,0,0,0,0,0,0,0,0,0,0,0,0,0,0,0,0,0,0,0,0,0,0,0,0
BH,148,148,0,0,0,0,0,0,0,0,0,0,125,123,124,0,125,35,0,0,34,0,0,82,81,79,115,0,0,0,150,154,0,151,156,0,149,0,158,150,0,157,157,181,0,0,0,0,0,0,0,0,135,0,0,0,148,148,0,172,137,0,0,28,0,0,0,107,108,0,201,0,0,185,185,185,168,155,128,128,174,0,136,0,171,172,0,0,0,138,0,180,135,136,0,0,0,148,0,0,0,0,153,0,0,132,0,149,150,0,0,172,0,0,0,0,0,68,64,0,67,0,0,0,0,0,0,0,0,0,0,0,0,0,208,0,0,0,0,0,170,168,137,0,0,0,0,0,0,0,0,146,0,0,0,0,0,0,0,173,0,0,0,0,0,0,144,0,0,0,25,23,0,0,0,0,0,0,0,171,169,0,0,0,152,151,0,0,0,0,50,0,0,0,0,0,0,13,145,144,139,139,0,117,135,135,0,0,164,0,0,0,0,184,184,184,0,0,0,0,0,0,0,141,0,0,0,0,0,0,0,138,0,0,0,0,0,0,0,0,138,139,173,0,0,174,147,0,0,0,0,0,0,0,0,0,218,0,0,136,0,0,0,0,0,0,0,0,0,0,178,0,0,0,153,15,0,0,0,0,0,0,141,0,0,0,195,0,0,0,0,0,0,19,0,0,186,0,0,0,43,0,182,187,189,187,185,184,186,186,186,0,0,191,13,13,0,0,0,0,128,0,0,0,0,0,0,0,0,66,0,172,172,0,0,0,0,0,101,0,0,0,0,165,0,166,122,169,166,0,0,0,72,0,142,0,140,0,0,140,141,0,141,140,0,0,0,0,0,147,0,0,0,0,0,0,0,0,0,151,0,0,0,143,0,0,0,0,156,39,0,148,151,0,0,0,0,144,0,0,0,0,0,0,0,0,0,141,0,0,0,0,0,0,0,0,0,0,0,0,0,0
BHV,33,22,0,0,0,0,0,0,0,0,0,0,10,12,11,0,10,109,0,0,111,0,0,55,54,58,218,0,0,0,38,48,0,44,37,0,37,0,52,45,0,39,39,100,0,0,0,0,0,0,0,135,0,0,0,0,21,15,0,70,3,0,0,118,0,0,0,27,27,0,68,0,0,76,54,54,42,34,15,10,46,0,26,0,77,55,0,0,0,27,0,54,13,15,0,0,0,27,0,0,0,0,34,0,0,3,0,43,42,0,0,75,0,0,0,0,0,70,74,0,68,0,0,0,0,0,0,0,0,0,0,0,0,0,74,0,0,0,0,0,41,38,35,0,0,0,0,0,0,0,0,26,0,0,0,0,0,0,0,90,0,135,0,0,0,0,43,0,0,0,118,120,0,0,0,0,0,0,0,67,66,0,0,0,18,16,0,0,0,0,89,0,0,0,0,0,0,148,57,48,17,18,0,18,21,22,0,0,59,0,0,0,0,54,54,54,0,0,0,0,0,0,0,20,0,0,0,0,0,0,0,18,0,0,0,0,0,0,0,0,29,31,39,0,0,40,26,0,0,0,0,0,0,0,0,0,83,0,0,27,0,0,0,0,0,0,0,0,0,0,50,0,0,0,34,129,0,0,0,0,0,0,37,0,0,0,63,0,0,0,0,0,0,153,0,0,72,0,0,0,96,0,55,66,65,60,52,50,52,70,69,0,0,59,148,148,0,0,0,0,6,0,0,0,0,0,0,0,0,69,0,74,72,0,0,0,0,0,34,0,0,0,0,79,0,64,96,84,80,0,0,0,65,0,9,0,13,0,0,6,6,0,10,8,0,0,0,0,0,52,0,0,0,0,0,0,0,0,0,28,0,0,0,23,0,0,0,0,25,104,0,28,31,0,0,0,0,36,0,0,0,0,0,0,0,0,0,44,0,0,0,0,0,0,0,0,0,0,0,0,0,0
BK,0,0,0,0,0,0,0,0,0,0,0,0,0,0,0,0,0,0,0,0,0,0,0,0,0,0,0,0,0,0,0,0,0,0,0,0,0,0,0,0,0,0,0,0,8,0,0,0,0,0,0,0,0,0,0,0,0,0,0,0,0,0,0,0,0,0,0,0,0,0,0,0,0,0,0,0,0,0,0,0,0,0,0,0,0,0,0,0,0,0,0,0,0,0,0,0,0,0,0,0,0,0,0,0,0,0,0,0,0,0,0,0,0,0,0,0,0,0,0,0,0,0,0,0,0,0,0,0,0,0,0,0,0,0,0,0,0,0,0,0,0,0,0,0,0,0,0,0,0,0,0,0,0,0,0,0,0,0,0,0,0,0,0,0,0,0,0,0,0,0,0,0,0,0,0,0,0,0,0,0,0,0,0,0,0,0,0,0,0,0,0,0,0,0,0,0,0,0,0,0,0,0,0,0,0,0,0,0,0,0,0,0,0,0,0,0,0,0,0,0,0,0,0,0,0,0,0,0,0,0,0,0,0,0,0,0,0,5,0,0,0,0,0,0,0,0,0,0,0,0,0,0,0,0,0,0,0,0,0,0,0,0,0,0,0,0,0,0,0,0,0,0,0,0,0,0,0,0,0,0,0,0,0,0,0,0,0,0,0,0,0,0,0,0,0,0,0,0,0,0,0,0,0,0,0,0,0,0,0,0,0,0,0,0,0,0,0,0,0,0,0,0,0,0,0,0,0,0,0,0,0,0,0,0,0,0,0,0,0,0,0,0,0,0,0,0,0,0,0,0,0,0,0,0,0,0,0,0,0,0,0,0,0,0,0,0,0,0,0,0,0,0,0,0,0,0,0,0,0,0,0,0,0,0,0,0,0,0,0,0,0,0,0,0,0,0,0,0,0,0,0,0,0,0,0,0,0,0,0,0,0,0,0,0,0,0,0,0,0,0,0,0
BKF,0,0,0,0,0,0,0,0,0,0,0,0,0,0,0,0,0,0,0,0,0,0,0,0,0,0,0,0,0,0,0,0,0,0,0,0,0,0,0,0,0,0,0,0,0,0,0,0,0,0,0,0,0,0,0,1,0,0,0,0,0,0,0,0,0,0,0,0,0,0,0,0,0,0,0,0,0,0,0,0,0,0,0,0,0,0,0,0,0,0,0,0,0,0,0,0,0,0,0,0,0,0,0,0,0,0,0,0,0,0,0,0,0,0,0,0,0,0,0,0,0,0,0,0,0,0,0,0,0,0,3,0,0,0,0,0,0,0,0,0,0,0,0,0,0,0,0,0,0,0,0,0,0,0,0,0,0,0,0,0,0,0,0,0,0,0,0,0,0,0,0,0,0,0,0,0,0,0,0,0,0,0,0,0,0,0,0,0,0,0,0,0,0,0,0,0,0,0,0,0,0,0,0,0,0,0,0,0,0,0,0,0,0,0,0,0,0,0,0,0,0,0,0,0,0,0,0,0,0,0,0,0,0,0,0,0,0,0,0,0,0,0,0,0,0,0,0,0,0,0,0,0,0,0,0,0,0,0,0,0,0,0,0,0,0,0,0,0,0,0,0,0,0,0,0,0,0,0,0,0,0,0,0,0,0,0,0,0,0,0,0,0,0,0,0,0,0,0,0,0,0,0,0,0,0,0,0,0,0,0,0,0,0,0,0,0,0,0,0,0,0,0,0,0,0,0,0,0,0,0,0,0,0,0,0,0,0,0,0,0,0,0,0,0,0,0,0,0,0,0,0,0,0,0,0,0,0,0,0,0,0,0,0,0,0,0,0,0,0,0,0,0,0,0,0,0,0,0,0,0,0,0,0,0,0,0,0,0,0,0,0,0,0,0,0,0,0,0,0,0,0,0,0,0,0,0,0,0,0,0,0,0,0,0,0,0,0,0,0,0,0,0
BKG,0,0,0,0,0,0,0,0,0,0,0,0,0,0,0,0,0,0,0,0,0,0,0,0,0,0,0,0,0,0,0,0,0,0,0,0,0,0,0,0,0,0,0,0,0,0,0,0,0,0,0,0,0,0,1,0,0,0,0,0,0,0,0,0,0,0,0,0,0,0,0,0,0,0,0,0,0,0,0,0,0,0,0,0,0,0,0,0,0,0,0,0,0,0,0,0,0,0,0,0,0,0,0,0,0,0,0,0,0,0,0,0,0,0,0,0,0,0,0,0,0,0,0,0,0,0,0,0,0,0,0,0,0,0,0,0,0,0,0,0,0,0,0,0,0,0,0,0,0,0,0,0,0,0,0,0,0,0,0,0,0,0,0,0,0,0,0,0,0,0,0,0,0,0,0,0,4,0,0,0,0,0,0,0,0,0,0,0,0,0,0,0,0,0,0,0,0,0,0,0,0,0,0,0,0,0,0,0,0,0,0,0,0,0,0,0,0,0,0,0,0,0,0,0,0,0,0,0,0,0,0,0,0,0,0,0,0,0,0,0,0,0,0,0,0,0,0,0,0,0,0,0,0,0,0,0,0,0,0,0,0,0,0,0,0,0,0,0,0,0,0,0,0,0,0,0,0,0,0,0,0,0,0,0,0,0,0,0,0,0,0,0,0,0,0,0,0,0,0,0,0,0,0,0,0,0,0,0,0,0,0,0,0,0,0,0,0,0,0,0,0,0,0,0,0,0,0,0,0,0,0,0,0,0,0,0,0,0,0,0,0,0,0,0,0,0,0,0,0,0,0,0,0,0,0,0,0,0,0,0,0,0,0,0,0,0,0,0,0,0,0,0,0,0,0,0,0,0,0,0,0,0,0,0,0,0,0,0,0,0,0,0,0,0,0,0,0,0,0,0,0,0,0,0,0,0,0,0,0,0,0,0,0,0,0,0,0,0,0,0,0,0
BKL,12,11,0,0,0,0,0,0,0,0,0,0,24,33,25,0,24,130,0,0,132,0,0,76,68,79,239,0,0,0,17,27,0,23,26,0,16,0,31,24,0,27,27,103,0,0,0,0,0,0,0,148,21,0,0,0,0,1,0,49,13,0,0,139,0,0,0,42,41,0,57,0,0,70,46,46,39,37,36,21,41,0,35,0,56,42,0,0,0,30,0,48,15,16,0,0,0,18,0,0,0,0,23,0,0,24,0,26,21,0,0,54,0,0,0,0,0,91,95,0,81,0,0,0,0,0,0,0,0,0,0,0,0,0,62,0,0,0,0,0,35,32,38,0,0,0,0,0,0,0,0,17,0,0,0,0,0,0,0,93,0,148,0,0,0,0,51,0,0,0,139,141,0,0,0,0,0,0,0,46,45,0,0,0,8,6,0,0,0,0,110,0,0,0,0,0,0,162,60,56,20,21,0,39,30,31,0,0,38,0,0,0,0,47,46,46,0,0,0,0,0,0,0,15,0,0,0,0,0,0,0,27,0,0,0,0,0,0,0,6,39,40,28,0,0,29,18,0,0,0,0,0,0,0,0,0,71,0,0,36,0,0,0,0,0,0,0,0,0,0,44,0,0,0,24,150,0,0,0,0,0,0,45,0,0,0,52,0,0,0,0,0,0,167,0,0,66,0,0,0,117,0,49,60,59,54,41,40,42,64,63,0,0,49,162,162,0,0,0,0,21,0,0,0,0,0,0,0,0,83,0,53,51,0,0,0,0,0,48,0,0,0,0,82,0,68,109,87,83,0,0,0,86,0,12,0,16,0,0,15,11,0,13,15,0,0,0,0,0,60,0,0,0,0,0,0,0,0,0,17,0,0,0,16,0,0,0,0,19,125,0,19,21,0,0,0,0,28,0,0,0,0,0,0,0,0,0,47,0,0,0,0,0,0,0,0,0,0,0,0,0,0
BKLA,12,11,0,0,0,0,0,0,0,0,0,0,24,26,25,0,24,115,0,0,116,0,0,67,68,69,180,0,0,0,16,24,0,22,26,0,15,0,27,21,0,28,28,65,0,0,0,0,0,0,0,148,15,0,0,0,1,0,0,36,13,0,0,121,0,0,0,42,41,0,57,0,0,46,45,45,39,36,20,21,41,0,16,0,41,42,0,0,0,29,0,37,15,16,0,0,0,19,0,0,0,0,24,0,0,17,0,20,18,0,0,39,0,0,0,0,0,80,84,0,81,0,0,0,0,0,0,0,0,0,0,0,0,0,62,0,0,0,0,0,26,24,37,0,0,0,0,0,0,0,0,18,0,0,0,0,0,0,0,65,0,148,0,0,0,0,50,0,0,0,123,125,0,0,0,0,0,0,0,34,32,0,0,0,8,6,0,0,0,0,98,0,0,0,0,0,0,162,57,56,19,21,0,32,14,15,0,0,29,0,0,0,0,47,46,46,0,0,0,0,0,0,0,16,0,0,0,0,0,0,0,27,0,0,0,0,0,0,0,0,38,39,28,0,0,29,18,0,0,0,0,0,0,0,0,0,70,0,0,17,0,0,0,0,0,0,0,0,0,0,34,0,0,0,24,133,0,0,0,0,0,0,45,0,0,0,52,0,0,0,0,0,0,167,0,0,45,0,0,0,105,0,38,44,45,43,41,40,41,44,44,0,0,49,162,162,0,0,0,0,21,0,0,0,0,0,0,0,0,83,0,38,37,0,0,0,0,0,48,0,0,0,0,68,0,67,109,66,67,0,0,0,76,0,12,0,15,0,0,11,11,0,13,15,0,0,0,0,0,60,0,0,0,0,0,0,0,0,0,17,0,0,0,16,0,0,0,0,11,111,0,19,21,0,0,0,0,16,0,0,0,0,0,0,0,0,0,44,0,0,0,0,0,0,0,0,0,0,0,0,0,0
BL,0,0,0,0,0,0,0,0,0,0,0,0,0,0,0,0,0,0,0,0,0,0,0,0,0,0,0,0,0,0,0,0,0,0,0,0,0,19,0,0,0,0,0,0,0,0,0,0,0,0,0,0,0,0,0,0,0,0,0,0,0,0,0,0,0,0,0,0,0,0,0,0,0,0,0,0,0,0,0,0,0,0,0,0,0,0,0,0,0,0,0,0,0,0,0,0,0,0,0,0,0,0,0,0,0,0,0,0,0,0,0,0,0,0,0,0,0,0,0,0,0,0,0,0,0,0,0,0,0,0,0,0,0,0,0,0,0,0,0,0,0,0,0,0,0,0,0,0,0,0,0,0,0,0,0,0,0,0,0,0,0,0,0,0,0,0,0,0,0,0,0,0,17,0,0,0,0,0,0,0,0,0,0,0,0,0,0,0,0,0,0,0,0,0,0,0,0,0,0,0,0,0,0,0,0,0,0,0,0,0,0,0,0,0,0,0,0,0,0,0,0,0,0,0,0,0,0,0,0,0,0,0,0,0,0,0,0,0,0,0,0,0,0,0,0,0,0,0,0,0,0,0,0,0,0,0,0,0,0,0,0,0,0,0,0,0,0,0,0,0,0,0,0,0,0,0,0,0,0,0,0,0,0,0,0,0,0,0,0,0,0,0,0,0,0,0,0,0,0,0,0,0,0,0,0,0,0,0,0,0,0,0,0,0,0,0,0,0,0,0,0,0,0,0,0,0,0,0,0,0,0,0,0,0,0,0,0,0,0,0,0,0,0,0,0,0,0,0,0,0,0,0,0,0,0,0,0,0,0,0,0,0,0,0,0,0,0,0,0,0,0,0,0,0,0,0,0,0,0,0,0,0,0,0,0,0,0,0,0,0,0,0,0,0,0,0,0,0,0,0,0,0,0,0,0,0,0,0,0,0,0,0,0,0,0,0,0,0,0,0,0,0
BLL,37,29,0,0,0,0,0,0,0,0,0,0,57,67,56,0,57,164,0,0,166,0,0,110,95,113,273,0,0,0,32,22,0,26,17,0,33,0,18,27,0,15,15,120,0,0,0,0,0,0,0,172,70,0,0,0,49,36,0,0,48,0,0,173,0,0,0,72,71,0,62,0,0,81,60,60,65,68,58,50,64,0,46,0,10,9,0,0,0,79,0,78,41,40,0,0,0,26,0,0,0,0,20,0,0,70,0,29,32,0,0,5,0,0,0,0,0,125,129,0,106,0,0,0,0,0,0,0,0,0,0,0,0,0,61,0,0,0,0,0,65,68,87,0,0,0,0,0,0,0,0,27,0,0,0,0,0,0,0,130,0,172,0,0,0,0,85,0,0,0,173,175,0,0,0,0,0,0,0,3,4,0,0,0,40,40,0,0,0,0,144,0,0,0,0,0,0,185,109,91,69,70,0,73,51,50,0,0,11,0,0,0,0,64,62,62,0,0,0,0,0,0,0,33,0,0,0,0,0,0,0,63,0,0,0,0,0,0,0,0,74,75,44,0,0,44,27,0,0,0,0,0,0,0,0,0,65,0,0,45,0,0,0,0,0,0,0,0,0,0,74,0,0,0,19,184,0,0,0,0,0,0,80,0,0,0,60,0,0,0,0,0,0,191,0,0,77,0,0,0,151,0,79,71,70,75,52,51,52,75,74,0,0,58,185,185,0,0,0,0,54,0,0,0,0,0,0,0,0,108,0,4,2,0,0,0,0,0,76,0,0,0,0,131,0,98,145,136,132,0,0,0,120,0,61,0,65,0,0,64,47,0,62,51,0,0,0,0,0,94,0,0,0,0,0,0,0,0,0,23,0,0,0,30,0,0,0,0,66,159,0,25,22,0,0,0,0,36,0,0,0,0,0,0,0,0,0,96,0,0,0,0,0,0,0,0,0,0,0,0,0,0
BLOA,22,21,0,0,0,0,0,0,0,0,0,0,13,15,13,0,13,105,0,0,105,0,0,56,56,58,176,0,0,0,26,34,0,31,36,0,24,0,37,30,0,38,38,64,0,0,0,0,0,0,0,137,3,0,0,0,13,13,0,48,0,0,0,110,0,0,0,30,30,0,65,0,0,51,51,51,39,32,13,13,43,0,16,0,53,54,0,0,0,20,0,44,14,16,0,0,0,27,0,0,0,0,33,0,0,6,0,28,27,0,0,51,0,0,0,0,0,69,73,0,70,0,0,0,0,0,0,0,0,0,0,0,0,0,71,0,0,0,0,0,33,31,27,0,0,0,0,0,0,0,0,25,0,0,0,0,0,0,0,62,0,137,0,0,0,0,42,0,0,0,112,114,0,0,0,0,0,0,0,47,45,0,0,0,15,14,0,0,0,0,88,0,0,0,0,0,0,151,49,48,10,11,0,21,12,13,0,0,41,0,0,0,0,51,51,51,0,0,0,0,0,0,0,20,0,0,0,0,0,0,0,17,0,0,0,0,0,0,0,0,29,30,36,0,0,37,26,0,0,0,0,0,0,0,0,0,80,0,0,18,0,0,0,0,0,0,0,0,0,0,41,0,0,0,33,122,0,0,0,0,0,0,36,0,0,0,60,0,0,0,0,0,0,156,0,0,51,0,0,0,95,0,46,51,52,51,49,47,49,51,51,0,0,56,151,151,0,0,0,0,9,0,0,0,0,0,0,0,0,72,0,50,49,0,0,0,0,0,37,0,0,0,0,62,0,62,97,62,62,0,0,0,65,0,5,0,6,0,5,3,3,0,5,6,0,0,0,0,0,52,0,0,0,0,0,0,0,0,0,27,0,0,0,23,0,0,0,0,19,101,0,28,31,0,0,0,0,23,0,0,0,0,0,0,0,0,0,35,0,0,0,0,0,0,0,0,0,0,0,0,0,0
BMN,0,0,0,0,0,0,0,0,0,0,0,0,0,0,0,0,0,0,0,0,0,0,0,0,0,0,0,0,0,0,0,0,0,0,0,0,0,0,0,0,0,0,0,0,0,0,0,0,0,0,0,0,0,0,0,0,0,0,0,0,0,0,0,0,0,0,0,0,0,0,0,0,0,0,0,0,0,0,0,0,0,0,0,0,0,0,0,0,0,0,0,0,0,0,0,0,0,0,0,0,0,0,0,0,0,0,0,0,0,0,7,0,0,0,0,0,0,0,0,0,0,0,0,0,0,0,0,0,0,0,0,0,0,0,0,0,0,0,0,0,0,0,0,0,0,0,0,0,0,0,0,0,0,0,0,0,0,0,0,0,0,0,0,0,0,0,0,0,0,0,0,0,0,0,0,0,0,0,0,0,0,0,0,0,0,0,0,0,0,0,0,0,0,0,0,0,0,0,0,0,0,0,0,0,0,0,0,0,0,0,0,0,0,0,0,0,0,0,0,0,0,0,0,0,0,0,0,0,0,0,0,0,0,0,0,0,0,0,0,0,0,0,0,0,0,0,0,0,0,0,0,0,0,0,0,0,0,0,0,0,0,0,0,0,0,0,0,0,0,0,0,0,0,0,0,0,0,0,0,0,0,0,0,0,0,0,0,0,0,0,0,0,0,0,0,0,0,0,0,0,0,0,0,0,0,0,0,0,0,0,0,0,0,0,0,0,0,0,0,0,0,0,0,0,0,0,0,0,0,0,0,0,0,0,0,0,0,0,0,0,0,0,0,0,0,0,0,0,0,0,0,0,0,0,0,0,0,0,0,0,0,0,0,0,0,0,0,0,0,0,0,0,0,0,0,0,0,0,0,0,0,0,0,0,0,0,0,0,0,0,0,0,0,0,0,0,0,0,0,0,0,0,0,0,0,0,0,0,0,0,0,0,0,8,0,0,0,0,0,0,0,0
BMR,0,0,0,0,0,0,0,0,0,0,0,0,0,0,0,0,0,0,0,0,0,0,0,0,0,0,0,0,0,0,0,0,0,0,0,0,0,0,0,0,0,0,0,0,0,0,0,0,0,0,0,0,0,0,0,0,0,0,0,0,0,0,0,0,0,0,0,0,0,0,0,0,0,0,0,0,0,0,0,0,0,0,0,0,0,0,0,0,12,0,0,0,0,0,0,0,0,0,0,0,0,0,0,0,0,0,0,0,0,0,0,0,0,0,0,0,0,0,0,0,0,0,0,0,0,0,0,0,0,0,0,0,0,0,0,0,0,0,0,0,0,0,0,0,0,0,0,0,0,0,0,0,0,0,0,0,0,0,0,0,0,0,0,0,0,0,0,0,0,0,0,0,0,0,0,0,0,0,0,0,0,0,0,0,0,0,0,0,0,0,0,0,0,0,0,0,0,0,0,0,0,0,0,0,0,0,0,0,0,0,0,0,0,0,0,0,0,0,0,0,0,0,0,0,0,0,0,0,0,0,0,0,0,0,0,0,0,0,0,0,0,0,0,0,0,0,0,0,0,0,0,0,0,0,0,0,0,0,0,0,0,0,0,0,0,0,0,0,0,0,0,0,0,0,0,0,0,0,0,0,0,0,0,0,0,0,0,0,0,0,0,0,0,0,0,0,0,0,0,0,0,0,0,0,0,0,0,0,0,0,0,0,0,0,0,0,0,0,0,0,0,0,0,0,0,0,0,0,0,0,0,0,0,0,0,0,0,0,0,0,0,0,0,0,0,0,0,0,0,0,0,0,0,0,0,0,0,0,0,0,0,0,0,0,0,0,0,0,0,0,0,0,0,8,0,0,0,0,0,0,0,0,0,0,0,0,0,0,0,0,0,0,0,0,0,0,0,0,0,0,0,0,0,0,0,0,0,0,0,0,0,0,0,0,0,0,0,0,0,0,0,0
BN,151,120,0,0,0,0,0,0,0,0,0,0,97,106,96,0,97,9,0,0,7,0,0,63,53,60,194,0,0,0,148,151,0,147,128,0,149,0,155,146,0,130,130,184,0,0,0,0,0,0,0,28,118,0,0,0,139,121,0,173,110,0,0,0,0,0,0,80,80,0,174,0,0,193,158,158,141,129,115,100,147,0,127,0,180,145,0,0,0,143,0,172,108,108,0,0,0,120,0,0,0,0,125,0,0,115,0,144,144,0,0,178,0,0,0,0,0,48,44,0,39,0,0,0,0,0,0,0,0,0,0,0,0,0,180,0,0,0,0,0,159,156,135,0,0,0,0,0,0,0,0,118,0,0,0,0,0,0,0,174,0,28,0,0,0,0,119,0,0,0,5,7,0,0,0,0,0,0,0,170,169,0,0,0,125,123,0,0,0,0,29,0,0,0,0,0,0,41,141,120,135,136,0,112,122,123,0,0,162,0,0,0,0,157,157,157,0,0,0,0,0,0,0,113,0,0,0,0,0,0,0,111,0,0,0,0,0,0,0,0,112,113,145,0,0,146,119,0,0,0,0,0,0,0,0,0,190,0,0,128,0,0,0,0,0,0,0,0,0,0,168,0,0,0,125,16,0,0,0,0,0,0,116,0,0,0,168,0,0,0,0,0,0,47,0,0,190,0,0,0,22,0,173,184,183,178,158,156,158,188,187,0,0,164,41,41,0,0,0,0,100,0,0,0,0,0,0,0,0,38,0,177,175,0,0,0,0,0,73,0,0,0,0,163,0,142,106,168,164,0,0,0,53,0,127,0,131,0,0,124,113,0,128,113,0,0,0,0,0,122,0,0,0,0,0,0,0,0,0,123,0,0,0,116,0,0,0,0,143,14,0,120,123,0,0,0,0,137,0,0,0,0,0,0,0,0,0,144,0,0,0,0,0,0,0,0,0,0,0,0,0,0
BNC,0,0,0,0,0,0,0,0,0,0,0,0,0,0,0,0,0,0,0,0,0,0,0,0,0,0,0,0,0,0,0,0,0,0,0,0,0,0,0,0,0,0,0,0,0,0,0,0,0,0,0,0,0,0,0,0,0,0,0,0,0,0,0,0,0,0,3,0,0,2,0,0,0,0,0,0,0,0,0,0,0,0,0,0,0,0,0,0,0,0,0,0,0,0,0,0,0,0,0,0,0,0,0,0,0,0,0,0,0,0,0,0,0,0,0,0,0,0,0,0,0,0,0,0,0,0,0,0,0,0,0,0,0,0,0,0,0,0,0,0,0,0,0,0,0,0,0,0,0,0,0,0,0,0,0,0,0,0,0,0,0,0,0,0,0,0,0,0,0,0,0,0,0,0,0,0,0,0,0,0,0,0,0,0,0,0,0,0,0,0,0,0,0,0,0,0,0,0,0,0,0,0,0,0,0,0,0,0,0,0,0,0,0,0,0,0,0,0,0,0,0,0,0,0,0,0,0,0,0,0,0,0,0,0,0,0,0,0,0,0,0,0,0,0,0,0,0,0,0,0,0,0,0,0,0,0,0,0,0,0,0,0,0,0,0,0,0,0,0,0,0,0,0,0,0,0,0,0,0,0,0,0,0,0,0,0,0,0,0,0,0,0,0,0,0,0,0,0,0,0,0,0,0,0,0,0,0,0,0,0,0,0,0,0,0,0,0,0,0,0,0,0,0,0,0,0,0,0,0,0,0,0,0,0,0,0,0,0,0,0,0,0,0,0,0,0,0,0,0,0,0,0,0,0,0,0,0,0,0,0,0,0,0,0,0,0,0,0,0,0,0,0,0,0,0,0,0,0,0,0,0,0,0,0,0,0,0,0,0,0,0,0,0,0,0,0,0,0,0,0,0,0,0,0,0,0,0,0,0,0,0,0,0,0,0,0,0,0,0,0,0,0
BNK,0,0,0,0,0,0,0,0,0,0,0,0,0,0,0,0,0,0,0,0,0,0,0,0,0,0,0,0,0,0,0,0,0,0,0,0,0,0,0,0,0,0,0,0,0,0,0,0,0,0,0,0,0,0,0,0,0,0,0,0,0,0,0,0,0,0,0,0,0,0,0,0,0,0,0,0,0,0,0,0,0,0,0,0,0,0,0,0,0,0,0,0,0,0,0,0,5,0,0,0,0,0,0,0,0,0,0,0,0,0,0,0,0,0,0,0,0,0,0,0,0,0,0,0,0,0,0,0,0,0,0,0,0,0,0,0,0,0,0,0,0,0,0,0,0,0,0,0,0,0,0,0,0,0,0,0,0,0,0,0,0,0,0,0,0,0,0,0,0,0,0,0,0,0,0,0,0,0,0,0,0,0,0,0,0,0,0,0,0,0,0,0,0,0,0,0,0,0,0,0,0,0,0,0,0,0,0,0,0,0,0,0,0,0,0,0,0,0,0,0,0,0,0,0,0,0,0,0,0,0,0,0,0,0,0,0,0,0,0,0,0,0,0,0,0,0,0,0,0,0,0,0,0,0,0,0,0,0,0,0,0,0,0,0,0,0,0,0,0,0,0,0,0,0,0,0,0,0,0,0,0,0,0,0,0,0,0,0,0,0,0,0,0,0,0,0,0,0,0,0,0,0,0,0,0,0,0,0,0,0,0,0,0,0,0,0,0,0,0,0,0,0,0,0,0,0,0,0,0,0,0,0,0,0,0,0,0,0,0,0,0,0,0,0,0,0,0,0,0,0,0,0,0,0,8,0,0,0,0,0,0,0,0,0,0,0,0,0,0,0,0,0,0,0,0,0,0,0,0,0,0,0,0,0,0,0,0,0,0,0,0,0,0,0,0,0,0,0,0,0,0,0,0,0,0,0,0,0,0,0,0,0,0,0,0,0,0,0,0,0,0,0
BNN,0,0,0,0,0,0,0,0,0,0,0,0,0,0,0,0,0,0,0,0,0,0,0,0,0,0,0,0,0,0,0,0,0,0,0,0,0,0,0,0,0,0,0,0,0,0,0,0,0,0,0,0,0,0,0,0,0,0,0,0,0,0,0,0,3,0,0,0,1,0,0,0,0,0,0,0,0,0,0,0,0,0,0,0,0,0,0,0,0,0,0,0,0,0,0,0,0,0,0,0,0,0,0,0,0,0,0,0,0,0,0,0,0,0,0,0,0,0,0,0,0,0,0,0,0,0,0,0,0,0,0,0,0,0,0,0,0,0,0,0,0,0,0,0,0,0,0,0,0,0,0,0,0,0,0,0,0,0,0,0,0,0,0,0,0,0,0,0,0,0,0,0,0,0,0,0,0,0,0,0,0,0,0,0,0,0,0,0,0,0,0,0,0,0,0,0,0,0,0,0,0,0,0,0,0,0,0,0,0,0,0,0,0,0,0,0,0,0,0,0,0,0,0,0,0,0,0,0,0,0,0,0,0,0,0,0,0,0,0,0,0,0,0,0,0,0,0,0,0,0,0,0,0,0,0,0,0,0,0,0,0,0,0,0,0,0,0,0,0,0,0,0,0,0,0,0,0,0,0,0,0,0,0,0,0,0,0,0,0,0,0,0,0,0,0,0,0,0,0,0,0,0,0,0,0,0,0,0,0,0,0,0,0,0,0,0,0,0,0,0,0,0,0,0,0,0,0,0,0,0,0,0,0,0,0,0,0,0,0,0,0,0,0,0,0,0,0,0,0,0,0,0,0,0,0,0,0,0,0,0,0,0,0,0,0,0,0,0,0,0,0,0,0,0,0,0,0,0,0,0,0,0,0,0,0,0,0,0,0,0,0,0,0,0,0,0,0,0,0,0,0,0,0,0,0,0,0,0,0,0,0,0,0,0,0,0,0,0,0,0,0,0
BNV,44,44,0,0,0,0,0,0,0,0,0,0,17,16,17,0,17,75,0,0,75,0,0,26,26,28,155,0,0,0,48,53,0,51,56,0,46,0,58,49,0,58,58,85,0,0,0,0,0,0,0,107,27,0,0,0,42,42,0,72,30,0,0,80,0,0,0,0,1,0,94,0,0,80,80,80,64,53,22,22,70,0,32,0,73,75,0,0,0,35,0,73,31,32,0,0,0,46,0,0,0,0,52,0,0,25,0,48,48,0,0,73,0,0,0,0,0,39,43,0,40,0,0,0,0,0,0,0,0,0,0,0,0,0,101,0,0,0,0,0,63,61,38,0,0,0,0,0,0,0,0,44,0,0,0,0,0,0,0,79,0,107,0,0,0,0,52,0,0,0,82,84,0,0,0,0,0,0,0,70,68,0,0,0,45,44,0,0,0,0,57,0,0,0,0,0,0,120,57,55,33,33,0,10,30,30,0,0,63,0,0,0,0,79,79,79,0,0,0,0,0,0,0,38,0,0,0,0,0,0,0,35,0,0,0,0,0,0,0,0,40,41,66,0,0,67,45,0,0,0,0,0,0,0,0,0,111,0,0,33,0,0,0,0,0,0,0,0,0,0,71,0,0,0,53,92,0,0,0,0,0,0,46,0,0,0,89,0,0,0,0,0,0,125,0,0,80,0,0,0,65,0,75,81,82,80,78,77,79,80,80,0,0,85,120,120,0,0,0,0,21,0,0,0,0,0,0,0,0,42,0,72,72,0,0,0,0,0,7,0,0,0,0,76,0,76,86,78,76,0,0,0,35,0,35,0,33,0,0,33,33,0,34,33,0,0,0,0,0,60,0,0,0,0,0,0,0,0,0,48,0,0,0,41,0,0,0,0,49,71,0,47,50,0,0,0,0,42,0,0,0,0,0,0,0,0,0,46,0,0,0,0,0,0,0,0,0,0,0,0,0,0
BNVA,44,43,0,0,0,0,0,0,0,0,0,0,17,15,16,0,17,75,0,0,76,0,0,26,27,29,155,0,0,0,47,53,0,50,55,0,46,0,57,49,0,57,57,84,0,0,0,0,0,0,0,108,27,0,0,0,41,41,0,71,30,0,0,80,0,0,1,1,0,0,94,0,0,79,79,79,64,53,22,21,70,0,32,0,73,74,0,0,0,35,0,73,30,31,0,0,0,46,0,0,0,0,52,0,0,24,0,47,47,0,0,72,0,0,0,0,0,40,43,0,41,0,0,0,0,0,0,0,0,0,0,0,0,0,100,0,0,0,0,0,63,61,38,0,0,0,0,0,0,0,0,44,0,0,0,0,0,0,0,79,0,108,0,0,0,0,52,0,0,0,83,84,0,0,0,0,0,0,0,70,67,0,0,0,45,43,0,0,0,0,58,0,0,0,0,0,0,121,56,55,32,33,0,9,29,30,0,0,63,0,0,0,0,78,79,79,0,0,0,0,0,0,0,38,0,0,0,0,0,0,0,34,0,0,0,0,0,0,0,0,39,41,65,0,0,66,45,0,0,0,0,0,0,0,0,0,110,0,0,33,0,0,0,0,0,0,0,0,0,0,70,0,0,0,52,93,0,0,0,0,0,0,46,0,0,0,89,0,0,0,0,0,0,126,0,0,79,0,0,0,65,0,75,80,81,80,78,76,78,79,80,0,0,84,121,121,0,0,0,0,20,0,0,0,0,0,0,0,0,42,0,72,71,0,0,0,0,0,7,0,0,0,0,76,0,76,86,77,76,0,0,0,36,0,34,0,33,0,0,33,33,0,34,33,0,0,0,0,0,59,0,0,0,0,0,0,0,0,0,48,0,0,0,41,0,0,0,0,49,71,0,46,50,0,0,0,0,41,0,0,0,0,0,0,0,0,0,45,0,0,0,0,0,0,0,0,0,0,0,0,0,0
BNZ,0,0,0,0,0,0,0,0,0,0,0,0,0,0,0,0,0,0,0,0,0,0,0,0,0,0,0,0,0,0,0,0,0,0,0,0,0,0,0,0,0,0,0,0,0,0,0,0,0,0,0,0,0,0,0,0,0,0,0,0,0,0,0,0,2,0,0,0,0,0,0,0,0,0,0,0,0,0,0,0,0,0,0,0,0,0,0,0,0,0,0,0,0,0,0,0,0,0,0,0,0,0,0,0,0,0,0,0,0,0,0,0,0,0,0,0,0,0,0,0,0,0,0,0,0,0,0,0,0,0,0,0,0,0,0,0,0,0,0,0,0,0,0,0,0,0,0,0,0,0,0,0,0,0,0,0,0,0,0,0,0,0,0,0,0,0,0,0,0,0,0,0,0,0,0,0,0,0,0,0,0,0,0,0,0,0,0,0,0,0,0,0,0,0,0,0,0,0,0,0,0,0,0,0,0,0,0,0,0,0,0,0,0,0,0,0,0,0,0,0,0,0,0,0,0,0,0,0,0,0,0,0,0,0,0,6,0,0,0,0,0,0,0,0,0,0,0,0,0,0,0,0,0,0,0,0,0,0,0,0,0,0,0,0,0,0,0,0,0,0,0,0,0,0,0,0,0,0,0,0,0,0,0,0,0,0,0,0,0,0,0,0,0,0,0,0,0,0,0,0,0,0,0,0,0,0,0,0,0,0,0,0,0,0,0,0,0,0,0,0,0,0,0,0,0,0,0,0,0,0,0,0,0,0,0,0,0,0,0,0,0,0,0,0,0,0,0,0,0,0,0,0,0,0,0,0,0,0,0,0,0,0,0,0,0,0,0,0,0,0,0,0,0,0,0,0,0,0,0,0,0,0,0,0,0,0,0,0,0,0,0,0,0,0,0,0,0,0,0,0,0,0,0,0,0,0,0,0,0,0,0,0,0,0,0,0,0,0,0,0,0,0
BOT,64,64,0,0,0,0,0,0,0,0,0,0,78,80,78,0,78,169,0,0,170,0,0,120,121,123,236,0,0,0,65,69,0,68,68,0,64,0,67,68,0,68,68,46,0,0,0,0,0,0,0,201,68,0,0,0,57,57,0,62,65,0,0,174,0,0,0,94,94,0,0,0,0,18,17,17,37,50,76,77,30,0,73,0,70,70,0,0,0,64,0,21,72,73,0,0,0,69,0,0,0,0,69,0,0,71,0,69,67,0,0,66,0,0,0,0,0,134,137,0,135,0,0,0,0,0,0,0,0,0,0,0,0,0,10,0,0,0,0,0,32,34,67,0,0,0,0,0,0,0,0,69,0,0,0,0,0,0,0,55,0,201,0,0,0,0,68,0,0,0,176,178,0,0,0,0,0,0,0,60,61,0,0,0,51,52,0,0,0,0,152,0,0,0,0,0,0,214,72,72,62,62,0,85,71,72,0,0,63,0,0,0,0,21,19,19,0,0,0,0,0,0,0,71,0,0,0,0,0,0,0,63,0,0,0,0,0,0,0,0,67,66,29,0,0,28,69,0,0,0,0,0,0,0,0,0,20,0,0,73,0,0,0,0,0,0,0,0,0,0,24,0,0,0,69,186,0,0,0,0,0,0,67,0,0,0,6,0,0,0,0,0,0,219,0,0,16,0,0,0,159,0,19,14,13,14,16,18,16,15,15,0,0,10,214,214,0,0,0,0,74,0,0,0,0,0,0,0,0,136,0,65,64,0,0,0,0,0,101,0,0,0,0,65,0,64,131,59,63,0,0,0,129,0,60,0,61,0,0,62,62,0,60,61,0,0,0,0,0,73,0,0,0,0,0,0,0,0,0,65,0,0,0,70,0,0,0,0,46,165,0,69,68,0,0,0,0,70,0,0,0,0,0,0,0,0,0,67,0,0,0,0,0,0,0,0,0,0,0,0,0,0
BP,0,0,0,0,0,0,0,0,0,0,0,0,0,0,0,0,0,0,0,0,0,0,0,0,0,0,0,0,0,0,0,0,0,0,0,0,0,0,0,0,0,0,0,0,0,0,0,0,0,0,0,0,0,0,0,0,0,0,0,0,0,0,0,0,0,0,0,0,0,0,0,0,0,0,0,0,0,0,0,0,0,0,0,0,0,0,0,0,0,0,0,0,0,0,0,0,0,0,0,0,0,0,0,0,0,0,0,0,0,0,0,0,0,0,0,0,0,0,0,0,0,0,0,0,0,0,0,0,0,0,0,0,0,0,0,0,0,0,0,0,0,0,0,0,0,13,0,0,0,0,0,0,0,0,0,0,0,0,0,0,0,0,0,0,0,0,0,0,0,0,0,0,0,0,0,0,0,0,0,0,0,0,0,0,0,0,0,0,0,0,0,0,0,0,0,0,0,0,0,0,0,0,0,0,0,0,0,0,0,0,0,0,0,0,0,0,0,0,0,0,0,0,0,0,0,0,0,0,0,0,0,0,0,0,0,0,0,0,0,0,0,0,0,0,0,0,0,0,0,0,0,0,0,0,0,0,0,0,0,0,0,0,0,0,0,0,0,0,0,0,0,0,0,0,0,0,0,0,0,0,0,0,0,0,0,0,0,0,0,0,0,0,0,0,0,0,0,0,0,0,0,0,0,0,0,0,0,0,0,0,0,0,0,0,0,0,0,0,0,0,0,0,0,0,0,0,0,0,0,0,0,0,0,0,0,0,0,0,0,0,0,0,0,0,0,0,0,0,0,0,0,0,0,0,0,0,0,0,0,0,0,0,0,0,0,0,0,0,0,0,0,0,0,0,0,0,0,0,0,0,0,0,0,0,0,13,0,0,0,0,0,0,0,0,0,0,0,0,0,0,0,0,0,0,0,0,0,0,0,0,0,0,0,0,0,0,0,0,0,0,0,0
BR,0,0,0,0,0,0,0,0,0,0,0,0,0,0,0,0,0,0,0,0,0,0,0,0,0,0,0,0,0,0,0,0,0,0,0,0,0,0,0,0,0,0,0,0,0,0,0,0,0,0,0,0,0,0,0,0,0,0,0,0,0,0,0,0,0,0,0,0,0,0,0,0,0,0,0,0,0,0,0,0,0,0,0,0,0,0,0,0,0,0,0,0,0,0,0,0,0,0,0,0,0,0,0,0,0,0,0,0,0,0,0,0,0,0,0,0,0,0,0,0,0,0,0,0,0,0,0,0,0,0,0,0,0,0,0,0,0,0,0,0,0,0,0,0,0,0,0,0,0,0,0,0,0,0,0,0,0,0,0,0,0,0,0,0,0,0,0,0,0,0,0,0,0,0,0,0,0,0,0,0,0,0,0,0,0,0,0,0,0,0,0,0,0,0,0,0,12,0,0,0,0,0,0,0,0,0,0,0,0,0,0,0,0,0,0,0,0,0,0,0,0,0,0,0,0,0,0,0,0,0,0,0,0,0,0,0,0,0,0,0,0,0,0,0,0,0,0,0,0,0,0,0,0,0,0,0,0,0,0,0,0,0,0,0,0,0,0,0,0,0,0,0,0,0,0,0,0,0,0,0,0,0,0,0,0,0,0,0,0,0,0,0,0,0,0,0,0,0,0,0,0,0,0,0,0,0,0,0,0,0,0,0,0,0,0,0,0,0,0,0,0,0,0,0,0,0,0,0,0,0,0,0,0,0,0,0,0,0,0,0,0,0,0,0,0,0,0,0,0,0,0,0,0,0,0,0,0,0,0,0,0,0,0,0,0,0,0,0,0,0,0,0,2,32,0,0,0,24,0,0,0,0,0,0,0,0,0,0,0,0,0,0,0,0,0,0,0,0,0,0,0,0,0,0,0,0,0,0,0,0,0,0,0,0,0,0,0,0,0,0,0,0
BRD,82,55,0,0,0,0,0,0,0,0,0,0,63,88,64,0,63,185,0,0,187,0,0,131,105,134,294,0,0,0,87,97,0,93,63,0,86,0,93,94,0,64,64,39,0,0,0,0,0,0,0,185,76,0,0,0,70,46,0,81,51,0,0,193,0,0,0,80,79,0,18,0,0,0,2,2,19,32,91,64,12,0,90,0,91,70,0,0,0,66,0,22,61,62,0,0,0,61,0,0,0,0,63,0,0,79,0,96,91,0,0,86,0,0,0,0,0,146,150,0,119,0,0,0,0,0,0,0,0,0,0,0,0,0,27,0,0,0,0,0,35,38,58,0,0,0,0,0,0,0,0,61,0,0,0,0,0,0,0,49,0,185,0,0,0,0,50,0,0,0,188,190,0,0,0,0,0,0,0,78,79,0,0,0,39,40,0,0,0,0,165,0,0,0,0,0,0,198,80,54,75,75,0,94,85,86,0,0,86,0,0,0,0,4,1,1,0,0,0,0,0,0,0,61,0,0,0,0,0,0,0,47,0,0,0,0,0,0,0,0,49,49,19,0,0,18,61,0,0,0,0,0,0,0,0,0,38,0,0,91,0,0,0,0,0,0,0,0,0,0,26,0,0,0,63,199,0,0,0,0,0,0,49,0,0,0,12,0,0,0,0,0,0,202,0,0,4,0,0,0,172,0,21,10,11,16,10,11,11,6,7,0,0,9,198,198,0,0,0,0,60,0,0,0,0,0,0,0,0,121,0,85,83,0,0,0,0,0,86,0,0,0,0,60,0,48,114,55,59,0,0,0,141,0,67,0,71,0,0,70,48,0,68,47,0,0,0,0,0,55,0,0,0,0,0,0,0,0,0,58,0,0,0,61,0,0,0,0,51,180,0,61,62,0,0,0,0,98,0,0,0,0,0,0,0,0,0,67,0,0,0,0,0,0,0,0,0,0,0,0,9,0
BRDA,54,54,0,0,0,0,0,0,0,0,0,0,63,65,64,0,63,154,0,0,154,0,0,105,106,107,225,0,0,0,57,62,0,61,62,0,56,0,61,61,0,63,63,35,0,0,0,0,0,0,0,185,54,0,0,0,46,45,0,60,51,0,0,158,0,0,0,80,79,0,17,0,0,2,0,1,20,33,63,63,13,0,61,0,68,68,0,0,0,48,0,10,60,61,0,0,0,60,0,0,0,0,62,0,0,57,0,60,59,0,0,64,0,0,0,0,0,119,122,0,120,0,0,0,0,0,0,0,0,0,0,0,0,0,26,0,0,0,0,0,20,21,50,0,0,0,0,0,0,0,0,60,0,0,0,0,0,0,0,41,0,185,0,0,0,0,51,0,0,0,160,162,0,0,0,0,0,0,0,58,58,0,0,0,38,40,0,0,0,0,137,0,0,0,0,0,0,199,56,55,47,47,0,71,59,60,0,0,59,0,0,0,0,6,3,3,0,0,0,0,0,0,0,60,0,0,0,0,0,0,0,47,0,0,0,0,0,0,0,0,50,50,18,0,0,17,60,0,0,0,0,0,0,0,0,0,37,0,0,62,0,0,0,0,0,0,0,0,0,0,12,0,0,0,62,171,0,0,0,0,0,0,50,0,0,0,11,0,0,0,0,0,0,203,0,0,1,0,0,0,144,0,9,7,8,9,9,9,9,3,5,0,0,7,199,199,0,0,0,0,60,0,0,0,0,0,0,0,0,121,0,63,62,0,0,0,0,0,86,0,0,0,0,51,0,49,115,45,49,0,0,0,114,0,46,0,47,0,0,48,48,0,46,47,0,0,0,0,0,57,0,0,0,0,0,0,0,0,0,57,0,0,0,60,0,0,0,0,34,150,0,61,61,0,0,0,0,60,0,0,0,0,0,0,0,0,0,50,0,0,0,0,0,0,0,0,0,0,0,0,0,0
BRDVA,54,54,0,0,0,0,0,0,0,0,0,0,63,65,64,0,63,154,0,0,154,0,0,105,106,107,225,0,0,0,57,62,0,61,62,0,56,0,61,61,0,63,63,35,0,0,0,0,0,0,0,185,54,0,0,0,46,45,0,60,51,0,0,158,0,0,0,80,79,0,17,0,0,2,1,0,20,33,63,63,13,0,61,0,68,68,0,0,0,48,0,10,60,61,0,0,0,60,0,0,0,0,62,0,0,57,0,60,59,0,0,64,0,0,0,0,0,119,122,0,120,0,0,0,0,0,0,0,0,0,0,0,0,0,26,0,0,0,0,0,20,21,50,0,0,0,0,0,0,0,0,60,0,0,0,0,0,0,0,41,0,185,0,0,0,0,51,0,0,0,160,162,0,0,0,0,0,0,0,58,58,0,0,0,38,40,0,0,0,0,137,0,0,0,0,0,0,199,56,55,47,47,0,71,59,60,0,0,59,0,0,0,0,6,3,3,0,0,0,0,0,0,0,60,0,0,0,0,0,0,0,47,0,0,0,0,0,0,0,0,50,50,18,0,0,17,60,0,0,0,0,0,0,0,0,0,37,0,0,62,0,0,0,0,0,0,0,0,0,0,12,0,0,0,62,171,0,0,0,0,0,0,50,0,0,0,11,0,0,0,0,0,0,203,0,0,1,0,0,0,144,0,9,7,8,9,9,9,9,3,5,0,0,7,199,199,0,0,0,0,60,0,0,0,0,0,0,0,0,121,0,63,62,0,0,0,0,0,86,0,0,0,0,51,0,49,115,45,49,0,0,0,114,0,46,0,47,0,0,48,48,0,46,47,0,0,0,0,0,57,0,0,0,0,0,0,0,0,0,57,0,0,0,60,0,0,0,0,34,150,0,61,61,0,0,0,0,60,0,0,0,0,0,0,0,0,0,50,0,0,0,0,0,0,0,0,0,0,0,0,0,0
BRGND,50,49,0,0,0,0,0,0,0,0,0,0,50,52,51,0,50,138,0,0,138,0,0,89,89,91,215,0,0,0,54,61,0,59,62,0,52,0,61,58,0,63,63,27,0,0,0,0,0,0,0,168,42,0,0,0,39,39,0,65,39,0,0,141,0,0,0,64,64,0,37,0,0,19,20,20,0,13,52,52,7,0,53,0,72,73,0,0,0,30,0,21,51,53,0,0,0,57,0,0,0,0,60,0,0,44,0,57,56,0,0,69,0,0,0,0,0,103,106,0,103,0,0,0,0,0,0,0,0,0,0,0,0,0,46,0,0,0,0,0,22,21,31,0,0,0,0,0,0,0,0,56,0,0,0,0,0,0,0,29,0,168,0,0,0,0,32,0,0,0,143,145,0,0,0,0,0,0,0,63,62,0,0,0,31,32,0,0,0,0,120,0,0,0,0,0,0,181,36,36,32,32,0,57,50,51,0,0,61,0,0,0,0,16,18,18,0,0,0,0,0,0,0,54,0,0,0,0,0,0,0,30,0,0,0,0,0,0,0,0,31,30,22,0,0,22,56,0,0,0,0,0,0,0,0,0,57,0,0,54,0,0,0,0,0,0,0,0,0,0,20,0,0,0,60,153,0,0,0,0,0,0,31,0,0,0,31,0,0,0,0,0,0,185,0,0,21,0,0,0,127,0,23,25,26,26,25,24,25,22,23,0,0,27,181,181,0,0,0,0,47,0,0,0,0,0,0,0,0,105,0,68,66,0,0,0,0,0,71,0,0,0,0,35,0,34,96,31,34,0,0,0,98,0,34,0,34,0,0,37,36,0,34,34,0,0,0,0,0,37,0,0,0,0,0,0,0,0,0,54,0,0,0,55,0,0,0,0,28,134,0,57,58,0,0,0,0,55,0,0,0,0,0,0,0,0,0,30,0,0,0,0,0,0,0,0,0,0,0,0,0,0
BRGRO,49,48,0,0,0,0,0,0,0,0,0,0,41,42,42,0,41,126,0,0,126,0,0,77,77,79,207,0,0,0,53,60,0,58,62,0,51,0,62,57,0,63,63,32,0,0,0,0,0,0,0,155,34,0,0,0,37,36,0,68,32,0,0,129,0,0,0,53,53,0,50,0,0,32,33,33,13,0,44,44,20,0,48,0,75,76,0,0,0,18,0,32,46,48,0,0,0,55,0,0,0,0,60,0,0,36,0,56,54,0,0,72,0,0,0,0,0,91,94,0,91,0,0,0,0,0,0,0,0,0,0,0,0,0,59,0,0,0,0,0,29,27,18,0,0,0,0,0,0,0,0,54,0,0,0,0,0,0,0,29,0,155,0,0,0,0,20,0,0,0,130,132,0,0,0,0,0,0,0,66,65,0,0,0,29,31,0,0,0,0,108,0,0,0,0,0,0,168,25,25,24,22,0,47,44,45,0,0,63,0,0,0,0,29,31,31,0,0,0,0,0,0,0,51,0,0,0,0,0,0,0,19,0,0,0,0,0,0,0,0,18,17,31,0,0,31,54,0,0,0,0,0,0,0,0,0,70,0,0,50,0,0,0,0,0,0,0,0,0,0,31,0,0,0,60,141,0,0,0,0,0,0,18,0,0,0,44,0,0,0,0,0,0,172,0,0,34,0,0,0,115,0,34,37,39,39,37,35,37,35,36,0,0,40,168,168,0,0,0,0,39,0,0,0,0,0,0,0,0,92,0,71,69,0,0,0,0,0,60,0,0,0,0,32,0,31,84,30,31,0,0,0,86,0,28,0,26,0,0,31,30,0,27,27,0,0,0,0,0,27,0,0,0,0,0,0,0,0,0,53,0,0,0,52,0,0,0,0,28,122,0,56,58,0,0,0,0,52,0,0,0,0,0,0,0,0,0,17,0,0,0,0,0,0,0,0,0,0,0,0,0,0
BRN,38,21,0,0,0,0,0,0,0,0,0,0,8,9,7,0,8,106,0,0,108,0,0,52,48,55,215,0,0,0,33,36,0,32,34,0,34,0,40,31,0,37,37,115,0,0,0,0,0,0,0,128,15,0,0,0,36,20,0,58,13,0,0,115,0,0,0,22,22,0,76,0,0,91,63,63,52,44,0,1,56,0,12,0,65,53,0,0,0,42,0,69,9,10,0,0,0,25,0,0,0,0,31,0,0,12,0,29,29,0,0,63,0,0,0,0,0,67,71,0,61,0,0,0,0,0,0,0,0,0,0,0,0,0,82,0,0,0,0,0,56,53,50,0,0,0,0,0,0,0,0,23,0,0,0,0,0,0,0,105,0,128,0,0,0,0,52,0,0,0,115,117,0,0,0,0,0,0,0,55,54,0,0,0,26,24,0,0,0,0,86,0,0,0,0,0,0,141,72,57,32,33,0,15,7,8,0,0,47,0,0,0,0,64,63,63,0,0,0,0,0,0,0,17,0,0,0,0,0,0,0,27,0,0,0,0,0,0,0,0,38,39,47,0,0,48,23,0,0,0,0,0,0,0,0,0,91,0,0,13,0,0,0,0,0,0,0,0,0,0,65,0,0,0,31,126,0,0,0,0,0,0,45,0,0,0,71,0,0,0,0,0,0,147,0,0,87,0,0,0,93,0,70,81,80,75,60,59,61,85,84,0,0,67,141,141,0,4,0,0,7,0,0,0,0,0,0,0,0,62,0,62,60,0,0,0,0,0,28,0,0,0,0,94,0,73,100,99,95,0,0,0,62,0,24,0,28,0,0,21,16,0,25,18,0,0,0,0,0,61,0,0,0,0,0,0,0,0,0,26,0,0,0,20,0,0,0,0,40,101,0,25,29,0,0,0,0,22,0,0,0,0,0,0,0,0,0,59,0,0,0,0,0,0,0,0,0,0,0,0,0,0
BRNA,23,22,0,0,0,0,0,0,0,0,0,0,7,8,7,0,7,94,0,0,95,0,0,46,47,49,164,0,0,0,26,33,0,30,35,0,25,0,37,29,0,37,37,76,0,0,0,0,0,0,0,128,10,0,0,0,21,21,0,50,13,0,0,100,0,0,0,22,21,0,77,0,0,64,63,63,52,44,1,0,56,0,11,0,53,54,0,0,0,29,0,56,10,11,0,0,0,25,0,0,0,0,32,0,0,8,0,27,27,0,0,52,0,0,0,0,0,60,63,0,60,0,0,0,0,0,0,0,0,0,0,0,0,0,82,0,0,0,0,0,45,43,36,0,0,0,0,0,0,0,0,24,0,0,0,0,0,0,0,73,0,128,0,0,0,0,51,0,0,0,103,104,0,0,0,0,0,0,0,49,47,0,0,0,26,24,0,0,0,0,78,0,0,0,0,0,0,141,57,56,21,22,0,12,8,9,0,0,42,0,0,0,0,64,63,63,0,0,0,0,0,0,0,17,0,0,0,0,0,0,0,27,0,0,0,0,0,0,0,0,37,39,47,0,0,49,24,0,0,0,0,0,0,0,0,0,91,0,0,13,0,0,0,0,0,0,0,0,0,0,53,0,0,0,32,112,0,0,0,0,0,0,45,0,0,0,71,0,0,0,0,0,0,146,0,0,63,0,0,0,85,0,58,63,64,62,60,59,61,63,63,0,0,68,141,141,0,0,0,0,6,0,0,0,0,0,0,0,0,62,0,52,51,0,0,0,0,0,27,0,0,0,0,73,0,73,99,73,73,0,0,0,55,0,18,0,18,0,0,15,16,0,18,18,0,0,0,0,0,60,0,0,0,0,0,0,0,0,0,27,0,0,0,20,0,0,0,0,30,90,0,26,30,0,0,0,0,21,0,0,0,0,0,0,0,0,0,44,0,0,0,0,0,0,0,0,0,0,0,0,0,0
BRPPD,52,51,0,0,0,0,0,0,0,0,0,0,55,57,56,0,55,144,0,0,144,0,0,95,95,97,220,0,0,0,55,61,0,60,62,0,54,0,62,59,0,63,63,27,0,0,0,0,0,0,0,174,46,0,0,0,41,41,0,64,43,0,0,147,0,0,0,70,70,0,30,0,0,12,13,13,7,20,56,56,0,0,56,0,72,72,0,0,0,36,0,16,55,56,0,0,0,58,0,0,0,0,61,0,0,49,0,59,57,0,0,68,0,0,0,0,0,109,112,0,109,0,0,0,0,0,0,0,0,0,0,0,0,0,40,0,0,0,0,0,20,20,38,0,0,0,0,0,0,0,0,58,0,0,0,0,0,0,0,31,0,174,0,0,0,0,38,0,0,0,149,151,0,0,0,0,0,0,0,62,61,0,0,0,33,35,0,0,0,0,126,0,0,0,0,0,0,187,42,42,37,37,0,62,53,54,0,0,61,0,0,0,0,9,11,11,0,0,0,0,0,0,0,57,0,0,0,0,0,0,0,36,0,0,0,0,0,0,0,0,37,37,20,0,0,19,58,0,0,0,0,0,0,0,0,0,50,0,0,57,0,0,0,0,0,0,0,0,0,0,16,0,0,0,61,160,0,0,0,0,0,0,37,0,0,0,24,0,0,0,0,0,0,191,0,0,14,0,0,0,133,0,18,19,20,21,19,18,20,16,17,0,0,21,187,187,0,0,0,0,52,0,0,0,0,0,0,0,0,111,0,67,65,0,0,0,0,0,77,0,0,0,0,39,0,38,102,34,38,0,0,0,104,0,38,0,38,0,0,41,40,0,38,38,0,0,0,0,0,43,0,0,0,0,0,0,0,0,0,56,0,0,0,57,0,0,0,0,30,140,0,59,60,0,0,0,0,57,0,0,0,0,0,0,0,0,0,37,0,0,0,0,0,0,0,0,0,0,0,0,0,0
BSK,0,0,0,0,0,0,0,0,0,0,0,0,0,0,0,0,0,0,0,0,0,0,0,0,0,0,0,6,0,0,0,0,0,0,0,0,0,0,0,0,0,0,0,0,0,0,0,0,0,0,0,0,0,0,0,0,0,0,0,0,0,0,0,0,0,0,0,0,0,0,0,0,0,0,0,0,0,0,0,0,0,0,0,0,0,0,0,0,0,0,0,0,0,0,0,0,0,0,0,0,0,0,0,0,0,0,0,0,0,0,0,0,0,0,0,0,0,0,0,0,0,0,0,0,0,0,0,0,0,0,0,0,0,0,0,0,0,0,0,0,0,0,0,0,0,0,0,0,0,0,0,0,0,0,0,0,0,0,0,0,0,0,0,0,0,0,0,0,0,0,0,0,0,0,0,0,0,0,0,0,0,0,0,0,0,0,0,0,0,0,0,0,0,0,0,0,0,0,0,0,0,0,0,0,0,0,0,0,0,0,0,0,0,0,0,0,0,0,0,0,0,0,0,0,0,0,0,0,0,0,0,0,0,0,0,0,0,0,0,0,0,0,0,0,0,0,0,0,0,0,0,0,0,0,0,0,0,0,0,0,0,0,0,0,0,0,0,0,0,0,0,0,0,0,0,0,0,0,0,0,0,0,0,0,0,0,0,0,0,0,0,0,0,0,0,0,0,0,0,0,0,0,0,0,0,0,0,0,0,0,0,0,0,0,0,0,0,0,0,0,0,0,0,0,0,0,0,0,0,0,0,0,0,0,0,0,0,0,0,0,0,0,0,0,0,0,0,0,0,0,0,0,0,0,0,0,0,0,0,0,0,0,0,0,0,0,0,0,0,0,0,0,0,0,0,0,0,0,0,0,0,0,0,0,0,0,4,0,0,0,0,0,0,0,0,0,0,0,0,0,0,0,0,0,0,0,0,0,0,0,0,0,0,0,0,0,0,0,0,0,0,0
BSMZ,26,12,0,0,0,0,0,0,0,0,0,0,18,21,18,0,18,118,0,0,120,0,0,64,56,67,227,0,0,0,21,24,0,20,24,0,22,0,28,19,0,26,26,114,0,0,0,0,0,0,0,136,26,0,0,0,35,16,0,46,16,0,0,127,0,0,0,32,32,0,73,0,0,90,61,61,53,48,12,11,56,0,0,0,53,43,0,0,0,41,0,68,2,1,0,0,0,14,0,0,0,0,21,0,0,24,0,17,17,0,0,51,0,0,0,0,0,79,83,0,69,0,0,0,0,0,0,0,0,0,0,0,0,0,77,0,0,0,0,0,55,52,49,0,0,0,0,0,0,0,0,12,0,0,0,0,0,0,0,104,0,136,0,0,0,0,58,0,0,0,127,129,0,0,0,0,0,0,0,43,42,0,0,0,23,21,0,0,0,0,98,0,0,0,0,0,0,149,71,64,31,32,0,27,5,4,0,0,35,0,0,0,0,63,62,62,0,0,0,0,0,0,0,6,0,0,0,0,0,0,0,33,0,0,0,0,0,0,0,0,45,46,44,0,0,45,13,0,0,0,0,0,0,0,0,0,85,0,0,1,0,0,0,0,0,0,0,0,0,0,64,0,0,0,21,138,0,0,0,0,0,0,52,0,0,0,68,0,0,0,0,0,0,155,0,0,86,0,0,0,105,0,69,80,79,74,57,56,57,84,83,0,0,65,149,149,0,0,0,0,16,0,0,0,0,0,0,0,0,70,0,50,48,0,0,0,0,0,37,0,0,0,0,93,0,78,110,98,94,0,0,0,74,0,23,0,27,0,0,20,18,0,24,22,0,0,0,0,0,68,0,0,0,0,0,0,0,0,0,16,0,0,0,9,0,0,0,0,39,113,0,15,18,0,0,0,0,10,0,0,0,0,0,0,0,0,0,58,0,0,0,0,0,0,0,0,0,0,0,0,0,0
BTL,0,0,0,0,0,0,0,0,0,0,0,0,0,0,0,0,0,0,0,0,0,0,0,0,0,0,0,0,0,0,0,0,0,0,0,0,0,0,0,0,0,0,0,0,0,0,0,0,12,0,0,0,0,0,0,0,0,0,0,0,0,0,0,0,0,0,0,0,0,0,0,0,0,0,0,0,0,0,0,0,0,0,0,0,0,0,0,0,0,0,0,0,0,0,0,0,0,0,0,0,0,0,0,0,0,0,0,0,0,0,0,0,0,0,0,0,0,0,0,0,0,0,0,0,0,0,0,0,0,0,0,0,0,0,0,0,0,0,0,0,0,0,0,0,0,0,0,0,0,0,0,0,0,0,0,0,0,0,0,0,0,0,0,0,0,0,0,0,0,0,0,0,0,0,0,0,0,0,0,0,0,0,0,0,0,0,0,0,0,0,0,0,0,0,0,0,0,0,0,0,0,0,0,0,0,0,0,0,0,0,0,0,0,0,0,0,0,0,0,0,0,0,0,0,0,0,0,0,0,0,0,0,0,0,0,0,0,0,0,0,0,0,0,0,0,0,0,0,0,0,0,0,0,0,0,0,0,0,0,0,0,0,0,0,0,0,0,0,0,0,0,0,0,0,0,0,0,0,10,0,0,0,0,0,0,0,0,0,0,0,0,0,0,0,0,0,0,0,0,0,0,0,0,0,0,0,0,0,0,0,0,0,0,0,0,0,0,0,0,0,0,0,0,0,0,0,0,0,0,0,0,0,0,0,0,0,0,0,0,0,0,0,0,0,0,0,0,0,0,0,0,0,0,0,0,0,0,0,0,0,0,0,0,0,0,0,0,0,9,0,0,0,0,0,0,0,0,0,0,0,0,0,0,0,0,0,0,0,0,0,0,0,0,0,0,0,0,0,0,0,0,0,0,0,0,0,0,0,0,0,0,0,0,0,0,0,0,0,0,0,0,0
BV,44,32,0,0,0,0,0,0,0,0,0,0,60,74,59,0,60,171,0,0,173,0,0,117,95,120,280,0,0,0,39,29,0,33,18,0,40,0,25,34,0,15,15,130,0,0,0,0,0,0,0,171,77,0,0,0,56,41,0,10,53,0,0,180,0,0,0,73,73,0,70,0,0,91,68,68,72,75,65,53,72,0,53,0,0,1,0,0,0,86,0,88,43,42,0,0,0,27,0,0,0,0,21,0,0,77,0,36,39,0,0,5,0,0,0,0,0,132,136,0,106,0,0,0,0,0,0,0,0,0,0,0,0,0,69,0,0,0,0,0,75,78,94,0,0,0,0,0,0,0,0,29,0,0,0,0,0,0,0,140,0,171,0,0,0,0,91,0,0,0,180,182,0,0,0,3,0,0,0,13,14,0,0,0,46,46,0,0,0,0,151,0,0,0,0,0,0,184,116,97,76,77,0,80,58,57,0,0,21,0,0,0,0,73,71,71,0,0,0,0,0,0,0,35,0,0,0,0,0,0,0,68,0,0,0,0,0,0,0,0,80,81,52,0,0,53,29,0,0,0,0,0,0,0,0,0,73,0,0,52,0,0,0,0,0,0,0,0,0,0,84,0,0,0,21,191,0,0,0,0,0,0,86,0,0,0,69,0,0,0,0,0,0,190,0,0,87,0,0,0,158,0,89,81,80,85,60,59,60,85,84,0,0,67,184,184,0,0,0,0,57,0,0,0,0,0,0,0,0,108,0,6,8,0,0,0,0,0,77,0,0,0,0,138,0,105,150,143,139,0,0,0,127,0,68,0,72,0,0,71,52,0,69,56,0,0,0,0,0,101,0,0,0,0,0,0,0,0,0,26,0,0,0,33,0,0,0,0,75,166,0,27,23,0,0,0,0,43,0,0,0,0,0,0,0,0,0,103,0,0,0,0,0,0,0,0,0,0,0,0,0,0
BVHC,32,33,0,0,0,0,0,0,0,0,0,0,61,62,61,0,61,138,0,0,139,0,0,95,96,98,176,0,0,0,28,21,0,24,19,0,30,0,17,26,0,17,17,99,0,0,0,0,0,0,0,172,55,0,0,0,42,42,0,9,54,0,0,145,0,0,0,75,74,0,70,0,0,70,68,68,73,76,53,54,72,0,43,0,1,0,0,0,0,72,0,59,45,43,0,0,0,29,0,0,0,0,22,0,0,56,0,27,27,0,0,4,0,0,0,0,0,106,110,0,107,0,0,0,0,0,0,0,0,0,0,0,0,0,69,0,0,0,0,0,52,52,79,0,0,0,0,0,0,0,0,31,0,0,0,0,0,0,0,102,0,172,0,0,0,0,92,0,0,0,149,150,0,0,0,0,0,0,0,10,11,0,0,0,47,46,0,0,0,0,123,0,0,0,0,0,0,185,99,98,62,64,0,66,47,45,0,0,13,0,0,0,0,73,71,71,0,0,0,0,0,0,0,37,0,0,0,0,0,0,0,69,0,0,0,0,0,0,0,0,81,82,52,0,0,53,30,0,0,0,0,0,0,0,0,0,72,0,0,42,0,0,0,0,0,0,0,0,0,0,57,0,0,0,22,157,0,0,0,0,0,0,87,0,0,0,68,0,0,0,0,0,0,191,0,0,67,0,0,0,129,0,59,63,63,61,60,60,60,66,65,0,0,67,185,185,0,0,0,0,58,0,0,0,0,0,0,0,0,109,0,5,7,0,0,0,0,0,79,0,0,0,0,107,0,106,151,104,106,0,0,0,103,0,54,0,58,0,0,53,53,0,56,57,0,0,0,0,0,101,0,0,0,0,0,0,0,0,0,28,0,0,0,34,0,0,0,0,47,133,0,28,25,0,0,0,0,33,0,0,0,0,0,0,0,0,0,86,0,0,0,0,0,0,0,0,0,0,0,0,0,0
BZL,0,0,0,0,0,0,0,0,0,0,0,0,0,0,0,0,0,0,0,0,0,0,0,0,0,0,0,0,0,0,0,0,0,0,0,0,0,0,0,0,0,0,0,0,0,0,0,0,0,0,0,0,0,0,0,0,0,0,0,0,0,0,0,0,0,0,0,0,0,0,0,0,0,0,0,0,0,0,0,0,0,0,0,0,0,0,0,0,0,0,0,0,0,0,0,0,0,0,0,0,0,0,0,0,0,0,0,0,0,0,0,0,0,0,0,0,0,0,0,0,0,0,0,0,0,0,0,0,0,0,0,0,0,0,0,0,0,0,0,0,0,0,0,0,0,0,0,0,0,0,0,0,0,6,0,0,0,0,0,0,0,0,0,0,0,0,0,0,0,0,0,0,0,0,0,0,0,0,0,0,0,0,0,0,0,0,0,0,0,0,0,0,0,0,0,0,0,0,0,0,0,0,0,0,0,0,0,0,0,0,0,0,0,0,0,0,0,0,0,0,0,7,0,0,0,0,0,0,0,0,0,0,0,0,0,0,0,0,0,0,0,0,0,0,0,0,0,0,0,0,0,0,0,0,0,0,0,0,0,0,0,0,0,0,0,0,0,0,0,0,0,0,0,0,0,0,0,0,0,0,0,0,0,0,0,0,0,0,0,0,0,0,0,0,0,0,0,0,0,0,0,0,0,0,0,0,0,0,0,0,0,0,0,0,0,0,0,0,0,0,0,0,0,0,0,0,0,0,0,0,0,0,0,0,0,0,0,0,0,0,0,0,0,0,0,0,0,0,0,0,0,0,0,0,0,0,0,0,0,0,0,0,0,0,0,0,0,0,0,0,0,0,0,0,0,0,0,0,0,0,0,0,0,0,0,0,0,0,0,0,0,0,0,0,0,0,0,0,0,0,0,0,0,0,0,0,0,0,0,0,0,0,0,0,0,0,0,0,0,0,0,0
CAS,0,0,0,0,0,0,0,0,0,0,0,0,0,0,0,0,0,0,0,0,0,0,0,0,0,0,0,0,0,0,0,0,0,0,0,0,0,0,0,0,0,0,0,0,0,0,0,0,0,0,0,0,0,0,0,0,0,0,0,0,0,0,0,0,0,0,0,0,0,0,0,0,0,0,0,0,0,0,0,0,0,0,0,0,0,0,0,0,0,0,0,0,0,0,0,0,0,0,0,0,0,0,0,0,0,0,0,0,0,0,0,0,0,0,0,0,0,0,0,0,0,0,0,0,0,0,0,0,0,0,0,0,0,0,0,0,0,0,0,0,0,0,0,0,0,0,0,0,0,0,0,0,0,0,0,0,0,0,0,0,0,0,0,0,0,0,0,0,0,0,0,0,0,0,0,0,0,0,0,0,0,8,0,0,0,0,0,0,0,0,0,0,0,0,0,0,0,0,0,0,0,0,0,0,0,0,0,0,0,0,0,0,0,0,0,0,0,0,0,0,0,0,0,0,0,0,0,0,0,0,0,0,0,0,0,0,0,0,0,0,0,0,0,0,0,0,0,0,0,0,0,0,0,0,0,0,0,0,0,0,0,0,0,0,0,0,0,0,0,0,0,0,0,0,0,0,0,0,0,0,0,0,0,0,0,0,0,0,0,0,0,0,0,0,0,0,0,0,0,0,0,0,0,0,0,0,0,0,0,0,0,0,0,0,0,0,0,0,0,0,0,0,0,0,0,0,0,0,0,0,0,0,0,0,0,0,0,0,0,0,0,0,0,0,0,0,0,0,0,0,0,0,0,0,0,5,0,0,0,0,0,0,0,0,0,0,0,0,0,0,0,0,0,0,0,0,0,0,0,0,0,0,0,0,0,0,0,0,0,0,0,0,0,0,0,0,0,0,0,0,0,0,0,0,0,0,0,0,0,0,0,0,0,0,0,0,0,0,0,0,0,0
CK,0,0,0,0,0,0,0,0,0,0,0,0,0,0,0,0,0,0,0,0,0,0,0,0,0,0,0,0,0,0,0,0,0,0,0,0,0,0,0,0,0,0,0,0,0,0,0,0,0,0,0,0,0,0,0,0,0,0,0,0,0,0,12,0,0,0,0,0,0,0,0,0,0,0,0,0,0,0,0,0,0,0,0,0,0,0,0,0,0,0,0,0,0,0,0,0,0,0,0,0,0,0,0,0,0,0,0,0,0,0,0,0,0,0,0,0,0,0,0,0,0,0,0,0,0,0,0,0,0,0,0,0,0,0,0,0,0,0,0,0,0,0,0,0,0,0,0,0,0,0,0,0,0,0,0,0,0,0,0,0,0,0,0,0,0,0,0,0,0,0,0,0,0,0,0,0,0,0,0,0,0,0,0,0,0,0,0,0,0,0,0,0,0,0,0,0,0,0,0,0,0,0,0,0,0,0,0,0,0,0,0,0,0,0,0,0,0,0,0,0,0,0,0,0,0,0,0,0,0,0,0,0,0,0,0,0,0,0,0,0,0,0,0,0,0,0,0,0,0,5,0,0,0,0,0,0,0,0,0,0,0,0,0,0,0,0,0,0,0,0,0,0,0,0,0,0,0,0,0,0,0,0,0,0,0,0,0,0,0,0,0,0,0,0,0,0,0,0,0,0,0,0,0,0,0,0,0,0,0,0,0,0,0,0,0,0,0,0,0,0,0,0,0,0,0,0,0,0,0,0,0,0,0,0,0,0,0,0,0,0,0,0,0,0,0,0,0,0,0,0,0,0,0,0,0,0,0,0,0,0,0,0,0,0,0,0,0,0,0,0,0,0,0,0,0,0,0,0,0,0,0,0,0,0,0,0,0,0,0,0,0,0,0,0,0,0,0,0,0,0,0,0,0,0,0,0,0,0,0,0,0,0,0,0,0,0,0,0,0,0,0,0
CL,42,39,0,0,0,0,0,0,0,0,0,0,24,39,25,0,24,136,0,0,138,0,0,82,59,85,245,0,0,0,47,57,0,53,55,0,46,0,61,54,0,57,57,73,0,0,0,0,0,0,0,138,27,0,0,0,30,29,0,79,20,0,0,143,0,0,0,35,35,0,64,0,0,66,48,48,30,18,42,29,36,0,41,0,86,72,0,0,0,0,0,63,34,35,0,0,0,46,0,0,0,0,52,0,0,30,0,56,51,0,0,84,0,0,0,0,0,97,101,0,73,0,0,0,0,0,0,0,0,0,0,0,0,0,72,0,0,0,0,0,50,47,8,0,0,0,0,0,0,0,0,45,0,0,0,0,0,0,0,63,0,138,0,0,0,0,23,0,0,0,138,140,0,0,0,0,0,0,0,76,75,0,0,0,26,26,0,0,0,0,116,0,0,0,0,0,0,151,30,28,10,9,0,45,36,37,0,0,68,0,0,0,0,46,47,47,0,0,0,0,0,0,0,40,0,0,0,0,0,0,0,2,0,0,0,0,0,0,0,0,9,10,39,0,0,39,45,0,0,0,0,0,0,0,0,0,83,0,0,42,0,0,0,0,0,0,0,0,0,0,59,0,0,0,52,149,0,0,0,0,0,0,17,0,0,0,58,0,0,0,0,0,0,155,0,0,70,0,0,0,123,0,64,75,74,69,49,48,49,72,73,0,0,54,151,151,0,0,0,0,23,0,0,0,0,0,0,0,0,74,0,83,81,0,0,0,0,0,42,0,0,0,0,52,0,44,80,57,53,0,0,0,92,0,18,0,14,0,0,21,19,0,17,15,0,0,0,0,0,32,0,0,0,0,0,0,0,0,0,46,0,0,0,42,0,0,0,0,34,131,0,47,50,0,0,0,0,51,0,0,0,0,0,0,0,0,0,17,0,0,0,0,0,0,0,0,0,0,0,0,0,0
CO,0,0,0,0,0,0,0,0,0,0,0,0,0,0,0,0,0,0,0,0,0,0,0,0,0,0,0,0,0,0,0,0,0,0,0,0,0,0,0,0,0,0,0,0,0,0,0,0,0,0,0,0,0,0,0,0,0,0,0,0,0,0,0,0,0,0,0,0,0,0,0,0,0,0,0,0,0,0,0,0,0,0,0,0,0,0,0,0,0,0,0,0,0,0,0,32,0,0,0,0,0,0,0,0,0,0,5,0,0,0,0,0,0,0,0,0,0,0,0,0,0,0,0,0,0,0,0,0,0,0,0,0,0,0,0,0,0,0,0,9,0,0,0,0,0,0,0,0,0,0,0,0,0,0,0,0,0,0,0,0,0,0,0,0,0,0,0,0,0,0,0,0,0,0,0,0,0,0,0,0,0,0,0,0,0,0,0,0,0,0,0,0,0,0,0,0,0,0,0,0,0,0,0,0,0,0,0,0,0,0,0,0,0,0,0,0,0,0,0,0,0,0,0,0,0,0,0,0,0,0,0,0,0,0,0,0,0,0,0,0,0,0,0,0,0,0,0,0,0,0,0,0,0,0,0,0,0,0,0,0,0,0,0,0,0,0,0,0,0,0,0,0,0,0,0,0,0,0,0,0,0,0,0,0,0,0,0,0,0,0,0,0,0,0,0,0,0,0,0,0,0,0,0,0,0,0,0,0,0,0,0,0,0,0,0,0,0,0,0,0,0,0,0,0,0,0,0,0,0,0,0,0,0,0,0,0,0,0,0,0,0,0,0,0,0,0,0,0,0,0,0,0,0,0,0,0,0,0,0,0,0,0,0,0,0,0,0,0,0,0,0,0,0,0,0,0,0,0,0,0,0,0,0,0,0,0,0,0,0,0,0,0,0,0,0,0,0,0,0,0,0,0,0,0,0,0,0,0,0,0,0,0,0,0,0,0,0,0,0,0,0,0
CPS,60,45,0,0,0,0,0,0,0,0,0,0,56,66,57,0,56,163,0,0,165,0,0,109,100,112,272,0,0,0,65,75,0,71,52,0,64,0,79,72,0,53,53,61,0,0,0,0,0,0,0,180,54,0,0,0,48,37,0,78,44,0,0,172,0,0,0,73,73,0,21,0,0,22,10,10,21,32,69,56,16,0,68,0,88,59,0,0,0,63,0,0,52,52,0,0,0,51,0,0,0,0,52,0,0,57,0,74,69,0,0,83,0,0,0,0,0,124,128,0,114,0,0,0,0,0,0,0,0,0,0,0,0,0,28,0,0,0,0,0,13,16,71,0,0,0,0,0,0,0,0,51,0,0,0,0,0,0,0,71,0,180,0,0,0,0,52,0,0,0,172,174,0,0,0,0,0,0,0,75,76,0,0,0,30,32,0,0,0,0,143,0,0,0,0,0,0,193,93,57,53,54,0,72,63,64,0,0,83,0,0,0,0,14,12,12,0,0,0,0,0,0,0,51,0,0,0,0,0,0,0,43,0,0,0,0,0,0,0,0,48,48,9,0,0,8,51,0,0,0,0,0,0,0,0,0,39,0,0,69,0,0,0,0,0,0,0,0,0,0,4,0,0,0,52,183,0,0,0,0,0,0,50,0,0,0,16,0,0,0,0,0,0,198,0,0,18,0,0,0,150,0,1,12,11,6,5,4,6,16,15,0,0,12,193,193,0,0,0,0,53,0,0,0,0,0,0,0,0,115,0,82,80,0,0,0,0,0,80,0,0,0,0,82,0,54,116,77,81,0,0,0,119,0,45,0,49,0,0,48,40,0,46,40,0,0,0,0,0,58,0,0,0,0,0,0,0,0,0,47,0,0,0,51,0,0,0,0,29,158,0,51,51,0,0,0,0,76,0,0,0,0,0,0,0,0,0,80,0,0,0,0,0,0,0,0,0,0,0,0,0,0
CRAO,14,13,0,0,0,0,0,0,0,0,0,0,16,17,16,0,16,102,0,0,102,0,0,55,55,57,165,0,0,0,17,23,0,21,26,0,15,0,28,19,0,28,28,77,0,0,0,0,0,0,0,135,13,0,0,0,15,15,0,41,14,0,0,108,0,0,0,31,30,0,72,0,0,61,60,60,51,46,9,10,55,0,2,0,43,45,0,0,0,34,0,52,0,2,0,0,0,16,0,0,0,0,22,0,0,13,0,18,17,0,0,42,0,0,0,0,0,67,71,0,68,0,0,0,0,0,0,0,0,0,0,0,0,0,77,0,0,0,0,0,41,39,41,0,0,0,0,0,0,0,0,14,0,0,0,0,0,0,0,76,0,135,0,0,0,0,56,0,0,0,111,112,0,0,0,0,0,0,0,39,37,0,0,0,22,20,0,0,0,0,85,0,0,0,0,0,0,149,62,62,24,26,0,22,2,1,0,0,33,0,0,0,0,61,61,61,0,0,0,0,0,0,0,8,0,0,0,0,0,0,0,31,0,0,0,0,0,0,0,0,43,44,43,0,0,44,15,0,0,0,0,0,0,0,0,0,85,0,0,4,0,0,0,0,0,0,0,0,0,0,49,0,0,0,23,120,0,0,0,0,0,0,50,0,0,0,67,0,0,0,0,0,0,154,0,0,60,0,0,0,92,0,53,59,60,58,56,55,57,59,59,0,0,64,149,149,0,0,0,0,14,0,0,0,0,0,0,0,0,70,0,42,41,0,0,0,0,0,36,0,0,0,0,77,0,76,108,76,76,0,0,0,63,0,18,0,20,0,0,16,16,0,19,20,0,0,0,0,0,66,0,0,0,0,0,0,0,0,0,17,0,0,0,11,0,0,0,0,26,98,0,17,20,0,0,0,0,11,0,0,0,0,0,0,0,0,0,49,0,0,0,0,0,0,0,0,0,0,0,0,0,0
CRAW,13,12,0,0,0,0,0,0,0,0,0,0,18,19,17,0,18,102,0,0,103,0,0,55,56,58,164,0,0,0,16,22,0,19,24,0,14,0,26,18,0,26,26,79,0,0,0,0,0,0,0,136,15,0,0,0,16,16,0,40,16,0,0,108,0,0,0,32,31,0,73,0,0,62,61,61,53,48,10,11,56,0,1,0,42,43,0,0,0,35,0,52,2,0,0,0,0,15,0,0,0,0,21,0,0,15,0,16,16,0,0,41,0,0,0,0,0,68,72,0,69,0,0,0,0,0,0,0,0,0,0,0,0,0,77,0,0,0,0,0,41,40,43,0,0,0,0,0,0,0,0,13,0,0,0,0,0,0,0,77,0,136,0,0,0,0,58,0,0,0,111,113,0,0,0,0,0,0,0,38,36,0,0,0,23,21,0,0,0,0,86,0,0,0,0,0,0,149,64,63,25,27,0,23,4,3,0,0,31,0,0,0,0,62,62,62,0,0,0,0,0,0,0,7,0,0,0,0,0,0,0,33,0,0,0,0,0,0,0,0,44,46,44,0,0,45,13,0,0,0,0,0,0,0,0,0,85,0,0,2,0,0,0,0,0,0,0,0,0,0,50,0,0,0,21,120,0,0,0,0,0,0,52,0,0,0,68,0,0,0,0,0,0,154,0,0,61,0,0,0,92,0,54,60,61,59,57,56,57,60,60,0,0,64,149,149,0,0,0,0,16,0,0,0,0,0,0,0,0,70,0,41,40,0,0,0,0,0,37,0,0,0,0,78,0,78,110,78,78,0,0,0,64,0,20,0,22,0,0,17,17,0,21,21,0,0,0,0,0,67,0,0,0,0,0,0,0,0,0,16,0,0,0,9,0,0,0,0,27,98,0,15,19,0,0,0,0,10,0,0,0,0,0,0,0,0,0,51,0,0,0,0,0,0,0,0,0,0,0,0,0,0
CVM,0,0,0,0,0,0,0,0,0,0,0,0,0,0,0,0,0,0,0,0,0,0,0,0,0,0,0,0,0,0,0,0,0,0,0,0,0,0,0,0,0,0,0,0,0,0,0,0,0,0,0,0,0,0,0,0,0,0,0,0,0,0,0,0,0,0,0,0,0,0,0,0,0,0,0,0,0,0,0,0,0,0,0,0,0,0,0,0,0,0,0,0,0,0,0,0,0,0,0,0,0,0,0,0,0,0,0,0,0,0,0,0,0,0,0,0,0,0,0,0,0,0,0,0,0,0,0,3,0,0,0,0,0,0,0,0,0,0,0,0,0,0,0,0,0,0,0,0,0,0,0,0,0,0,0,0,0,0,0,0,0,0,0,0,0,0,0,0,0,0,0,0,0,0,0,0,0,0,0,0,0,0,0,0,0,0,0,0,0,0,0,0,0,0,0,0,0,0,0,0,0,0,0,0,0,0,0,0,0,0,0,0,0,0,0,0,0,0,0,0,2,0,0,0,0,0,0,0,0,0,0,0,0,0,0,0,0,0,0,0,0,0,0,0,0,0,0,0,0,0,0,0,0,0,0,0,0,0,0,0,0,0,0,0,0,0,0,0,0,0,0,0,0,0,0,0,0,0,0,0,0,0,0,0,0,0,0,0,0,0,0,0,0,0,0,0,0,0,0,0,0,0,0,0,0,0,0,0,0,0,0,0,0,0,0,0,0,0,0,0,0,0,0,0,0,0,0,0,0,0,0,0,0,0,0,0,0,0,0,0,0,0,0,0,0,0,0,0,0,0,0,0,0,0,0,0,0,0,0,0,0,0,0,0,0,0,0,0,0,0,0,0,0,0,0,0,0,0,0,0,0,0,0,0,0,0,0,0,0,0,0,0,0,0,0,0,0,0,0,0,0,0,0,0,0,0,0,0,0,0,0,0,0,0,0,0,0,0,0,0,0,0
DA,0,0,0,0,0,0,0,0,0,0,0,0,0,0,0,0,0,0,0,0,0,0,0,0,0,0,0,0,0,0,0,0,0,0,0,0,0,0,0,0,0,0,0,0,0,0,0,0,0,0,0,0,0,0,0,0,0,0,0,0,0,0,0,0,0,0,0,0,0,0,0,0,0,0,0,0,0,0,0,0,0,0,0,0,0,0,0,0,0,0,32,0,0,0,0,0,0,0,0,0,0,0,0,0,0,0,0,0,0,0,0,0,0,0,0,0,0,0,0,0,0,0,0,0,0,0,0,0,0,0,0,0,0,0,0,0,0,0,0,0,0,0,0,0,0,0,0,0,0,0,0,0,0,0,0,0,0,0,0,0,0,0,0,0,0,0,0,0,0,0,0,0,0,0,0,0,0,0,0,0,0,0,0,0,0,0,0,0,0,0,0,0,0,0,0,0,0,0,0,0,0,0,0,0,0,0,0,0,0,0,0,0,0,0,0,0,0,0,0,0,0,0,0,0,0,0,0,0,0,0,0,0,0,0,0,0,0,0,0,0,0,0,0,0,0,0,0,0,0,0,0,0,0,0,0,0,0,0,43,0,0,0,0,0,0,0,0,0,0,0,0,0,0,0,0,0,0,0,0,0,0,0,0,0,0,0,0,0,0,0,0,0,0,0,0,0,0,0,0,0,0,0,0,0,0,0,0,0,0,0,0,0,0,0,0,0,0,0,0,0,0,0,0,0,0,0,0,0,0,0,0,0,0,0,0,0,0,0,0,0,0,0,0,0,0,0,0,0,0,0,0,0,0,0,0,0,0,0,0,0,0,0,0,0,0,0,0,0,0,0,0,0,0,0,0,0,0,0,0,0,0,0,0,0,0,0,0,0,0,0,0,0,0,0,0,0,0,0,0,0,0,0,0,0,0,0,0,0,0,0,0,0,0,0,0,0,0,0,0,0,0,0
DB,0,0,0,0,0,0,0,0,0,0,0,0,0,0,0,0,0,0,0,0,0,0,0,0,0,0,0,0,0,0,0,0,0,0,0,0,0,0,0,0,0,0,0,0,0,0,0,0,0,0,0,0,0,0,0,0,0,0,0,0,0,0,0,0,0,5,0,0,0,0,0,0,0,0,0,0,0,0,0,0,0,0,0,0,0,0,0,0,0,0,0,0,0,0,0,0,0,0,0,0,0,0,0,0,0,0,0,0,0,0,0,0,0,0,0,0,0,0,0,0,0,0,0,0,0,0,0,0,0,0,0,0,0,0,0,0,0,0,0,0,0,0,0,0,0,0,0,0,0,0,0,0,0,0,0,0,0,0,0,0,0,0,0,0,0,0,0,0,0,0,0,0,0,0,0,0,0,0,0,0,0,0,0,0,0,0,0,0,0,0,0,0,0,0,0,0,0,0,0,0,0,0,0,0,0,0,0,0,0,0,0,0,0,0,0,0,0,0,0,0,0,0,0,0,0,0,0,0,0,0,0,0,0,0,0,0,0,0,0,0,0,0,0,0,0,0,0,0,0,0,0,0,9,0,0,0,0,0,0,0,0,0,0,0,0,0,0,0,0,0,0,0,0,0,0,0,0,0,0,0,0,0,0,0,0,0,0,0,0,0,0,0,0,0,0,0,0,0,0,0,0,0,0,0,0,0,0,0,0,0,0,0,0,0,0,0,0,0,0,0,0,0,0,0,0,0,0,0,0,0,0,0,0,0,0,0,0,0,0,0,0,0,0,0,0,0,0,0,0,0,0,0,0,0,0,0,0,0,0,0,0,0,0,0,0,0,0,0,0,0,0,0,0,0,0,0,0,0,0,0,0,0,0,0,0,0,0,0,0,0,0,0,0,0,0,0,0,0,0,0,0,0,0,0,0,0,0,0,0,0,0,0,0,0,0,0,0,0,0,0,0,0
DDM,7,7,0,0,0,0,0,0,0,0,0,0,32,33,32,0,32,113,0,0,114,0,0,68,69,71,167,0,0,0,4,8,0,5,10,0,5,0,12,3,0,12,12,84,0,0,0,0,0,0,0,148,27,0,0,0,18,19,0,26,27,0,0,120,0,0,0,46,46,0,69,0,0,61,60,60,57,55,25,25,58,0,14,0,27,29,0,0,0,46,0,51,16,15,0,0,0,0,0,0,0,0,7,0,0,28,0,2,2,0,0,26,0,0,0,0,0,80,84,0,81,0,0,0,0,0,0,0,0,0,0,0,0,0,71,0,0,0,0,0,40,39,54,0,0,0,0,0,0,0,0,2,0,0,0,0,0,0,0,84,0,148,0,0,0,0,68,0,0,0,123,125,0,0,0,0,0,0,0,24,22,0,0,0,26,25,0,0,0,0,98,0,0,0,0,0,0,161,75,74,36,38,0,37,18,17,0,0,17,0,0,0,0,63,62,62,0,0,0,0,0,0,0,8,0,0,0,0,0,0,0,44,0,0,0,0,0,0,0,0,55,57,42,0,0,43,1,0,0,0,0,0,0,0,0,0,79,0,0,13,0,0,0,0,0,0,0,0,0,0,48,0,0,0,7,132,0,0,0,0,0,0,63,0,0,0,65,0,0,0,0,0,0,166,0,0,60,0,0,0,104,0,52,57,58,56,54,53,55,59,58,0,0,62,161,161,0,0,0,0,30,0,0,0,0,0,0,0,0,83,0,26,26,0,0,0,0,0,51,0,0,0,0,87,0,86,123,85,86,0,0,0,77,0,29,0,32,0,0,27,27,0,30,31,0,0,0,0,0,78,0,0,0,0,0,0,0,0,0,4,0,0,0,5,0,0,0,0,29,109,0,1,4,0,0,0,0,5,0,0,0,0,0,0,0,0,0,62,0,0,0,0,0,0,0,0,0,0,0,0,0,0
DDN,0,0,0,0,0,0,0,0,0,0,0,0,0,0,0,0,0,0,0,0,0,0,0,0,0,0,0,0,0,0,0,0,0,0,0,0,0,0,0,0,0,0,0,0,0,0,0,0,0,0,0,0,0,0,0,0,0,0,0,0,0,0,0,0,0,0,0,0,0,0,0,0,0,0,0,0,0,0,0,0,0,0,0,0,0,0,0,0,0,0,0,0,0,0,0,0,0,0,0,0,0,0,0,0,0,0,0,0,0,0,0,0,0,0,0,0,0,0,0,0,0,0,0,0,0,0,0,0,0,0,0,0,0,0,0,0,0,0,0,0,0,0,0,0,0,0,0,0,0,11,0,0,0,0,0,0,0,0,0,0,0,0,0,0,0,0,0,0,0,0,7,0,0,0,0,0,0,0,0,0,0,0,0,0,0,0,0,0,0,0,0,0,0,0,0,0,0,0,0,0,0,0,0,0,0,0,0,0,0,0,0,0,0,0,0,0,0,0,0,0,0,0,0,0,0,0,0,0,0,0,0,0,0,0,0,0,0,0,0,0,0,0,0,0,0,0,0,0,0,0,0,0,0,0,0,0,0,0,0,0,0,0,0,0,0,0,0,0,0,0,0,0,0,0,0,0,0,0,0,0,0,0,0,0,0,0,0,0,0,0,0,0,0,0,0,0,0,0,0,0,0,0,0,0,0,0,0,0,0,0,0,0,0,0,0,0,0,0,0,0,0,0,0,0,0,0,0,0,0,0,0,0,0,0,0,0,0,0,0,0,0,0,0,0,0,0,0,0,0,0,0,0,0,0,0,0,0,0,0,0,0,0,0,0,0,0,0,0,0,0,0,0,0,0,0,0,0,0,0,0,0,0,0,0,0,0,0,0,0,0,0,0,0,0,0,0,0,0,0,0,0,0,0,0,0,0,0,0,0,0,0,0,0,0,0,0,0,0,0,0,0,0
DDR,0,0,0,0,0,0,0,0,0,0,0,0,0,0,0,0,0,0,0,0,0,0,0,0,0,0,0,0,0,0,0,0,0,0,0,0,0,0,0,0,0,0,0,0,0,0,0,0,0,0,0,0,0,0,0,0,0,0,0,0,0,0,0,0,0,0,0,0,0,0,0,0,0,0,0,0,0,0,0,0,0,0,0,0,0,0,0,0,0,0,0,0,0,0,0,0,0,0,0,0,2,0,0,0,0,0,0,0,0,0,0,0,0,0,0,0,0,0,0,0,0,0,0,0,0,0,0,0,0,0,0,0,0,0,0,0,0,0,0,0,0,0,0,0,0,0,0,0,0,0,0,0,0,0,0,0,0,0,0,0,0,0,0,0,0,0,0,0,0,0,0,0,0,0,0,0,0,0,0,0,0,0,0,0,0,0,0,0,0,0,0,0,0,0,0,0,0,0,0,0,0,0,0,0,0,0,0,0,0,0,0,0,0,0,0,0,0,0,0,0,0,0,0,0,0,0,0,0,0,0,0,0,0,0,0,0,0,0,0,0,0,0,0,0,0,0,0,0,0,0,0,0,0,0,0,0,0,0,0,0,0,0,0,0,0,0,0,0,0,0,0,0,0,0,0,0,0,0,0,0,0,0,0,0,0,0,0,0,0,0,0,0,0,0,0,0,0,0,0,0,0,0,0,0,0,0,0,0,0,0,0,0,0,0,0,0,0,0,0,0,0,10,0,0,0,0,0,0,0,0,0,0,0,0,0,0,0,0,0,0,0,0,0,0,0,0,0,0,0,0,0,0,0,0,0,0,0,0,0,0,0,0,0,0,0,0,0,0,0,0,0,0,0,0,0,0,0,0,0,0,0,0,0,0,0,0,0,0,0,0,0,0,0,0,0,0,0,0,0,0,0,0,0,0,0,0,0,0,0,0,0,0,0,0,0,0,0,0,0,0,2,0
DDZD,0,0,0,0,0,0,0,0,0,0,0,0,0,0,0,0,0,0,0,0,0,0,0,0,0,0,0,0,0,0,0,0,0,0,0,0,0,0,0,0,0,0,0,0,0,0,0,0,0,0,0,0,0,0,0,0,0,0,0,0,0,0,0,0,0,0,0,0,0,0,0,0,0,0,0,0,0,0,0,0,0,0,0,0,0,0,0,0,0,0,0,0,0,0,0,0,0,0,0,2,0,0,0,0,0,0,0,0,0,0,0,0,0,0,0,0,0,0,0,0,0,0,0,0,0,0,0,0,0,0,0,0,0,0,0,0,0,0,0,0,0,0,0,0,0,0,0,0,0,0,0,0,0,0,0,0,0,0,0,0,0,0,0,0,0,0,0,0,0,0,0,0,0,0,0,0,0,0,0,0,0,0,0,0,0,0,0,0,0,0,0,0,0,0,0,0,0,0,0,0,0,0,0,0,0,0,0,0,0,0,0,0,0,0,0,0,0,0,0,0,0,0,0,0,0,0,0,0,0,0,0,0,0,0,0,0,0,0,0,0,0,0,0,0,0,0,0,0,0,0,0,0,0,0,0,0,0,0,0,0,0,0,0,0,0,0,0,0,0,0,0,0,0,0,0,0,0,0,0,0,0,0,0,0,0,0,0,0,0,0,0,0,0,0,0,0,0,0,0,0,0,0,0,0,0,0,0,0,0,0,0,0,0,0,0,0,0,0,0,0,0,0,0,0,0,0,0,0,0,0,0,0,0,0,0,0,0,0,0,0,0,0,0,0,0,0,0,0,0,0,0,0,0,0,0,0,0,0,0,0,0,0,0,0,0,0,0,0,0,0,0,0,0,0,0,0,0,0,0,0,0,0,0,0,0,0,0,0,0,0,0,0,0,0,0,0,0,0,0,0,0,0,0,0,0,0,0,0,0,0,0,0,13,0,0,0,0,0,0,0,0,0
DEI,0,0,0,0,0,0,0,0,0,0,0,0,0,0,0,0,0,0,0,0,0,0,0,0,0,0,0,0,0,0,0,0,0,0,0,0,0,0,0,0,0,0,0,0,0,0,0,0,0,0,0,0,0,0,0,0,0,0,0,0,0,0,0,0,0,0,0,0,0,0,0,0,0,0,0,0,0,0,0,0,0,0,0,0,0,0,0,0,0,0,0,0,0,0,0,0,0,0,0,0,0,0,0,0,0,0,0,0,0,0,0,0,0,8,0,0,0,0,0,0,0,0,0,0,0,0,0,0,0,0,0,0,0,0,0,0,0,0,0,0,0,0,0,0,0,0,0,0,0,0,0,0,0,0,0,0,0,0,0,0,0,0,0,0,0,0,0,0,0,0,0,0,0,0,0,0,0,0,0,0,0,0,0,0,0,0,0,0,0,0,0,0,0,0,0,0,0,0,0,0,0,0,0,0,0,0,0,0,0,0,0,0,0,0,0,0,0,0,0,0,0,0,0,0,0,0,0,0,0,0,0,0,0,0,0,0,0,0,5,0,0,0,0,0,0,0,0,0,0,0,0,0,0,0,0,0,0,0,0,0,0,0,0,0,0,0,0,0,0,0,0,0,0,0,0,0,0,0,0,0,0,0,0,0,0,0,0,0,0,0,0,0,0,0,0,0,0,0,0,0,0,0,0,0,0,0,0,0,0,0,0,0,0,0,0,0,0,0,0,0,0,0,0,0,0,0,0,0,0,0,0,0,0,0,0,0,0,0,0,0,0,0,0,0,0,0,0,0,0,0,0,0,0,0,0,0,0,0,0,0,0,0,0,0,0,0,0,0,0,0,0,0,0,0,0,0,0,0,0,0,0,0,0,0,0,0,0,0,0,0,0,0,0,0,0,0,0,0,0,0,0,0,0,0,0,0,0,0,0,0,0,0,0,0,0,0,0,0,0,0,0,0
DGRW,12,13,0,0,0,0,0,0,0,0,0,0,39,40,38,0,39,118,0,0,119,0,0,74,75,76,168,0,0,0,7,1,0,2,3,0,9,0,5,3,0,5,5,87,0,0,0,0,0,0,0,153,34,0,0,0,23,24,0,20,33,0,0,125,0,0,0,52,52,0,69,0,0,63,62,62,60,60,31,32,61,0,21,0,21,22,0,0,0,52,0,52,22,21,0,0,0,7,0,0,0,0,0,0,0,34,0,5,6,0,0,20,0,0,0,0,0,86,89,0,87,0,0,0,0,0,0,0,0,0,0,0,0,0,71,0,0,0,0,0,42,42,60,0,0,0,0,0,0,0,0,8,0,0,0,0,0,0,0,88,0,153,0,0,0,0,74,0,0,0,128,130,0,0,0,0,0,0,0,19,17,0,0,0,30,29,0,0,0,0,103,0,0,0,0,0,0,166,81,80,42,44,0,44,25,23,0,0,12,0,0,0,0,65,64,64,0,0,0,0,0,0,0,15,0,0,0,0,0,0,0,50,0,0,0,0,0,0,0,0,61,63,44,0,0,45,8,0,0,0,0,0,0,0,0,0,77,0,0,20,0,0,0,0,0,0,0,0,0,0,50,0,0,0,1,137,0,0,0,0,0,0,68,0,0,0,66,0,0,0,0,0,0,171,0,0,61,0,0,0,109,0,53,59,59,57,55,54,56,60,59,0,0,63,166,166,0,0,0,0,36,0,0,0,0,0,0,0,0,88,0,20,20,0,0,0,0,0,57,0,0,0,0,91,0,91,130,89,91,0,0,0,82,0,35,0,38,0,0,33,33,0,36,37,0,0,0,0,0,83,0,0,0,0,0,0,0,0,0,7,0,0,0,12,0,0,0,0,32,114,0,6,3,0,0,0,0,11,0,0,0,0,0,0,0,0,0,68,0,0,0,0,0,0,0,0,0,0,0,0,0,0
DID,0,0,0,0,0,0,0,0,0,0,0,0,0,0,0,0,0,0,0,0,0,0,0,0,0,0,0,0,0,0,0,0,0,0,0,0,0,0,0,0,0,0,0,0,0,0,0,0,0,0,0,0,0,0,0,0,0,0,0,0,0,0,0,0,0,0,0,0,0,0,0,0,0,0,0,0,0,0,0,0,0,0,0,0,0,0,0,0,0,0,0,0,0,0,0,0,0,0,0,0,0,0,0,0,0,0,0,0,0,0,0,0,0,0,0,0,0,0,0,0,0,0,0,0,0,0,0,0,0,0,0,0,0,0,0,0,0,0,0,0,0,0,0,0,0,0,0,0,0,0,0,0,0,0,0,0,0,0,0,0,0,0,0,0,0,0,0,0,0,0,0,0,0,0,0,0,0,0,0,0,0,0,0,0,0,0,0,0,0,0,0,0,0,0,0,0,0,0,0,0,0,0,0,0,0,0,0,0,0,0,0,0,0,0,0,0,0,0,0,0,0,0,0,0,0,0,0,0,0,0,0,0,0,0,0,0,0,0,0,0,0,0,0,0,0,0,0,0,0,0,0,0,0,0,0,0,0,0,0,0,0,0,0,0,0,0,0,0,0,0,0,0,0,0,0,0,0,0,0,0,0,0,0,0,0,0,0,0,0,0,0,0,0,0,0,0,0,0,0,0,0,0,0,0,0,0,0,0,0,0,0,0,0,0,0,0,0,0,0,0,0,0,0,0,0,0,0,0,0,0,0,0,0,0,0,0,0,0,0,0,0,0,0,0,0,0,0,0,0,0,0,0,0,0,0,0,0,0,0,0,0,0,0,0,0,0,0,0,0,0,0,0,0,0,0,0,0,0,0,0,0,0,0,0,0,0,0,0,0,0,0,0,0,0,0,7,0,0,0,0,0,0,0,0,0,0,0,0,0,0,0,0,0,0,0,0,0,5,0,0,0,0
DL,0,0,0,0,0,0,0,0,0,0,0,0,0,0,0,0,0,0,0,0,0,0,0,0,0,0,0,0,0,0,0,0,0,0,0,0,0,0,0,0,0,0,0,0,0,0,0,0,0,0,0,0,0,0,0,0,0,0,0,0,0,0,0,0,0,0,0,0,0,0,0,0,0,0,0,0,0,0,0,0,0,0,0,0,0,0,0,0,0,0,0,0,0,0,0,0,0,0,0,0,0,0,0,0,0,0,0,0,0,0,0,0,0,0,0,0,0,0,0,0,0,0,0,0,0,0,0,0,0,0,0,0,0,0,0,0,0,0,0,0,0,0,0,0,0,0,0,0,0,0,0,0,0,0,0,0,0,0,0,0,0,0,0,0,0,0,0,0,0,0,0,0,0,0,0,0,0,0,0,0,0,0,0,0,0,0,0,0,0,0,0,0,0,0,0,0,0,0,0,0,0,0,0,0,0,0,0,0,0,0,0,0,0,0,0,0,0,0,0,0,0,0,0,0,0,0,0,0,0,0,0,0,0,0,0,0,0,0,0,0,0,0,0,0,0,0,0,0,0,0,0,0,0,0,0,0,0,0,0,0,0,0,0,0,0,0,0,0,0,0,0,0,0,0,0,0,13,0,0,0,0,0,0,0,0,0,0,0,0,0,0,0,0,0,0,0,0,0,0,0,0,0,0,0,0,0,0,0,0,0,0,0,0,0,0,0,0,0,0,0,0,0,0,0,0,0,0,0,0,0,0,0,0,0,0,0,0,0,0,0,0,0,0,0,0,0,0,0,0,0,0,0,0,0,0,0,0,0,0,0,0,0,0,0,0,0,0,0,0,0,0,0,0,0,0,0,0,0,0,0,0,0,0,0,0,0,0,0,0,0,0,0,0,0,0,0,0,0,0,0,0,0,0,0,0,0,0,0,0,0,14,0,0,0,0,0,0,0,0,0,0,0
DLD,36,23,0,0,0,0,0,0,0,0,0,0,7,9,8,0,7,106,0,0,108,0,0,52,51,55,215,0,0,0,41,48,0,44,37,0,40,0,52,43,0,40,40,103,0,0,0,0,0,0,0,132,3,0,0,0,24,17,0,70,6,0,0,115,0,0,0,25,24,0,71,0,0,79,57,57,44,36,12,8,49,0,24,0,77,56,0,0,0,30,0,57,13,15,0,0,0,28,0,0,0,0,34,0,0,0,0,41,41,0,0,75,0,0,0,0,0,67,71,0,65,0,0,0,0,0,0,0,0,0,0,0,0,0,77,0,0,0,0,0,44,41,38,0,0,0,0,0,0,0,0,26,0,0,0,0,0,0,0,93,0,132,0,0,0,0,44,0,0,0,115,117,0,0,0,0,0,0,0,67,66,0,0,0,20,19,0,0,0,0,86,0,0,0,0,0,0,145,60,49,20,21,0,15,19,20,0,0,59,0,0,0,0,57,57,57,0,0,0,0,0,0,0,20,0,0,0,0,0,0,0,19,0,0,0,0,0,0,0,0,30,32,42,0,0,43,27,0,0,0,0,0,0,0,0,0,86,0,0,25,0,0,0,0,0,0,0,0,0,0,53,0,0,0,35,126,0,0,0,0,0,0,38,0,0,0,65,0,0,0,0,0,0,150,0,0,75,0,0,0,93,0,58,69,68,63,54,53,55,73,72,0,0,61,145,145,0,0,0,0,4,0,0,0,0,0,0,0,0,66,0,74,72,0,0,0,0,0,31,0,6,0,0,82,0,65,96,87,83,0,0,0,62,0,12,0,16,0,0,9,9,0,13,10,0,0,0,0,0,53,0,0,0,0,0,0,0,0,0,28,0,0,0,23,0,0,0,0,28,101,0,29,32,0,0,0,0,34,0,0,0,0,0,0,0,0,0,47,0,0,0,0,0,0,0,0,0,0,0,0,0,0
DLN,0,0,0,0,0,0,0,0,0,0,0,0,0,0,0,0,0,0,0,0,0,0,0,0,0,0,0,0,0,0,0,0,0,0,0,0,0,0,0,0,0,0,0,0,0,0,0,0,0,0,0,0,0,0,0,0,0,0,0,0,0,0,0,0,0,0,0,0,0,0,0,0,0,0,0,0,0,0,0,0,0,0,0,0,0,0,0,0,0,0,5,0,0,0,0,0,0,0,0,0,0,0,0,0,0,0,0,0,0,0,0,0,0,0,0,0,0,0,0,0,0,0,0,0,0,0,0,0,0,0,0,0,0,0,0,0,0,0,0,0,0,0,0,0,0,0,0,0,0,0,0,0,0,0,0,0,0,0,0,0,0,0,0,0,0,0,0,0,0,0,0,0,0,0,0,0,0,0,0,0,0,0,0,0,0,0,0,0,0,0,0,0,0,0,0,0,0,0,0,0,0,0,0,0,0,0,0,0,0,0,0,0,0,0,0,0,0,0,0,0,0,0,0,0,0,0,0,0,0,0,0,0,0,0,0,0,0,0,0,0,0,0,0,0,0,0,0,0,0,0,0,0,0,0,0,0,0,0,8,0,0,0,0,0,0,0,0,0,0,0,0,0,0,0,0,0,0,0,0,0,0,0,0,0,0,0,0,0,0,0,0,0,0,0,0,0,0,0,0,0,0,0,0,0,0,0,0,0,0,0,0,0,0,0,0,0,0,0,0,0,0,0,0,0,0,0,0,0,0,0,0,0,0,0,0,0,0,0,0,0,0,0,0,0,0,0,0,0,0,0,0,0,0,0,0,0,0,0,0,0,0,0,0,0,0,0,0,0,0,0,0,0,0,0,0,0,0,0,0,0,0,0,0,0,0,0,0,0,0,0,0,0,0,0,0,0,0,0,0,0,0,0,0,0,0,0,0,0,0,0,0,0,0,0,0,0,0,0,0,0,0,0
DMN,14,8,0,0,0,0,0,0,0,0,0,0,34,38,34,0,34,135,0,0,137,0,0,81,71,84,244,0,0,0,9,7,0,3,8,0,10,0,11,2,0,10,10,129,0,0,0,0,0,0,0,149,43,0,0,0,26,20,0,29,28,0,0,144,0,0,0,48,47,0,69,0,0,96,60,60,57,56,29,27,59,0,17,0,36,27,0,0,0,56,0,74,18,16,0,0,0,2,0,0,0,0,5,0,0,41,0,0,9,0,0,34,0,0,0,0,0,96,100,0,83,0,0,0,0,0,0,0,0,0,0,0,0,0,71,0,0,0,0,0,61,58,64,0,0,0,0,0,0,0,0,4,0,0,0,0,0,0,0,119,0,149,0,0,0,0,70,0,0,0,144,146,0,0,0,0,0,0,0,26,25,0,0,0,27,26,0,0,0,0,115,0,0,0,0,0,0,162,86,75,46,47,0,44,22,21,0,0,18,0,0,0,0,63,62,62,0,0,0,0,0,0,0,10,0,0,0,0,0,0,0,45,0,0,0,0,0,0,0,0,57,58,42,0,0,43,3,0,0,0,0,0,0,0,0,0,78,0,0,16,0,0,0,0,0,0,0,0,0,0,70,0,0,0,5,155,0,0,0,0,0,0,64,0,0,0,65,0,0,0,0,0,0,168,0,0,92,0,0,0,122,0,75,86,85,80,54,53,55,90,89,0,0,62,162,162,0,0,0,0,32,0,0,0,0,0,0,0,0,84,0,33,31,0,0,0,0,0,52,0,0,0,0,108,0,87,125,113,109,0,0,0,91,0,38,0,42,0,0,37,28,0,39,32,0,0,0,0,0,79,0,0,0,0,0,0,0,0,0,3,0,0,0,7,0,0,0,0,45,130,0,1,2,0,0,0,0,7,0,0,0,0,0,0,0,0,0,73,0,0,0,0,0,0,0,0,0,0,0,0,0,0
DMNZ,9,7,0,0,0,0,0,0,0,0,0,0,33,38,33,0,33,135,0,0,137,0,0,81,71,84,244,0,0,0,4,10,0,6,9,0,5,0,14,7,0,11,11,124,0,0,0,0,0,0,0,150,42,0,0,0,21,18,0,32,27,0,0,144,0,0,0,48,47,0,67,0,0,91,59,59,56,54,29,27,57,0,17,0,39,27,0,0,0,51,0,69,17,16,0,0,0,2,0,0,0,0,6,0,0,41,0,9,0,0,0,37,0,0,0,0,0,96,100,0,83,0,0,0,0,0,0,0,0,0,0,0,0,0,69,0,0,0,0,0,56,53,59,0,0,0,0,0,0,0,0,4,0,0,0,0,0,0,0,114,0,150,0,0,0,0,68,0,0,0,144,146,0,0,0,0,0,0,0,29,28,0,0,0,25,24,0,0,0,0,115,0,0,0,0,0,0,163,81,74,41,42,0,44,22,21,0,0,21,0,0,0,0,61,60,60,0,0,0,0,0,0,0,10,0,0,0,0,0,0,0,44,0,0,0,0,0,0,0,0,56,57,40,0,0,42,3,0,0,0,0,0,0,0,0,0,76,0,0,16,0,0,0,0,0,0,0,0,0,0,65,0,0,0,6,155,0,0,0,0,0,0,63,0,0,0,63,0,0,0,0,0,0,169,0,0,87,0,0,0,122,0,70,81,80,75,52,51,53,85,84,0,0,60,163,163,0,0,0,0,31,0,0,0,0,0,0,0,0,85,0,36,34,0,0,0,0,0,53,0,0,0,0,103,0,86,124,108,104,0,0,0,91,0,33,0,37,0,0,36,27,0,34,31,0,0,0,0,0,78,0,0,0,0,0,0,0,0,0,2,0,0,0,7,0,0,0,0,40,130,0,2,3,0,0,0,0,7,0,0,0,0,0,0,0,0,0,68,0,0,0,0,0,0,0,0,0,0,0,0,0,0
DN,0,0,0,0,0,0,0,0,0,0,0,0,0,0,0,0,0,0,0,0,0,0,0,0,0,0,0,0,0,0,0,0,0,0,0,0,0,0,0,0,0,0,0,0,0,0,0,0,0,0,0,0,0,0,0,0,0,0,0,0,0,0,0,0,0,0,0,0,0,0,0,0,0,0,0,0,0,0,0,0,0,0,0,0,0,0,0,0,0,0,0,0,0,0,0,0,0,0,0,0,0,0,0,0,0,0,0,0,0,0,0,0,0,0,0,0,0,0,0,0,0,0,0,0,0,0,0,0,0,0,0,0,0,0,0,0,0,0,0,0,0,0,0,0,0,0,0,0,0,0,0,0,0,0,0,0,0,0,0,0,0,0,0,0,0,0,0,0,0,0,0,0,0,0,0,0,0,0,0,0,0,0,11,0,0,0,0,0,0,0,0,0,0,0,0,0,21,0,0,0,0,0,0,0,0,0,0,0,0,0,0,0,0,0,0,0,0,0,0,0,0,0,0,0,0,0,0,0,0,0,0,0,0,0,0,0,0,0,0,0,0,0,0,0,0,0,0,0,0,0,0,0,0,0,0,0,0,0,0,0,0,0,0,0,0,0,0,0,0,0,0,0,0,0,0,0,0,0,0,0,0,0,0,0,0,0,0,0,0,0,0,0,0,0,0,0,0,0,0,0,0,0,0,0,0,0,0,0,0,0,0,0,0,0,0,0,0,0,0,0,0,0,0,0,0,0,0,0,0,0,0,0,0,0,0,0,0,0,0,0,0,0,0,0,0,0,0,0,0,0,0,0,0,0,0,0,0,0,0,0,0,0,0,0,0,0,0,0,0,0,0,0,0,0,0,0,0,0,0,0,0,0,0,0,0,0,0,0,0,0,0,0,0,0,0,0,0,0,0,0,0,0,0,0,0,0,0,0,0,0,0,0,0,0,0,0,0,0,0,0,0,0
DR,0,0,0,0,0,0,0,0,0,0,0,0,0,0,0,0,0,0,0,0,0,0,0,0,0,0,0,0,0,0,0,0,0,0,0,0,0,0,0,0,0,0,0,0,0,0,0,0,0,0,0,0,0,0,0,0,0,0,0,0,0,7,0,0,0,0,0,0,0,0,0,0,0,0,0,0,0,0,0,0,0,0,0,0,0,0,0,0,0,0,0,0,0,0,0,0,0,0,0,0,0,0,0,0,0,0,0,0,0,0,0,0,0,0,0,0,0,0,0,0,0,0,0,0,0,0,0,0,0,0,0,0,0,0,0,0,0,0,0,0,0,0,0,0,0,0,0,0,0,0,0,0,0,0,0,0,0,0,0,0,0,0,0,0,0,0,0,0,0,0,0,0,0,0,0,0,0,0,0,0,0,0,0,0,0,0,0,0,0,0,0,0,0,0,0,0,0,0,0,0,0,0,0,0,0,0,0,0,0,0,0,0,0,0,0,0,0,0,0,0,0,0,0,0,0,0,0,0,0,0,0,0,0,0,0,0,0,0,0,0,0,0,0,0,0,0,0,0,0,0,0,0,0,0,0,0,0,0,0,0,0,0,0,0,0,0,0,0,0,0,0,0,0,0,0,0,0,0,0,0,0,0,0,0,0,0,0,0,0,0,0,0,8,0,0,0,0,0,0,0,0,0,0,0,0,0,0,0,0,0,0,0,0,0,0,0,0,0,0,0,0,0,0,0,0,0,0,0,0,0,0,0,0,0,0,0,0,0,0,0,0,0,0,0,0,0,0,0,0,0,0,0,0,0,0,0,0,0,0,0,0,0,0,0,0,0,0,0,0,0,0,0,0,0,0,0,0,0,0,0,0,0,0,0,0,0,0,0,0,0,0,0,0,0,0,0,0,0,0,0,0,0,0,0,0,0,0,0,0,0,0,0,0,0,0,0,0,0,0,0,0,0
DRH,42,30,0,0,0,0,0,0,0,0,0,0,58,72,58,0,58,169,0,0,171,0,0,115,95,118,278,0,0,0,37,27,0,31,17,0,38,0,23,32,0,15,15,125,0,0,0,0,0,0,0,172,75,0,0,0,54,39,0,5,51,0,0,178,0,0,0,73,72,0,66,0,0,86,64,64,69,72,63,52,68,0,51,0,5,4,0,0,0,84,0,83,42,41,0,0,0,26,0,0,0,0,20,0,0,75,0,34,37,0,0,0,0,0,0,0,0,130,134,0,106,0,0,0,0,0,0,0,0,0,0,0,0,0,65,0,0,0,0,0,70,73,92,0,0,0,0,0,0,0,0,28,0,0,0,0,0,0,0,135,0,172,0,0,0,0,88,0,0,0,178,180,0,0,0,0,0,0,0,8,9,0,0,0,43,43,0,0,0,0,149,0,0,0,0,0,0,185,114,94,74,75,0,78,56,55,0,0,16,0,0,0,0,69,67,67,0,0,0,0,0,0,0,34,0,0,0,0,0,0,0,66,0,0,0,0,0,0,0,0,77,78,48,0,0,49,28,0,0,0,0,0,0,0,0,0,69,0,0,50,0,0,0,0,0,0,0,0,0,0,79,0,0,0,20,189,0,0,0,0,0,0,83,0,0,0,64,0,0,0,0,0,0,191,0,0,82,0,0,0,156,0,84,76,75,80,56,55,56,80,79,0,0,63,185,185,0,0,0,0,56,0,0,0,0,0,0,0,0,108,0,1,3,0,0,0,0,0,77,0,0,0,0,136,0,102,148,141,137,0,0,0,125,0,66,0,70,0,0,69,49,0,67,53,0,0,0,0,0,98,0,0,0,0,0,0,0,0,0,25,0,0,0,31,0,0,0,0,71,164,0,26,22,0,0,0,0,41,0,0,0,0,0,0,0,0,0,101,0,0,0,0,0,0,0,0,0,0,0,0,0,0
DRON,0,0,0,0,0,0,0,0,0,0,0,0,0,0,0,0,0,0,0,0,0,0,0,0,0,0,0,0,0,0,0,0,0,0,0,0,0,0,0,0,0,0,0,0,0,0,0,0,0,0,0,0,0,0,0,0,0,0,0,0,0,0,0,0,0,0,0,0,0,0,0,0,0,0,0,0,0,0,0,0,0,0,0,0,0,0,0,0,0,0,0,0,0,0,0,0,0,0,0,0,0,0,0,0,0,0,0,0,0,0,0,0,0,0,0,0,0,0,0,0,0,0,0,0,0,0,0,0,0,0,0,0,0,0,0,0,0,0,0,0,0,0,0,0,0,0,0,0,0,0,0,0,0,0,0,0,0,0,0,0,0,0,0,0,0,0,0,0,0,0,0,0,0,0,0,0,0,0,0,0,0,0,0,0,0,0,0,0,0,0,0,0,0,0,0,0,0,0,0,0,0,0,0,0,0,0,0,0,0,0,0,0,0,0,0,0,0,0,0,0,0,0,0,0,0,0,0,0,0,0,0,0,0,21,0,0,0,0,0,0,0,0,0,0,0,0,0,0,0,0,0,0,0,0,0,0,0,0,0,0,0,0,0,0,0,0,0,0,0,0,0,0,0,0,0,0,0,0,0,0,0,0,0,0,0,0,0,0,0,0,0,0,0,0,0,0,0,0,0,0,0,0,0,0,0,0,0,0,0,0,0,0,0,0,0,0,0,0,0,0,0,0,0,0,0,0,0,0,0,0,0,0,0,0,0,0,0,0,0,0,0,0,0,0,0,0,0,0,0,0,0,0,0,0,0,0,0,0,0,0,0,0,0,0,0,0,0,0,0,0,0,0,0,0,0,0,0,0,0,0,0,0,0,0,0,0,0,0,0,0,0,0,0,0,0,0,0,0,0,0,0,0,0,0,0,0,0,0,0,0,0,27,0,0,0,0,0,0,0,0,0,0
DRP,0,0,0,0,0,0,0,0,0,0,0,0,0,0,0,0,0,0,0,0,0,0,0,0,0,0,0,0,0,0,0,0,0,0,0,0,0,0,0,0,0,0,0,0,0,0,0,0,0,0,0,0,0,0,0,0,0,0,0,0,0,0,0,0,0,0,0,0,0,0,0,0,0,0,0,0,0,0,0,0,0,0,0,0,0,0,0,0,0,0,0,0,0,0,0,0,0,0,0,0,0,8,0,0,0,0,0,0,0,0,0,0,0,0,0,0,0,0,0,0,0,0,0,0,0,0,0,0,0,0,0,0,0,0,0,0,0,0,7,0,0,0,0,0,0,0,0,0,0,0,0,0,0,0,0,0,0,0,0,0,0,0,0,0,0,0,0,0,0,0,0,0,0,0,0,0,0,0,0,0,0,0,0,0,0,0,0,0,0,0,0,0,0,0,0,0,0,0,0,0,0,0,0,0,0,0,0,0,0,0,0,0,0,0,0,0,0,0,0,0,0,0,0,0,0,0,0,0,0,0,0,0,0,0,0,0,0,0,0,0,0,0,0,0,0,0,0,0,0,0,0,0,0,0,0,0,0,0,0,0,0,0,0,0,0,0,0,0,0,0,0,0,0,0,0,0,0,0,0,0,0,0,0,0,0,0,0,0,0,0,0,0,0,0,0,0,0,0,0,0,0,0,0,0,0,0,0,0,0,0,0,0,0,0,0,0,0,0,0,0,0,0,0,0,0,0,0,0,0,0,0,0,0,0,0,0,0,0,0,0,0,0,0,0,0,0,0,0,0,0,0,0,0,0,0,0,0,0,0,0,0,0,0,0,0,0,0,0,0,0,0,0,0,0,0,0,0,0,0,0,0,0,0,0,0,0,0,0,0,0,0,0,0,0,0,0,0,0,0,0,0,0,0,0,0,0,0,0,0,0,0,0,0,0,0,0,0,0,0,0,0,0
DT,0,0,0,0,0,0,0,0,0,0,0,0,0,0,0,0,0,0,0,0,0,0,0,0,0,0,0,0,0,0,0,0,0,0,0,0,0,0,0,0,0,0,0,0,0,0,0,0,0,0,0,0,0,0,0,0,0,0,0,0,0,0,0,0,0,0,0,0,0,0,0,0,0,0,0,0,0,0,0,0,0,0,0,0,0,0,0,0,0,0,0,0,0,0,0,0,0,0,0,0,0,0,0,0,0,0,0,0,0,0,0,0,0,0,0,0,2,0,0,0,0,0,0,0,0,0,0,0,0,0,0,0,0,0,0,0,0,0,0,0,0,0,0,0,0,0,0,0,0,0,0,0,0,0,0,0,0,0,0,0,0,0,0,0,0,0,0,0,0,0,0,0,0,0,0,0,0,0,0,0,0,0,0,0,0,0,0,0,0,0,0,0,0,0,0,0,0,0,0,0,0,0,0,0,0,0,0,0,0,0,0,0,0,0,0,0,0,0,0,0,0,0,0,0,0,0,0,0,0,0,0,0,0,0,0,0,0,0,0,0,0,0,0,0,0,0,0,0,0,0,0,0,0,0,0,0,0,0,0,0,0,0,0,0,0,0,0,0,0,0,0,0,0,0,0,0,0,0,0,0,0,0,0,0,0,0,0,0,0,0,0,0,0,0,0,0,0,0,0,0,0,5,0,0,0,0,0,0,0,0,0,0,0,0,0,0,0,0,0,0,0,0,0,0,0,0,0,0,0,0,0,0,0,0,0,0,0,0,0,0,0,0,0,0,0,0,0,0,0,0,0,0,0,0,0,0,0,0,0,0,0,0,0,0,0,0,0,0,0,0,0,0,0,0,0,0,0,0,0,0,0,0,0,0,0,0,0,0,0,0,0,0,0,0,0,0,0,0,0,0,0,0,0,0,0,0,0,0,0,0,0,0,0,0,0,0,0,0,0,0,0,0
DTC,0,0,0,0,0,0,0,0,0,0,0,0,0,0,0,0,0,0,0,0,0,0,0,0,0,0,0,0,0,0,0,0,0,0,0,0,0,0,0,0,0,0,0,0,0,0,0,0,0,0,0,0,0,0,0,0,0,0,0,0,0,0,0,0,0,0,0,0,0,0,0,0,0,0,0,0,0,0,0,0,0,0,0,0,0,0,0,0,0,0,0,0,0,0,0,0,0,0,0,0,0,0,0,0,0,0,0,0,0,0,0,0,0,0,0,0,0,0,0,0,0,0,0,0,0,0,0,0,0,0,0,0,0,0,0,0,0,0,0,0,0,0,0,6,0,0,0,0,0,0,0,0,0,0,0,0,0,0,0,0,0,0,0,0,0,0,0,0,0,0,0,0,0,0,0,0,0,0,0,0,0,0,0,0,0,0,0,0,0,0,0,0,0,0,0,0,0,0,0,0,0,0,0,0,0,0,0,0,0,0,0,0,0,0,0,0,0,0,0,0,0,0,0,0,0,0,0,0,0,0,0,0,0,0,0,0,0,0,0,0,0,0,0,0,0,0,0,0,0,0,0,0,0,0,0,0,0,0,0,0,0,0,0,0,0,0,0,0,0,0,0,0,0,0,0,0,0,0,0,0,0,0,0,0,0,0,0,0,0,0,0,0,0,0,0,0,0,0,0,0,0,0,0,0,0,0,0,0,0,0,0,0,0,0,0,0,0,0,0,0,0,0,0,0,0,0,0,0,0,0,0,0,0,0,0,0,0,0,0,0,0,0,0,0,0,0,0,0,0,0,0,0,0,0,0,0,0,0,0,0,0,0,0,0,0,0,0,0,0,0,0,0,0,0,0,0,0,0,0,0,0,0,0,0,0,0,0,0,0,0,0,0,0,0,0,7,0,0,0,0,0,0,0,0,0,0,0,0,0,0,0,0,0,0,0,0,0,0,0,0,0,0
DTCP,0,0,0,0,0,0,0,0,0,0,0,0,0,0,0,0,0,0,0,0,0,0,0,0,0,0,0,0,0,0,0,0,0,0,0,0,0,0,0,0,0,0,0,0,0,0,0,0,0,0,0,0,0,0,0,0,0,0,0,0,0,0,0,0,0,0,0,0,0,0,0,0,0,0,0,0,0,0,0,0,0,0,0,0,0,0,0,0,0,0,0,0,0,0,0,0,0,0,0,0,0,0,0,0,0,0,0,0,0,0,0,0,0,0,2,0,0,0,0,0,0,0,0,0,0,0,0,0,0,0,0,0,0,0,0,0,0,0,0,0,0,0,0,0,0,0,0,0,0,0,0,0,0,0,0,0,0,0,0,0,0,0,0,0,0,0,0,0,0,0,0,0,0,0,0,0,0,0,0,0,0,0,0,0,0,0,0,0,0,0,0,0,0,0,0,0,0,0,0,0,0,0,0,0,0,0,0,0,0,0,0,0,0,0,0,0,0,0,0,0,0,0,0,0,0,0,0,0,0,0,0,0,0,0,0,0,0,0,0,0,0,0,0,0,0,0,0,0,0,0,0,0,0,0,0,0,0,0,0,0,0,0,0,0,0,0,0,0,0,0,0,0,0,0,0,0,0,0,0,0,0,0,0,0,0,0,0,0,0,0,0,0,0,0,0,0,0,0,0,0,0,0,0,0,0,0,0,0,0,0,0,0,0,0,0,0,0,0,0,10,0,0,0,0,0,0,0,0,0,0,0,0,0,0,0,0,0,0,0,0,0,0,0,0,0,0,0,0,0,0,0,0,0,0,0,0,0,0,0,0,0,0,0,0,0,0,0,0,0,0,0,0,0,0,0,0,0,0,0,0,0,0,0,0,0,0,0,0,0,0,0,0,0,0,0,0,0,0,0,0,0,0,0,0,0,0,0,0,0,0,0,0,0,0,0,0,0,0,0,0,0,0
DV,103,80,0,0,0,0,0,0,0,0,0,0,57,58,56,0,57,39,0,0,41,0,0,15,13,12,171,0,0,0,100,103,0,99,89,0,101,0,107,98,0,91,91,150,0,0,0,0,0,0,0,68,70,0,0,0,91,80,0,125,69,0,0,48,0,0,0,39,40,0,134,0,0,146,119,119,103,91,67,60,109,0,79,0,132,106,0,0,0,97,0,124,67,68,0,0,0,80,0,0,0,0,86,0,0,67,0,96,96,0,0,130,0,0,0,0,0,0,4,0,1,0,0,0,0,0,0,0,0,0,0,0,0,0,140,0,0,0,0,0,111,108,101,0,0,0,0,0,0,0,0,79,0,0,0,0,0,0,0,140,0,68,0,0,0,0,84,0,0,0,53,55,0,0,0,0,0,0,0,122,121,0,0,0,84,83,0,0,0,0,19,0,0,0,0,0,0,81,107,86,87,88,0,64,74,75,0,0,114,0,0,0,0,118,118,118,0,0,0,0,0,0,0,73,0,0,0,0,0,0,0,73,0,0,0,0,0,0,0,0,74,76,105,0,0,106,79,0,0,0,0,0,0,0,0,0,150,0,0,80,0,0,0,0,0,0,0,0,0,0,120,0,0,0,86,64,0,11,0,0,0,0,80,0,0,0,128,0,0,0,0,0,0,87,0,0,142,0,0,0,26,0,125,136,135,130,118,116,118,140,139,0,0,124,81,81,0,0,0,0,60,0,0,0,0,0,0,0,0,3,0,129,127,0,0,0,0,0,33,0,0,0,0,129,0,108,90,134,130,0,0,0,5,0,79,0,83,0,0,76,73,0,80,73,0,0,0,0,0,89,0,0,0,0,0,0,0,0,0,83,0,0,0,76,0,0,0,0,95,34,0,81,84,0,0,0,0,89,0,0,0,0,0,0,0,0,0,110,0,0,0,0,0,15,0,0,0,0,0,0,0,0
DVC,107,84,0,0,0,0,0,0,0,0,0,0,60,62,60,0,60,35,0,0,37,0,0,19,17,16,175,0,0,0,104,107,0,103,93,0,105,0,111,102,0,95,95,154,0,0,0,0,0,0,0,64,74,0,0,0,95,84,0,129,73,0,0,44,0,0,0,43,43,0,137,0,0,150,122,122,106,94,71,63,112,0,83,0,136,110,0,0,0,101,0,128,71,72,0,0,0,84,0,0,0,0,89,0,0,71,0,100,100,0,0,134,0,0,0,0,0,4,0,0,3,0,0,0,0,0,0,0,0,0,0,0,0,0,144,0,0,0,0,0,115,112,105,0,0,0,0,0,0,0,0,82,0,0,0,0,0,0,0,144,0,64,0,0,0,0,86,0,0,0,49,51,0,0,0,0,0,0,0,126,125,0,0,0,88,87,0,0,0,0,15,0,0,0,0,0,0,78,111,88,91,92,0,68,78,79,0,0,118,0,0,0,0,121,121,121,0,0,0,0,0,0,0,77,0,0,0,0,0,0,0,76,0,0,0,0,0,0,0,0,77,79,109,0,0,110,83,0,0,0,0,0,0,0,0,0,154,0,0,84,0,0,0,0,0,0,0,0,0,0,124,0,0,0,90,60,0,0,0,0,0,0,82,0,0,0,132,0,0,0,0,0,0,83,0,0,146,0,0,0,22,0,129,140,139,134,121,120,122,144,143,0,0,128,78,78,0,0,0,0,64,0,0,0,0,0,0,0,0,1,0,133,131,0,0,0,0,0,36,0,0,0,0,133,0,110,90,138,134,0,0,0,9,0,83,0,87,0,0,80,76,0,84,76,0,0,0,0,0,91,0,0,0,0,0,0,0,0,0,87,0,0,0,80,0,0,0,0,99,30,0,85,88,0,0,0,0,93,0,0,0,0,0,0,0,0,0,114,0,0,0,0,0,0,0,0,0,0,0,0,0,0
DVD,0,0,0,0,0,0,0,0,0,0,0,0,0,0,0,0,0,0,0,0,0,0,0,0,0,0,0,0,0,3,2,0,0,0,0,0,0,0,0,0,0,0,0,0,0,0,0,0,0,0,0,0,0,0,0,0,0,0,0,0,0,0,0,0,0,0,0,0,0,0,0,0,0,0,0,0,0,0,0,0,0,0,0,0,0,0,0,0,0,0,0,0,0,0,0,0,0,0,0,0,0,0,0,0,0,0,0,0,0,0,0,0,0,0,0,0,0,0,0,0,0,0,0,0,0,0,0,0,0,0,0,0,0,0,0,0,0,0,0,0,0,0,0,0,0,0,0,0,0,0,0,0,0,0,0,0,0,0,0,0,0,0,0,0,0,0,0,0,0,0,0,0,0,0,0,0,0,0,0,0,0,0,0,0,0,0,0,0,0,0,0,0,0,0,0,0,0,0,0,0,0,0,0,0,0,0,0,0,0,0,0,0,0,0,0,0,0,0,0,0,0,0,0,0,0,0,0,0,0,0,0,0,0,0,0,0,0,0,0,0,0,0,0,0,0,0,0,0,0,0,0,0,0,0,0,0,0,0,0,0,0,0,0,0,0,0,0,0,0,0,0,0,0,0,0,0,0,0,0,0,0,0,0,0,0,0,0,0,4,0,0,0,0,0,0,0,0,0,0,0,0,0,0,0,0,0,0,0,0,0,0,0,0,0,0,0,0,0,0,0,0,0,0,0,0,0,0,0,0,0,0,0,0,0,0,0,0,0,0,0,0,0,0,0,0,0,0,0,0,0,0,0,0,0,0,0,0,0,0,0,0,0,0,0,0,0,0,0,0,0,0,0,0,0,0,0,0,0,0,0,0,0,0,0,0,0,0,0,0,0,0,0,0,0,0,0,0,9,0,0,0,0,0,0,0,0,0,0,0,0,0,0,0,0,0,0,0,0,0,0,0,0
DVGE,81,81,0,0,0,0,0,0,0,0,0,0,58,56,57,0,58,35,0,0,35,0,0,15,14,12,128,0,0,0,84,88,0,85,90,0,83,0,92,84,0,92,92,121,0,0,0,0,0,0,0,67,68,0,0,0,81,81,0,106,70,0,0,39,0,0,0,40,41,0,135,0,0,119,120,120,103,91,61,60,109,0,69,0,106,107,0,0,0,73,0,114,68,69,0,0,0,81,0,0,0,0,87,0,0,65,0,83,83,0,0,106,0,0,0,0,0,1,3,0,0,0,0,0,0,0,0,0,0,0,0,0,0,0,141,0,0,0,0,0,104,101,74,0,0,0,0,0,0,0,0,79,0,0,0,0,0,0,0,114,0,67,0,0,0,0,85,0,0,0,42,44,0,0,0,0,0,0,0,105,103,0,0,0,85,84,0,0,0,0,17,0,0,0,0,0,0,80,87,86,73,73,0,50,68,68,0,0,98,0,0,0,0,118,119,119,0,0,0,0,0,0,0,74,0,0,0,0,0,0,0,73,0,0,0,0,0,0,0,0,75,77,106,0,0,107,80,0,0,0,0,0,0,0,0,0,151,0,0,69,0,0,0,0,0,0,0,0,0,0,111,0,0,0,87,52,0,0,0,0,0,0,80,0,0,0,129,0,0,0,0,0,0,86,0,0,120,0,0,0,24,0,116,121,122,121,119,117,119,120,120,0,0,125,80,80,0,0,0,0,61,0,0,0,0,0,0,0,0,2,0,106,106,0,0,0,0,0,34,0,0,0,0,108,0,108,90,111,109,0,0,0,5,0,75,0,73,0,0,73,74,0,74,74,0,0,0,0,0,90,0,0,0,0,0,0,0,0,0,84,0,0,0,77,0,0,0,0,89,31,0,82,85,0,0,0,0,77,0,0,0,0,0,0,0,0,0,80,0,0,0,0,0,0,0,0,0,0,0,0,0,0
DVN,0,0,0,0,0,0,0,0,0,0,0,0,0,0,0,0,0,0,0,0,0,0,0,0,0,0,0,0,0,0,0,0,0,0,0,0,0,0,0,0,0,0,0,0,0,0,0,0,0,0,0,0,0,0,0,0,0,0,0,0,0,0,0,0,0,0,0,0,0,0,0,0,0,0,0,0,0,0,0,0,0,0,0,0,0,0,0,0,0,0,0,0,0,0,0,0,0,0,0,0,0,0,0,0,0,0,0,0,0,0,0,0,0,0,0,0,0,0,0,0,0,0,0,0,0,0,0,0,0,0,0,0,0,0,0,0,0,0,0,0,0,0,0,0,0,0,0,0,0,0,0,0,0,0,0,0,0,0,0,0,0,0,0,0,0,0,0,0,0,0,0,0,0,0,0,0,0,0,0,0,0,0,0,0,0,0,0,0,0,0,0,0,0,0,0,0,0,0,0,0,0,0,0,0,0,0,0,0,0,0,0,0,0,0,0,0,0,0,0,0,0,0,0,0,0,0,0,0,0,0,0,0,0,0,0,0,0,0,0,0,0,0,0,0,0,0,0,0,0,0,0,0,0,0,0,0,0,0,0,0,0,0,0,0,0,0,0,0,0,0,0,0,0,0,0,0,0,0,0,0,0,0,0,0,0,0,0,0,0,0,0,0,0,0,0,0,0,0,0,0,0,0,0,0,0,0,0,0,0,0,0,0,0,0,0,0,0,0,0,0,0,0,0,0,0,0,0,0,0,0,0,0,0,0,0,0,0,0,0,0,0,0,0,0,0,0,0,0,0,0,0,0,0,0,0,0,0,0,0,0,0,0,0,0,0,0,0,0,0,0,0,0,0,0,0,0,0,0,0,0,0,0,0,0,0,0,0,0,0,0,0,0,0,0,0,0,0,0,0,0,0,5,0,0,0,0,0,0,0,0,0,0,0,0,0,0,0,5,0,0,0,0
DVNK,0,0,0,0,0,0,0,0,0,0,0,0,0,0,0,0,0,0,0,0,0,0,0,0,0,0,0,0,0,0,0,0,0,0,0,0,0,0,0,0,0,0,0,0,0,0,0,0,0,0,0,0,0,0,0,0,0,0,0,0,0,0,0,0,0,0,0,0,0,0,0,0,0,0,0,0,0,0,0,0,0,0,0,0,0,0,0,0,0,0,0,0,0,0,0,0,0,0,0,0,0,0,0,0,0,0,0,0,0,0,0,0,0,0,0,0,0,0,0,0,0,0,0,0,0,0,0,0,0,0,0,0,0,0,0,0,0,0,0,0,0,0,0,0,0,0,0,0,0,0,0,0,0,0,0,0,0,0,0,0,0,0,0,0,0,0,0,0,0,0,0,0,0,0,0,0,0,0,0,0,0,0,0,0,0,0,0,0,0,0,0,0,0,0,0,0,0,0,0,0,0,0,0,0,0,0,0,0,0,0,0,0,0,0,0,0,0,0,0,0,0,0,0,0,0,0,0,0,0,0,3,0,0,0,0,0,0,0,0,0,0,0,0,0,0,0,0,0,0,0,0,0,0,0,0,0,0,0,0,0,0,0,0,0,0,0,0,0,0,0,0,0,0,0,0,0,0,0,0,0,0,0,0,0,0,0,0,0,0,0,0,0,0,0,0,0,0,0,0,0,0,0,0,0,0,0,0,0,0,0,0,0,0,0,0,0,0,0,0,0,0,0,0,0,0,0,0,0,0,0,0,0,0,0,0,0,0,0,0,0,0,0,0,0,0,0,0,0,0,0,0,0,0,0,0,0,0,0,0,0,0,0,0,0,0,0,0,0,0,0,0,0,0,0,0,0,0,0,0,0,0,3,0,0,0,0,0,0,0,0,0,0,0,0,0,0,0,0,0,0,0,0,0,0,0,0,0,0,0,0,0,0,0,0,0,0,0,0,0,0,0,0
DZ,0,0,0,0,0,0,0,0,0,0,0,0,0,0,0,0,0,0,0,0,0,0,0,0,0,0,5,0,0,0,0,0,0,0,0,0,0,0,0,0,0,0,0,0,0,0,0,0,0,0,0,0,0,0,0,0,0,0,0,0,0,0,0,0,0,0,0,0,0,0,0,0,0,0,0,0,0,0,0,0,0,0,0,0,0,0,0,0,0,0,0,0,0,0,0,0,0,0,0,0,0,0,0,0,0,0,0,0,0,0,0,0,0,0,0,0,0,0,0,0,0,0,0,0,0,0,0,0,0,0,0,0,0,0,0,0,0,0,0,0,0,0,0,0,0,0,0,0,0,0,0,0,0,0,0,0,0,0,0,0,0,0,0,0,0,0,0,0,0,0,0,0,0,0,0,0,0,0,0,0,0,0,0,0,0,0,0,0,0,0,0,0,0,0,0,0,0,0,0,0,0,0,0,0,0,0,0,0,0,0,0,0,0,0,0,0,0,0,0,0,0,0,0,0,0,0,0,0,0,0,0,0,0,0,0,0,0,0,0,0,0,0,0,0,0,0,0,0,0,0,0,0,0,0,0,0,0,0,0,0,0,0,0,0,0,0,0,0,0,0,0,0,0,0,0,0,0,0,0,0,0,0,0,0,0,0,0,0,0,0,0,0,0,0,0,0,0,0,0,0,0,0,0,0,0,0,0,0,0,0,0,0,0,0,0,0,0,0,0,0,0,0,0,0,0,0,0,0,0,0,0,0,0,0,0,0,0,0,0,0,0,0,0,0,0,0,0,0,0,0,0,0,0,0,0,0,0,0,0,0,0,0,0,0,0,0,0,0,0,0,0,0,0,0,0,0,0,0,0,0,0,0,0,0,0,0,0,0,0,0,0,0,0,0,0,0,0,0,0,0,0,0,0,0,0,0,0,0,0,0,0,0,0,0,0,0,0,0,0,0,0,0
EC,0,0,0,0,0,0,0,0,0,0,0,0,0,0,0,0,0,0,0,0,0,0,0,0,0,0,0,0,0,0,0,0,0,0,0,0,0,0,0,0,0,0,0,0,0,0,0,0,0,0,0,0,0,0,0,0,0,0,0,0,0,0,0,0,0,0,0,0,0,0,0,0,0,0,0,0,0,0,0,0,0,0,0,0,0,0,0,0,0,0,0,0,0,0,0,0,0,0,0,0,0,0,0,0,0,0,0,0,0,0,0,0,0,0,0,0,0,0,0,0,0,0,0,0,0,0,0,0,0,0,0,0,0,0,0,0,0,0,0,0,0,0,0,0,0,0,0,0,0,0,0,0,0,0,0,0,0,0,0,0,0,0,0,0,0,0,0,0,0,0,0,0,0,0,0,0,0,0,0,0,0,0,0,0,0,0,0,0,0,0,0,0,0,0,0,0,0,0,0,0,0,0,0,0,0,0,0,0,0,0,0,0,0,0,0,0,0,0,0,0,0,0,0,0,0,0,0,0,0,0,0,0,0,0,0,0,0,0,0,0,0,0,0,0,0,0,0,0,0,0,0,0,0,0,0,0,0,0,0,0,0,0,0,0,0,0,0,0,0,0,0,0,0,0,0,0,0,0,0,0,0,0,0,0,0,0,0,0,0,0,0,0,0,0,0,0,0,16,0,0,0,0,0,0,0,0,0,0,0,0,0,0,0,0,0,0,0,0,0,0,0,0,0,0,0,0,0,0,0,0,0,0,0,5,0,0,0,0,0,0,0,0,0,0,0,0,0,0,0,0,0,0,0,0,0,0,0,0,0,0,0,0,0,0,0,0,0,0,0,0,0,0,0,0,0,0,0,0,0,0,0,0,0,0,0,0,0,0,0,0,0,0,0,0,0,0,0,0,0,0,0,0,0,0,0,0,0,0,0,0,0,0,0,0,0,0,0,0,0,0,0,0
ED,0,0,0,0,0,0,0,0,0,0,0,0,0,0,0,0,0,0,0,0,0,0,0,0,0,0,0,0,0,0,0,0,0,0,0,0,0,0,0,0,0,0,0,0,0,0,0,0,0,0,0,0,0,0,0,0,0,0,0,0,0,0,0,0,0,0,0,0,0,0,0,0,0,0,0,0,0,0,0,0,0,0,0,0,0,0,0,0,0,0,0,0,0,0,0,0,0,0,0,0,0,0,0,0,0,0,0,0,0,0,0,0,0,0,0,0,0,0,0,0,0,0,0,0,0,0,2,0,0,0,0,0,0,0,0,0,0,0,0,0,0,0,0,0,0,0,0,0,0,0,0,0,0,0,0,0,0,0,0,0,0,0,0,0,0,0,0,0,0,0,0,0,0,0,0,0,0,0,0,0,0,0,0,0,0,0,0,0,0,0,0,0,0,0,0,0,0,0,0,0,0,0,0,0,0,0,0,0,0,0,0,0,0,0,0,0,9,0,0,0,0,0,0,0,0,0,0,0,0,0,0,0,0,0,0,0,0,0,0,0,0,0,0,0,0,0,0,0,0,0,0,0,0,0,0,0,0,0,0,0,0,0,0,0,0,0,0,0,0,0,0,0,0,0,0,0,0,0,0,0,0,0,0,0,0,0,0,0,0,0,0,0,0,0,0,0,0,0,0,0,0,0,0,0,0,0,0,0,0,0,0,0,0,0,0,0,0,0,0,0,0,0,0,0,0,0,0,0,0,0,0,0,0,0,0,0,0,0,0,0,0,0,0,0,0,0,0,0,0,0,0,0,0,0,0,0,0,0,0,0,0,0,0,0,0,0,0,0,0,0,0,0,0,0,0,0,0,0,0,0,0,0,0,0,0,0,0,0,0,0,10,0,0,0,0,0,0,0,0,0,0,0,0,0,0,0,0,0,0,0,0,0,0,0,0,0,0,0,0,0,0,0
EDC,0,0,0,0,0,0,0,0,0,0,0,0,0,0,0,0,0,0,0,0,0,0,0,0,0,0,0,0,0,0,0,0,0,0,0,0,0,0,0,0,0,0,0,0,0,0,0,0,0,0,0,0,0,0,0,0,0,0,0,0,0,0,0,0,0,0,0,0,0,0,0,0,0,0,0,0,0,0,0,0,0,0,0,0,0,0,0,0,0,0,0,0,0,0,0,0,0,0,0,0,0,0,0,0,0,0,0,0,0,0,0,0,0,0,0,0,0,0,0,0,0,0,0,0,0,2,0,0,0,0,0,0,0,0,0,0,0,0,0,0,0,0,0,0,0,0,0,0,0,0,0,0,0,0,0,0,0,0,0,0,0,0,0,0,0,0,0,0,0,0,0,0,0,0,0,0,0,0,0,0,0,0,0,0,0,0,0,0,0,0,0,0,0,0,0,0,0,0,0,0,0,0,0,0,0,0,0,0,0,0,0,0,0,0,0,0,0,0,0,0,0,0,0,0,0,0,0,0,0,0,0,0,0,0,0,7,0,0,0,0,0,0,0,0,0,0,0,0,0,0,0,0,0,0,0,0,0,0,0,0,0,0,0,0,0,0,0,0,0,0,0,0,0,0,0,0,0,0,0,0,0,0,0,0,0,0,0,0,0,0,0,0,0,0,0,0,0,0,0,0,0,0,0,0,0,0,0,0,0,0,0,0,0,0,0,0,0,0,0,0,0,0,0,0,0,0,0,0,0,0,0,0,0,0,0,0,0,0,0,0,0,0,0,0,0,0,0,0,0,0,0,0,0,0,0,0,0,0,0,0,0,0,0,0,0,0,0,0,0,0,0,0,0,0,0,0,0,0,0,0,0,0,0,0,0,0,0,0,0,0,0,0,0,0,0,0,0,0,0,0,0,0,0,0,0,0,0,0,0,0,0,0,0,0,0,0,0,0,0,0,0,0
EGHM,0,0,0,0,0,0,0,0,0,0,0,0,0,0,0,0,0,0,0,0,0,0,0,0,0,0,0,0,0,0,0,0,0,0,0,0,0,0,0,0,0,0,0,0,0,0,0,0,0,0,0,0,0,0,0,0,0,0,0,0,0,0,0,0,0,0,0,0,0,0,0,0,0,0,0,0,0,0,0,0,0,0,0,0,0,0,0,0,0,0,0,0,0,0,3,0,0,0,0,0,0,0,0,0,0,0,0,0,0,0,0,0,0,0,0,0,0,0,0,0,0,0,0,0,0,0,0,0,0,0,0,0,0,0,0,0,0,0,0,0,0,0,0,0,0,0,0,0,0,0,0,0,0,0,0,0,0,0,0,0,0,0,0,0,0,0,0,0,0,0,0,0,0,0,0,0,0,0,0,0,0,0,0,0,0,0,0,0,0,0,0,0,0,0,0,0,0,0,0,0,0,0,0,0,0,0,0,0,0,0,0,0,0,0,0,0,0,0,0,0,0,0,0,0,0,0,0,0,0,0,0,0,3,0,0,0,0,0,0,0,0,0,0,0,0,0,0,0,0,0,0,0,0,0,0,0,0,0,0,0,0,0,0,0,0,0,0,0,0,0,0,0,0,0,0,0,0,0,0,0,0,0,0,0,0,0,0,0,0,0,0,0,0,0,0,0,0,0,0,0,0,0,0,0,0,0,0,0,0,0,0,0,0,0,0,0,0,0,0,0,0,0,0,0,0,0,0,0,0,0,0,0,0,0,0,0,0,0,0,0,0,0,0,0,0,0,0,0,0,0,0,0,0,0,0,0,0,0,0,0,0,0,0,0,0,0,0,0,0,0,0,0,0,0,0,0,0,0,0,0,0,0,0,0,0,0,0,0,0,0,0,0,0,0,0,0,0,0,0,0,0,0,0,0,0,0,0,0,0,0,0,0,0,0,0,0,0,0,0,0,0,0
EHB,0,0,0,0,0,0,0,0,0,0,0,0,0,0,0,0,0,0,0,0,0,0,0,0,0,0,0,0,0,0,0,0,0,0,0,0,0,0,0,0,0,0,0,0,0,0,0,0,10,0,0,0,0,0,0,0,0,0,0,0,0,0,0,0,0,0,0,0,0,0,0,0,0,0,0,0,0,0,0,0,0,0,0,0,0,0,0,0,0,0,0,0,0,0,0,0,0,0,0,0,0,0,0,0,0,0,0,0,0,0,0,0,0,0,0,0,0,0,0,0,0,0,0,0,0,0,0,0,0,2,0,0,0,0,0,0,0,0,0,0,0,0,0,0,0,0,0,0,0,0,0,0,0,0,0,0,0,0,0,0,0,0,0,0,0,0,0,0,0,0,0,0,0,0,0,0,0,0,0,0,0,0,0,0,0,0,0,0,0,0,0,0,0,0,0,0,0,0,0,0,0,0,0,0,0,0,0,0,0,0,0,0,0,0,0,0,0,0,0,0,0,0,0,0,0,0,0,0,0,0,0,0,0,0,0,0,0,0,0,0,0,0,0,0,0,0,0,0,0,0,0,0,0,0,0,0,0,0,0,0,0,0,0,0,0,0,0,0,0,0,0,0,0,0,0,0,0,0,0,0,0,0,0,0,0,0,0,0,0,0,0,0,0,0,0,0,0,0,0,0,0,0,0,0,0,0,0,0,0,0,0,0,0,0,0,0,0,0,0,0,0,0,0,0,0,0,0,0,0,0,0,0,0,0,0,0,0,0,0,0,0,0,0,0,0,0,0,0,0,0,0,0,0,0,0,0,0,0,0,0,0,0,0,0,0,0,0,0,0,0,0,0,0,0,0,0,0,0,0,0,0,0,0,0,0,0,0,0,0,0,0,0,0,0,0,0,0,0,0,0,0,0,0,0,0,0,0,0,0,0,0,0,0,0,0,0,0,0,0,0,0,0
EHV,0,0,0,0,0,0,0,0,0,0,0,0,0,0,0,0,0,0,0,0,0,0,0,0,0,0,0,0,0,0,0,0,0,0,0,0,0,0,0,0,0,0,0,0,0,0,0,0,0,0,0,0,0,0,0,0,0,0,0,0,0,0,0,0,0,0,0,0,0,0,0,0,0,0,0,0,0,0,0,0,0,0,0,0,0,0,0,0,0,0,0,0,0,0,0,0,0,0,0,0,0,0,0,0,0,0,0,0,0,0,0,0,0,0,0,0,0,0,0,0,0,0,0,0,0,0,0,0,2,0,0,0,0,0,0,0,0,0,0,0,0,0,0,0,0,0,0,0,0,0,7,0,0,0,0,0,0,0,0,0,0,0,0,0,0,0,0,0,0,0,0,0,0,0,0,0,0,0,0,0,0,0,0,11,0,0,0,0,0,0,0,0,0,0,0,0,0,0,0,0,0,0,0,0,0,0,0,0,0,0,0,0,0,0,0,0,0,0,0,0,0,0,0,0,0,0,0,0,0,0,0,0,0,0,0,0,0,0,0,0,0,0,0,0,0,0,0,0,0,0,0,0,0,0,0,0,0,0,0,0,0,0,0,0,0,0,0,0,0,0,0,0,0,0,0,0,0,0,0,0,0,0,0,0,0,0,0,0,0,0,0,0,0,0,0,0,0,0,0,0,0,0,0,0,0,0,0,0,0,0,0,0,0,0,0,0,0,0,0,0,0,0,0,0,0,0,0,0,0,0,0,0,0,0,0,0,0,0,0,0,0,0,0,0,0,0,0,0,0,0,0,0,0,0,0,0,0,0,0,0,0,0,0,0,0,0,0,0,0,0,0,0,0,0,0,0,0,0,0,0,0,0,0,0,0,0,0,0,0,0,0,0,0,0,0,0,0,0,0,0,0,0,0,0,0,0,0,0,0,0,0,0,0,0,0,0,0,0,0,0,0,0
EKZ,0,0,0,0,0,0,0,0,0,0,0,0,0,0,0,0,0,0,0,0,0,0,0,0,0,0,0,0,0,0,0,0,0,0,0,0,0,0,0,0,0,0,0,0,0,0,0,0,0,0,0,0,0,0,3,0,0,0,0,0,0,0,0,0,0,0,0,0,0,0,0,0,0,0,0,0,0,0,0,0,0,0,0,0,0,0,0,0,0,0,0,0,0,0,0,0,0,0,0,0,0,0,0,0,0,0,0,0,0,0,0,0,0,0,0,0,0,0,0,0,0,0,0,0,0,0,0,0,0,0,0,0,0,0,0,0,0,0,0,0,0,0,0,0,0,0,0,0,0,0,0,0,0,0,0,0,0,0,0,0,0,0,0,0,0,0,0,0,0,0,0,0,0,0,0,0,0,0,0,0,0,0,0,0,0,0,0,0,0,0,0,0,0,0,0,0,0,0,0,0,0,0,0,0,0,0,0,0,0,0,0,0,0,0,0,0,0,0,0,0,0,0,0,0,0,0,0,0,0,0,0,0,0,0,0,0,0,0,0,0,0,0,0,0,0,0,0,0,0,0,0,0,0,0,0,0,0,0,0,0,0,0,0,0,0,0,0,0,0,0,0,0,0,0,0,0,0,0,0,0,0,0,0,0,0,0,0,0,0,0,0,0,0,0,0,0,0,0,0,0,0,0,0,0,0,0,0,0,0,0,0,0,0,0,0,0,0,0,0,0,0,0,0,0,0,0,0,0,0,0,0,0,0,0,0,0,0,0,0,0,0,0,0,0,0,0,0,0,0,0,0,0,0,0,0,0,0,0,0,0,0,0,0,0,0,0,0,0,0,0,0,0,0,0,0,0,0,0,0,0,0,0,0,0,0,0,0,0,0,0,0,0,0,0,0,0,0,0,0,0,0,0,0,0,0,0,0,0,0,0,0,0,0,0,0,0,0,0,0,0,0,0
EML,0,0,0,0,0,0,0,0,0,0,0,0,0,0,0,0,0,0,0,0,0,0,0,0,0,0,0,0,0,0,0,0,0,0,0,0,0,0,0,0,0,0,0,0,0,0,0,0,0,0,0,0,0,0,0,0,0,0,0,0,0,0,0,0,0,0,0,0,0,0,0,0,0,0,0,0,0,0,0,0,0,0,0,0,0,0,0,0,0,0,0,0,0,0,0,0,0,0,0,0,0,0,0,0,0,0,0,0,0,0,0,0,0,0,0,0,0,0,0,0,0,0,0,0,0,0,0,0,0,0,0,0,0,0,0,0,0,0,0,0,0,0,0,0,0,0,0,0,0,0,0,0,0,0,0,0,0,0,0,0,0,0,5,0,0,0,0,0,0,0,0,0,0,0,0,0,0,0,0,0,0,0,0,0,0,0,0,0,0,0,0,0,0,0,0,0,0,0,0,0,0,0,0,0,0,0,0,0,0,0,0,0,0,0,0,0,0,0,0,0,0,0,0,0,0,0,0,0,0,0,0,0,0,0,0,0,0,0,0,0,0,0,0,0,0,0,0,0,0,0,0,0,0,0,0,0,0,0,0,0,0,0,0,0,0,0,0,0,0,0,0,0,0,0,0,0,0,0,0,0,0,0,0,0,0,0,0,6,0,0,0,0,0,0,0,0,0,0,0,0,0,0,0,0,0,0,0,0,0,0,0,0,0,0,0,0,0,0,0,0,0,0,0,0,0,0,0,0,0,0,0,0,0,0,0,0,0,0,0,0,0,0,0,0,0,0,0,0,0,0,0,0,0,0,0,0,0,0,0,0,0,0,0,0,0,0,0,0,0,0,0,0,0,0,0,0,0,0,0,0,0,0,0,0,0,0,0,0,0,0,0,0,0,0,0,0,0,0,0,0,0,0,0,0,0,0,0,0,0,0,0,0,0,0,0,0,0,0,0,0,0,0
EMN,0,0,0,0,0,0,0,0,0,0,0,0,0,0,0,0,0,0,0,0,0,0,0,0,0,0,0,0,0,0,0,0,0,0,0,0,0,0,0,0,0,0,0,0,0,0,0,0,0,0,0,0,0,0,0,0,0,0,0,0,0,0,0,0,0,0,0,0,0,0,0,0,0,0,0,0,0,0,0,0,0,0,0,0,0,0,0,0,0,0,0,0,0,0,0,0,0,0,0,0,0,0,0,0,0,0,0,0,0,0,0,0,0,0,0,0,0,0,0,0,0,0,0,0,0,0,0,0,0,0,0,0,0,6,0,0,0,0,0,0,0,0,0,0,0,0,0,0,0,0,0,0,0,0,0,0,0,0,0,0,0,0,0,0,0,0,0,0,0,0,0,0,0,0,0,0,0,0,0,0,0,0,0,0,0,0,0,0,0,0,0,0,0,0,0,0,0,0,0,0,0,0,0,0,0,0,0,0,0,0,0,0,0,0,0,0,0,0,0,0,0,0,0,0,0,0,0,0,0,0,0,0,0,0,0,0,0,0,0,0,0,0,0,0,0,0,0,0,0,0,0,0,0,0,0,0,0,0,0,0,0,0,0,0,0,0,0,0,0,0,0,0,0,0,0,0,0,0,0,0,0,0,0,0,0,0,0,0,0,0,0,0,0,0,0,0,0,0,0,0,0,0,0,0,0,0,0,0,0,0,0,0,0,0,0,0,0,0,0,0,0,0,0,0,0,0,0,0,0,0,0,0,0,0,0,0,0,0,0,0,0,0,0,0,0,0,0,0,0,0,0,0,0,0,0,0,0,0,0,0,0,0,0,0,0,0,0,0,0,0,0,0,0,0,0,0,0,0,0,0,0,0,0,0,0,0,0,0,0,0,0,0,0,0,0,0,0,0,0,0,0,0,0,0,0,0,0,0,0,0,0,0,0,0,0,0,0,0,0,0,0,0
EMNZ,0,0,0,0,0,0,0,0,0,0,0,0,0,0,0,0,0,0,0,0,0,0,0,0,0,0,0,0,0,0,0,0,0,0,0,0,0,0,0,0,0,0,0,0,0,0,0,0,0,0,0,0,0,0,0,0,0,0,0,0,0,0,0,0,0,0,0,0,0,0,0,0,0,0,0,0,0,0,0,0,0,0,0,0,0,0,0,0,0,0,0,0,0,0,0,0,0,0,0,0,0,0,0,0,0,0,0,0,0,0,0,0,0,0,0,0,0,0,0,0,0,0,0,0,0,0,0,0,0,0,0,0,6,0,0,0,0,0,0,0,0,0,0,0,0,0,0,0,0,0,0,0,0,0,0,0,0,0,0,0,0,0,0,0,0,0,0,0,0,0,0,0,0,0,0,0,0,0,0,0,0,0,0,0,0,0,0,0,0,0,0,0,0,0,0,0,0,0,0,0,0,0,0,0,0,0,0,0,0,0,0,0,0,0,0,0,0,0,0,0,0,0,0,0,0,0,0,0,0,0,0,0,0,0,0,0,0,0,0,0,0,0,0,0,0,0,0,0,0,0,0,0,0,0,0,0,0,0,5,0,0,0,0,0,0,0,0,0,0,0,0,0,0,0,0,0,0,0,0,0,0,0,0,0,0,0,0,0,0,0,0,0,0,0,0,0,0,0,0,0,0,0,0,0,0,0,0,0,0,0,0,0,0,0,0,0,0,0,0,0,0,0,0,0,0,0,0,0,0,0,0,0,0,0,0,0,0,0,0,0,0,0,0,0,0,0,0,0,0,0,0,0,0,0,0,0,0,0,0,0,0,0,0,0,0,0,0,0,0,0,0,0,0,0,0,0,0,0,0,0,0,0,0,0,0,0,0,0,0,0,0,0,0,0,0,0,0,0,0,0,0,0,0,0,0,0,0,0,0,0,0,0,0,0,0,0,0,0,0,0,0,0
ERP,67,67,0,0,0,0,0,0,0,0,0,0,84,86,84,0,84,176,0,0,176,0,0,126,127,129,239,0,0,0,68,70,0,70,70,0,67,0,68,71,0,69,69,56,0,0,0,0,0,0,0,208,74,0,0,0,62,62,0,61,71,0,0,180,0,0,0,101,100,0,10,0,0,27,26,26,46,59,82,82,40,0,77,0,69,69,0,0,0,72,0,28,77,77,0,0,0,71,0,0,0,0,71,0,0,77,0,71,69,0,0,65,0,0,0,0,0,140,144,0,141,0,0,0,0,0,0,0,0,0,0,0,0,0,0,0,0,0,0,0,38,40,76,0,0,0,0,0,0,0,0,72,0,0,0,0,0,0,0,65,0,208,0,0,0,0,77,0,0,0,183,185,0,0,0,0,0,0,0,60,60,0,0,0,56,58,0,0,0,0,158,0,0,0,0,0,0,221,82,82,69,70,0,92,76,76,0,0,64,0,0,0,0,31,29,29,0,0,0,0,0,0,0,74,0,0,0,0,0,0,0,71,0,0,0,0,0,0,0,0,76,75,35,0,0,34,72,0,0,0,0,0,0,0,0,0,11,0,0,78,0,0,0,0,0,0,0,0,0,0,31,0,0,0,70,193,0,0,0,0,0,0,76,0,0,0,15,0,0,0,0,0,0,226,0,0,25,0,0,0,166,0,26,22,20,21,23,25,23,24,23,0,0,19,221,221,0,0,0,0,80,0,0,0,0,0,0,0,0,143,0,64,62,0,0,0,0,0,108,0,0,0,0,75,0,74,141,69,73,0,0,0,136,0,66,0,68,0,0,68,68,0,67,68,0,0,0,0,0,82,0,0,0,0,0,0,0,0,0,68,0,0,0,73,0,0,0,0,52,172,0,71,70,0,0,0,0,73,0,0,0,0,0,0,0,0,0,76,0,0,0,0,0,0,0,0,0,0,0,0,0,0
ES,0,0,0,0,0,0,0,0,0,0,0,0,0,0,0,0,0,0,0,0,0,0,0,0,0,0,0,0,0,0,0,0,0,0,0,0,0,0,0,0,0,0,0,0,0,0,0,0,0,0,0,0,0,0,0,0,0,0,0,0,0,0,0,0,0,0,0,0,0,0,0,0,0,0,0,0,0,0,0,0,0,0,0,0,0,0,0,0,0,0,0,0,0,0,0,0,0,0,0,0,0,0,0,0,0,0,0,0,0,0,0,0,0,0,0,0,0,0,0,0,0,0,0,0,0,0,0,0,0,0,0,0,0,0,0,0,5,0,0,0,0,0,0,0,0,0,0,0,0,0,0,0,0,0,0,0,0,0,0,0,0,0,0,0,0,0,0,0,0,0,0,0,0,0,0,0,0,0,0,0,0,0,0,0,0,0,0,0,0,0,0,0,0,0,0,0,0,0,0,0,0,0,0,0,0,0,0,0,0,0,0,0,0,0,0,0,0,0,0,0,0,0,0,0,0,0,0,0,0,0,0,0,0,0,0,0,0,0,0,0,0,0,0,0,0,0,0,0,0,0,0,0,0,0,0,0,0,0,0,0,0,0,0,0,0,0,0,0,0,0,0,0,0,0,0,0,0,0,0,0,0,0,0,0,0,0,0,0,0,0,0,0,0,0,0,0,0,0,0,0,0,0,0,0,0,0,0,0,0,0,0,0,0,0,0,0,0,0,0,0,0,0,0,0,0,0,0,0,0,0,0,0,0,0,0,0,0,0,0,0,0,0,0,0,0,0,0,0,0,0,0,0,0,0,0,0,0,0,0,0,0,0,0,0,0,0,0,0,0,0,0,0,0,0,0,0,0,0,0,0,0,0,0,0,0,0,0,0,0,0,0,0,0,0,0,0,0,0,0,0,0,0,0,0,0,0,0,0,0,0,0,0,0,0,0,0,0,0,0,0,0,0
ESK,0,0,0,0,0,0,0,0,0,0,0,0,0,0,0,0,0,0,0,0,0,0,0,0,0,0,0,0,0,0,0,0,0,0,0,0,0,0,0,0,0,0,0,0,0,0,0,0,0,0,0,0,0,0,0,0,0,0,0,0,0,0,0,0,0,0,0,0,0,0,0,0,0,0,0,0,0,0,0,0,0,0,0,0,0,0,0,0,0,0,0,0,0,0,0,0,0,0,0,0,0,0,0,0,0,0,0,0,0,0,0,0,0,0,0,0,0,0,0,0,0,0,0,0,0,0,0,0,0,0,0,0,0,0,0,5,0,0,0,0,0,0,0,0,0,0,0,0,0,0,0,0,0,0,0,0,0,0,0,0,0,0,0,0,0,0,0,0,0,0,0,4,0,0,0,0,0,0,0,0,0,0,0,0,0,0,0,0,0,0,0,0,0,0,0,0,0,0,0,0,0,0,0,0,0,0,0,0,0,0,0,0,0,0,0,0,0,0,0,0,0,0,0,0,0,0,0,0,0,0,0,0,0,0,0,0,0,0,0,0,0,0,0,0,0,0,0,0,0,0,0,0,0,0,0,0,0,0,0,0,0,0,0,0,0,0,0,0,0,0,0,0,0,0,0,0,0,0,0,0,0,0,0,0,0,0,0,0,0,0,0,0,0,0,0,0,0,0,0,0,0,0,0,0,0,0,0,0,0,0,0,0,0,0,0,0,0,0,0,0,0,0,0,0,0,0,0,0,0,0,0,0,0,0,0,0,0,0,0,0,0,0,0,0,0,0,0,0,0,0,0,0,0,0,0,0,0,0,0,0,0,0,0,0,0,0,0,0,0,0,0,0,0,0,0,0,0,0,0,0,0,0,0,0,0,0,0,0,0,0,0,0,0,0,0,0,0,0,0,0,0,0,0,0,0,0,0,0,0,0,0,0,0,0,0,0,0,0,0,0,0,0
EST,0,0,0,0,0,5,0,0,0,0,0,0,0,0,0,0,0,0,0,0,0,0,0,0,0,0,0,0,0,0,0,0,0,0,0,0,0,0,0,0,0,0,0,0,0,0,0,0,0,0,0,0,0,0,0,0,0,0,0,0,0,0,0,0,0,0,0,0,0,0,0,0,0,0,0,0,0,0,0,0,0,0,0,0,0,0,0,0,0,0,0,0,0,0,0,0,0,0,0,0,0,0,0,0,0,0,0,0,0,0,0,0,0,0,0,0,0,0,0,0,0,0,0,0,0,0,0,0,0,0,0,0,0,0,0,0,0,0,0,0,0,0,0,0,0,0,0,0,0,0,0,0,0,0,0,0,0,0,0,0,0,0,0,0,0,0,0,0,0,0,0,0,0,0,0,0,0,0,0,0,0,0,0,0,0,0,0,0,0,0,0,0,0,0,0,0,0,0,0,0,0,0,0,0,0,0,0,0,0,0,0,0,0,0,0,0,0,0,0,0,0,0,0,0,0,0,0,0,0,0,0,0,0,0,0,0,0,0,0,0,0,0,0,0,0,0,0,0,0,0,0,0,0,0,0,0,0,0,0,0,0,0,0,0,0,7,0,0,0,0,0,0,0,0,0,0,0,0,0,0,0,0,0,0,0,0,0,0,0,0,0,0,0,0,0,0,0,0,0,0,0,0,0,0,0,0,0,0,0,0,0,0,0,0,0,0,0,0,0,0,0,0,0,0,0,0,0,0,0,0,0,0,0,0,0,0,0,0,0,0,0,0,0,0,0,0,0,0,0,0,0,0,0,0,0,0,0,0,0,0,0,0,0,0,0,0,0,0,0,0,0,0,0,0,0,0,0,0,0,0,0,0,0,0,0,0,0,0,0,0,0,0,0,0,0,0,0,0,0,0,0,0,0,0,0,11,0,0,0,0,0,0,0,0,0,0,0,0,0,0,0,0
FN,0,0,0,0,0,0,0,0,0,0,0,0,0,0,0,0,0,0,0,0,0,0,0,0,0,0,0,0,0,0,0,0,0,0,0,0,0,0,0,0,0,0,0,0,0,0,0,0,0,0,0,0,0,0,0,0,0,0,0,0,0,0,0,0,0,0,0,0,0,0,0,0,0,0,0,0,0,0,0,0,0,0,0,0,0,0,0,0,0,0,0,0,0,0,0,0,0,0,0,0,0,0,0,0,0,0,0,0,0,0,0,0,0,7,0,0,0,0,0,0,0,0,0,0,0,0,0,0,0,0,0,0,0,0,0,0,0,0,0,0,0,0,0,0,0,0,0,0,0,0,0,0,0,0,0,0,0,0,0,0,0,0,0,0,0,0,0,0,0,0,0,0,0,0,0,0,0,10,0,0,0,0,0,0,0,0,0,0,0,0,0,0,0,0,0,0,0,0,0,0,0,0,0,0,0,0,0,0,0,0,0,0,0,0,0,0,0,0,0,0,0,0,0,0,0,0,0,0,0,0,0,0,0,0,0,0,0,0,0,0,0,0,0,0,0,0,0,0,0,0,0,0,0,0,0,0,0,0,0,0,0,0,0,0,0,0,0,0,0,0,0,0,0,0,0,0,0,0,0,0,0,0,0,0,0,0,0,0,0,0,0,0,0,0,0,0,0,0,0,0,0,0,0,0,0,0,0,0,0,0,0,0,0,0,0,0,0,0,0,0,0,0,0,0,0,0,0,0,0,0,0,0,0,0,0,0,0,0,0,0,0,0,0,0,0,0,0,0,0,0,0,0,0,0,0,0,0,0,0,0,0,0,0,0,0,0,0,0,0,0,0,0,0,0,0,0,0,0,0,0,0,0,0,0,0,0,0,0,0,0,0,0,0,0,0,0,0,0,0,0,0,0,0,0,0,0,0,0,0,0,0,0,0,0,0,0,0,0,0,0,0,0
GBG,0,0,0,0,0,0,0,0,0,0,0,0,0,0,0,0,0,0,0,0,0,0,0,0,0,0,0,0,0,0,0,0,0,0,0,0,0,0,0,0,0,0,0,0,0,0,0,0,0,0,0,0,0,0,0,0,0,0,0,0,0,0,0,0,0,0,0,0,0,0,0,0,0,0,0,0,0,0,0,0,0,0,0,0,0,0,0,0,0,0,9,0,0,0,0,0,0,0,0,0,0,0,0,0,0,0,0,0,0,0,0,0,0,0,0,0,0,0,0,0,0,0,0,0,0,0,0,0,0,0,0,0,0,0,0,0,0,0,0,0,0,0,0,0,0,0,0,0,0,0,0,0,0,0,0,0,0,0,0,0,0,0,0,6,0,0,0,0,0,0,0,0,0,0,0,0,0,0,0,0,0,0,0,0,0,0,0,0,0,0,0,0,0,0,0,0,0,0,0,0,0,0,0,0,0,0,0,0,0,0,0,0,0,0,0,0,0,0,0,0,0,0,0,0,0,0,0,0,0,0,0,0,0,0,0,0,0,0,0,0,0,0,0,0,0,0,0,0,0,0,0,0,0,0,0,0,0,0,0,0,0,0,0,0,0,0,0,0,0,0,0,0,0,0,0,0,0,0,0,0,0,0,0,0,0,0,0,0,0,0,0,0,0,0,0,0,0,0,0,0,0,0,0,0,0,0,0,0,0,0,0,0,0,0,0,0,0,0,0,0,0,0,0,0,0,0,0,0,0,0,0,0,0,0,0,0,0,0,0,0,0,0,0,0,0,0,0,0,0,0,0,0,0,0,0,0,0,0,0,0,0,0,0,0,0,0,0,0,0,0,0,0,0,0,0,0,0,0,0,0,0,0,0,0,0,0,0,0,0,0,0,0,0,0,0,0,0,0,0,0,0,0,0,0,0,0,0,0,0,0,0,0,0,0,0,0,0,0,0,0,0,0
GD,47,34,0,0,0,0,0,0,0,0,0,0,46,53,47,0,46,150,0,0,152,0,0,96,90,99,259,0,0,0,52,62,0,58,43,0,51,0,66,59,0,44,44,74,0,0,0,0,0,0,0,170,41,0,0,0,35,26,0,65,33,0,0,159,0,0,0,63,63,0,32,0,0,35,20,20,22,29,56,45,20,0,55,0,75,52,0,0,0,50,0,13,41,41,0,0,0,40,0,0,0,0,42,0,0,44,0,61,56,0,0,70,0,0,0,0,0,111,115,0,104,0,0,0,0,0,0,0,0,0,0,0,0,0,38,0,0,0,0,0,0,3,58,0,0,0,0,0,0,0,0,40,0,0,0,0,0,0,0,84,0,170,0,0,0,0,49,0,0,0,159,161,0,0,0,0,0,0,0,62,63,0,0,0,19,21,0,0,0,0,130,0,0,0,0,0,0,184,80,54,40,41,0,59,50,51,0,0,70,0,0,0,0,23,21,21,0,0,0,0,0,0,0,40,0,0,0,0,0,0,0,35,0,0,0,0,0,0,0,0,42,42,3,0,0,4,40,0,0,0,0,0,0,0,0,0,48,0,0,56,0,0,0,0,0,0,0,0,0,0,9,0,0,0,42,170,0,0,0,0,0,0,45,0,0,0,27,0,0,0,0,0,0,188,0,0,31,0,0,0,137,0,14,25,24,19,15,14,16,29,28,0,0,23,184,184,0,0,0,0,43,0,0,0,0,0,0,0,0,105,0,69,67,0,0,0,0,0,70,0,0,0,0,95,0,56,113,90,94,0,0,0,106,0,32,0,36,0,0,35,30,0,33,30,0,0,0,0,0,56,0,0,0,0,0,0,0,0,0,37,0,0,0,40,0,0,6,0,16,145,0,41,41,0,0,0,0,63,0,0,0,0,0,0,0,0,0,67,0,0,0,0,0,0,0,0,18,0,0,0,0,0
GDG,44,33,0,0,0,0,0,0,0,0,0,0,44,50,45,0,44,147,0,0,149,0,0,93,87,96,256,0,0,0,49,59,0,55,43,0,48,0,63,56,0,44,44,77,0,0,0,0,0,0,0,168,38,0,0,0,32,24,0,68,31,0,0,156,0,0,0,61,61,0,34,0,0,38,21,21,21,27,53,43,20,0,52,0,78,52,0,0,0,47,0,16,39,40,0,0,0,39,0,0,0,0,42,0,0,41,0,58,53,0,0,73,0,0,0,0,0,108,112,0,101,0,0,0,0,0,0,0,0,0,0,0,0,0,40,0,0,0,0,0,3,0,55,0,0,0,0,0,0,0,0,39,0,0,0,0,0,0,0,87,0,168,0,0,0,0,47,0,0,0,156,158,0,0,0,0,0,0,0,65,66,0,0,0,17,19,0,0,0,0,127,0,0,0,0,0,0,181,77,52,37,38,0,56,47,48,0,0,70,0,0,0,0,23,22,22,0,0,0,0,0,0,0,39,0,0,0,0,0,0,0,32,0,0,0,0,0,0,0,0,40,40,5,0,0,6,39,0,0,0,0,0,0,0,0,0,50,0,0,53,0,0,0,0,0,0,0,0,0,0,12,0,0,0,42,167,0,0,0,0,0,0,43,0,0,0,29,0,0,0,0,0,0,186,0,0,34,0,0,0,134,0,17,28,27,22,18,16,18,32,31,0,0,25,181,181,0,0,0,0,41,0,0,0,0,0,0,0,0,103,0,72,70,0,0,0,0,0,68,0,0,0,0,98,0,55,111,93,97,0,0,0,103,0,29,0,33,0,0,32,28,0,30,28,0,0,0,0,0,54,0,0,0,0,0,0,0,0,0,36,0,0,0,39,0,0,0,0,13,142,0,40,40,0,0,0,0,60,0,0,0,0,0,0,0,0,0,64,0,0,0,0,0,0,0,0,0,0,0,0,0,0
GDM,50,47,0,0,0,0,0,0,0,0,0,0,30,47,31,0,30,140,0,0,142,0,0,90,61,93,253,0,0,0,55,65,0,61,63,0,54,0,69,62,0,65,65,65,0,0,0,0,0,0,0,137,35,0,0,0,38,37,0,87,27,0,0,135,0,0,0,38,38,0,67,0,0,58,50,50,31,18,50,36,38,0,49,0,94,79,0,0,0,8,0,71,41,43,0,0,0,54,0,0,0,0,60,0,0,38,0,64,59,0,0,92,0,0,0,0,0,101,105,0,74,0,0,0,0,0,0,0,0,0,0,0,0,0,76,0,0,0,0,0,58,55,0,0,0,0,0,0,0,0,0,53,0,0,0,0,0,0,0,55,0,137,0,0,0,0,15,0,0,0,130,132,0,0,0,0,0,0,0,84,83,0,0,0,33,33,0,0,0,0,120,0,0,0,0,0,0,150,22,20,18,17,0,53,44,45,0,0,76,0,0,0,0,47,48,48,0,0,0,0,0,0,0,48,0,0,0,0,0,15,0,10,0,0,0,0,0,0,0,0,1,3,44,0,0,44,53,0,0,0,0,0,0,0,0,0,86,0,0,50,0,0,0,0,0,0,0,0,0,0,67,0,0,0,60,141,0,0,0,0,0,0,9,0,0,0,61,0,0,0,0,0,0,154,0,0,62,0,0,0,127,0,72,68,69,74,53,51,53,64,65,0,0,57,150,150,0,0,0,0,29,0,0,0,0,0,0,0,0,75,0,91,89,0,0,0,0,0,45,0,0,0,0,44,0,38,73,49,45,0,0,10,100,0,26,0,22,0,0,29,27,0,25,23,0,0,0,0,0,25,0,0,0,0,0,0,0,0,0,53,0,0,0,50,0,0,0,0,42,135,0,55,58,0,0,0,0,59,0,0,0,0,0,0,0,0,0,9,0,0,0,0,0,0,0,0,0,0,0,0,0,0
GDR,0,0,0,0,0,0,0,0,0,0,0,0,0,0,0,0,0,0,0,0,0,0,0,0,0,0,0,0,0,0,0,0,0,0,0,0,0,0,0,0,0,0,0,0,0,0,0,0,0,0,0,0,0,0,0,0,0,0,0,0,0,0,0,0,0,0,0,0,0,0,0,0,0,0,0,0,0,0,0,0,0,0,0,0,0,0,0,0,0,0,0,0,0,0,0,0,0,0,0,0,0,0,0,0,0,0,0,0,0,0,0,0,0,0,0,6,0,0,0,0,0,0,0,0,0,0,0,0,0,0,0,0,0,0,0,0,0,0,0,0,0,0,0,0,0,0,0,0,0,0,0,0,0,0,0,0,0,0,0,0,0,0,0,0,0,0,0,0,0,0,0,0,0,0,0,0,0,0,0,0,0,0,0,0,0,0,0,0,0,0,0,0,0,0,0,0,0,0,0,0,0,0,0,0,0,0,0,0,0,0,0,0,0,0,0,0,0,0,0,0,0,0,0,0,0,0,0,0,0,0,0,0,0,0,0,0,0,0,0,0,0,0,0,0,0,0,0,0,0,0,0,0,0,0,0,0,0,0,0,0,0,0,0,0,0,0,0,0,0,0,0,0,0,0,0,0,0,0,0,0,0,0,0,0,0,0,0,0,0,0,0,0,0,0,0,0,0,0,0,0,0,0,0,0,0,0,0,0,0,0,0,0,0,0,0,0,0,0,0,0,0,0,0,0,0,0,0,0,0,0,0,0,0,0,0,0,0,0,0,0,0,0,0,0,2,0,0,0,0,0,0,0,0,0,0,0,0,0,0,0,0,0,0,0,0,0,0,0,0,0,0,0,0,0,0,0,0,0,0,0,0,0,0,0,0,0,0,0,0,0,0,0,0,0,0,0,0,0,0,0,0,0,0,0,0,0,0,0,0,0,0,0,0,0,0,0,0,0,0,0,0,0
GERP,0,0,0,0,0,0,0,0,0,0,0,0,0,0,0,0,0,0,0,0,0,0,0,0,0,0,0,0,0,0,0,0,0,0,0,0,0,0,0,0,0,0,0,0,0,0,0,0,0,0,0,0,0,0,0,0,0,0,0,0,0,0,0,0,0,0,0,0,0,0,0,0,0,0,0,0,0,0,0,0,0,0,0,0,0,0,0,0,0,0,0,0,0,0,0,0,0,0,0,0,0,0,0,0,0,0,0,0,0,0,0,0,0,0,0,0,0,0,0,0,0,0,0,0,0,0,0,0,0,0,0,0,0,0,0,0,0,0,0,0,0,0,0,0,0,0,0,2,0,0,0,0,0,0,0,0,0,0,0,0,0,0,0,0,0,0,0,0,0,0,0,0,0,0,0,0,0,0,0,0,0,0,0,0,0,0,0,0,0,0,0,0,0,0,0,5,0,0,0,0,0,0,0,0,0,0,0,0,0,0,0,0,0,0,0,0,0,0,0,0,0,0,0,0,12,0,0,0,0,0,0,0,0,0,0,0,0,0,0,0,0,0,0,0,0,0,0,0,0,0,0,0,0,0,0,0,0,0,0,0,0,0,0,0,0,0,0,0,0,0,0,0,0,0,0,0,0,0,0,0,0,0,0,0,0,0,0,0,0,0,0,0,0,0,0,0,0,0,0,0,0,0,0,0,0,0,0,0,0,0,0,0,0,0,0,0,0,0,0,0,0,0,0,0,0,0,0,0,0,0,0,0,0,0,0,0,0,0,0,0,0,0,0,0,0,0,0,0,0,0,0,0,0,0,0,0,0,0,0,0,0,0,0,0,0,0,0,0,0,0,0,0,0,0,0,0,0,0,0,0,0,0,0,0,0,0,0,0,0,0,0,0,0,0,0,0,0,0,0,0,0,0,0,0,0,0,0,0,0,0,0,0,0,0,0,0,0,0,0,0,0,0
GK,0,0,0,0,0,0,0,0,0,0,0,0,0,0,0,0,0,0,0,0,0,0,0,0,0,0,0,0,0,0,0,0,0,0,0,0,0,0,0,0,0,0,0,0,0,0,0,0,0,0,0,0,0,0,0,0,0,0,0,0,0,0,0,0,0,0,0,0,0,0,0,13,0,0,0,0,0,0,0,0,0,0,0,0,0,0,0,0,0,0,0,0,0,0,0,0,0,0,0,0,0,0,0,0,0,0,0,0,0,0,0,0,0,0,0,0,0,0,0,0,0,0,0,0,0,0,0,0,0,0,0,0,0,0,0,0,0,0,0,0,0,0,0,0,0,0,0,0,0,0,0,0,0,0,0,0,0,0,0,0,0,0,0,0,0,0,0,0,0,0,0,0,0,0,0,0,0,0,0,0,0,0,0,0,0,0,0,0,0,0,0,0,0,0,0,0,0,0,0,0,0,0,0,0,0,0,0,0,0,0,0,0,0,0,0,0,0,0,0,0,0,0,0,0,0,0,0,0,0,0,0,0,0,0,0,0,0,0,0,0,0,0,0,0,0,0,0,0,0,0,0,0,0,0,0,0,0,0,0,0,0,0,0,0,0,0,0,0,0,0,0,0,0,0,0,0,0,0,0,0,0,0,0,0,0,0,0,0,0,0,0,0,0,0,0,0,0,0,0,0,0,0,0,0,0,0,0,0,0,0,0,0,0,0,0,0,0,0,0,0,0,0,0,0,0,0,0,0,0,0,0,0,0,0,0,0,0,0,0,0,0,0,0,0,0,0,0,0,0,0,0,0,0,0,0,0,0,0,0,0,0,0,0,0,0,0,0,0,0,0,0,0,0,0,0,0,0,0,0,0,0,0,0,0,0,0,0,0,0,0,0,0,0,0,0,0,0,0,0,0,0,0,0,0,0,0,0,0,0,8,0,0,0,0,0,0,0,0,0,0,0,0
GLN,0,0,0,0,0,0,0,0,0,0,0,0,0,0,0,0,0,0,0,0,0,0,0,0,0,0,0,0,0,0,0,0,0,0,0,0,0,0,0,0,0,0,0,0,0,0,0,0,0,0,0,0,0,0,0,0,0,0,0,0,0,0,0,0,0,0,0,0,0,0,0,0,0,0,0,0,0,0,0,0,0,0,0,0,0,0,0,0,0,0,0,0,0,0,0,0,0,0,0,0,0,0,0,0,0,0,0,0,0,0,0,0,0,0,0,0,0,0,0,0,0,0,0,0,0,0,0,0,0,0,0,0,0,0,0,0,0,0,0,0,0,0,0,0,0,0,0,0,0,0,0,0,0,0,0,0,0,0,0,0,0,0,0,0,0,0,0,0,0,0,0,0,0,0,0,0,0,0,0,0,0,0,0,0,0,0,0,0,0,0,0,0,0,0,0,0,0,0,0,0,0,0,0,0,0,0,0,0,0,0,0,0,0,0,0,0,0,0,0,0,0,0,0,0,0,0,0,0,0,0,0,0,0,0,0,0,0,0,0,0,0,0,0,0,0,0,0,0,0,0,0,0,0,0,0,0,0,0,0,0,0,0,0,0,0,0,0,0,0,0,0,0,0,0,0,0,0,0,0,0,0,0,0,0,0,0,0,0,0,0,0,0,0,0,0,0,0,0,0,0,0,0,0,0,0,0,0,0,0,0,0,0,0,0,0,0,3,0,0,0,0,0,0,0,0,0,0,0,0,0,0,0,0,0,0,0,5,0,0,0,0,0,0,0,0,0,0,0,0,0,0,0,0,0,0,0,0,0,0,0,0,0,0,0,0,0,0,0,0,0,0,0,0,0,0,0,0,0,0,0,0,0,0,0,0,0,0,0,0,0,0,0,0,0,0,0,0,0,0,0,0,0,0,0,0,0,0,0,0,0,0,0,0,0,0,0,0,0,0,0,0,0
GN,0,0,0,0,0,0,0,0,0,0,0,0,0,0,0,0,0,0,0,0,0,0,0,0,0,0,0,0,0,0,0,0,0,0,0,0,0,0,0,0,0,0,0,0,0,0,0,0,0,0,0,0,0,0,0,0,0,0,0,0,0,0,0,0,0,0,0,0,0,0,0,0,0,0,0,0,0,0,0,0,0,0,0,0,0,0,0,0,0,0,0,0,0,0,0,0,0,0,0,0,0,0,0,0,0,0,0,0,0,0,0,0,0,0,0,0,0,0,0,0,0,0,0,0,0,0,0,0,0,0,0,0,0,0,0,0,0,0,0,0,0,0,0,0,2,0,0,0,3,0,0,0,0,0,0,0,0,0,0,0,0,0,0,0,0,0,0,0,0,0,0,0,0,0,0,0,0,0,0,0,0,0,0,0,0,0,0,0,0,0,0,0,0,0,0,0,0,0,0,0,0,0,0,0,0,0,0,0,0,0,0,0,0,0,0,0,0,0,0,0,0,0,0,0,0,0,0,0,0,0,0,0,0,0,0,0,0,0,0,0,0,0,0,0,0,0,0,0,0,0,0,0,0,0,0,0,0,0,0,0,0,0,0,0,0,0,0,0,0,0,0,0,0,0,0,0,0,0,0,0,0,0,0,0,0,0,0,0,0,0,0,0,0,0,0,0,0,0,0,0,0,0,0,0,0,0,0,0,0,0,0,0,0,0,0,0,0,0,0,0,0,0,0,0,0,0,0,0,0,0,0,0,0,0,0,0,0,0,0,0,0,0,0,0,0,0,0,0,0,0,0,0,0,0,0,0,0,0,0,0,0,0,0,0,0,0,0,0,0,0,0,0,0,0,0,0,0,0,0,0,0,0,0,0,0,0,0,0,0,0,0,0,0,0,0,0,0,0,0,0,0,0,0,0,0,0,0,0,0,14,0,0,0,0,0,0,0,0,0,0,0,0
GNN,0,0,0,0,0,0,0,0,0,0,0,0,0,0,0,0,0,0,0,0,0,0,0,0,0,0,0,0,0,0,0,0,0,0,0,0,0,0,0,0,0,0,0,0,0,0,0,0,0,0,0,0,0,0,0,0,0,0,0,0,0,0,0,0,0,0,0,0,0,0,0,0,0,0,0,0,0,0,0,0,0,0,0,0,0,0,0,0,0,0,0,0,0,0,0,0,0,0,0,0,0,0,0,0,0,0,0,0,0,0,0,0,0,0,0,0,0,0,0,0,0,0,0,0,0,0,0,0,0,0,0,0,0,0,0,0,0,0,0,0,0,0,0,0,0,0,0,3,0,0,0,0,0,0,0,0,0,0,0,0,0,0,0,0,0,0,0,0,0,0,0,0,0,0,0,0,0,0,0,0,0,0,0,0,0,0,0,0,0,0,0,0,0,0,0,0,0,0,0,0,0,0,0,0,0,0,0,0,0,0,0,0,0,0,0,0,0,0,0,0,0,0,0,0,0,0,0,0,0,0,0,0,0,0,0,0,0,0,0,0,0,0,0,0,0,0,0,0,0,0,0,0,0,0,0,0,0,0,0,0,0,0,0,0,0,0,0,0,0,0,0,0,0,0,0,0,0,0,0,0,0,0,0,0,0,0,0,0,0,0,0,0,0,0,0,0,0,0,0,0,0,0,0,0,0,0,0,0,0,0,0,0,0,0,0,0,0,0,0,0,0,0,0,0,0,0,0,0,0,0,0,0,0,0,0,0,0,0,0,0,0,8,0,0,0,0,0,0,0,0,0,0,0,0,0,0,0,0,0,0,0,0,0,0,0,0,0,0,0,0,0,0,0,0,0,0,0,0,0,0,0,0,0,0,0,0,0,0,0,0,0,0,0,0,0,0,0,0,0,0,0,0,0,0,0,0,0,0,0,0,0,0,0,0,0,0,0,0,0,0,0,0
GO,0,0,0,0,0,0,0,0,0,0,0,0,0,0,0,0,0,0,0,0,0,0,0,0,0,0,0,0,0,0,0,0,0,0,0,0,0,0,0,0,0,0,0,0,0,0,0,0,0,0,0,0,0,0,0,0,0,0,0,0,0,0,0,0,0,0,0,0,0,0,0,0,0,0,0,0,0,0,0,0,0,0,0,0,0,0,0,0,0,0,0,0,0,0,0,0,0,0,11,0,0,0,0,0,0,0,0,0,0,0,0,0,0,0,0,0,0,0,0,0,0,0,0,0,0,0,0,0,0,0,0,0,0,0,0,0,0,0,0,0,0,0,0,0,0,0,0,0,0,0,0,0,0,0,0,0,0,0,0,0,0,0,0,0,0,0,0,0,0,0,0,0,0,0,0,0,0,0,0,0,0,0,0,0,0,0,0,0,0,0,0,0,0,0,0,0,0,0,0,0,0,0,0,0,0,0,0,0,0,0,0,0,0,0,0,0,0,0,0,0,0,0,0,0,0,0,0,15,0,0,0,0,0,0,0,0,0,0,0,0,0,0,0,0,0,0,0,0,0,0,0,0,0,0,0,0,0,0,0,0,0,0,0,0,0,0,0,0,0,0,0,0,0,0,0,0,0,0,0,0,0,0,0,0,0,0,0,0,0,0,0,0,0,0,0,0,0,0,0,0,0,0,0,0,0,0,0,0,0,0,0,0,0,0,0,0,0,0,0,0,0,0,0,0,0,0,0,0,0,0,0,0,0,0,0,0,0,0,0,0,0,0,0,0,0,0,0,0,0,0,0,0,0,0,0,0,0,0,0,0,0,0,0,0,0,0,0,0,0,0,0,0,0,0,0,0,0,0,0,0,0,0,0,0,0,0,0,0,0,0,0,0,0,0,0,0,0,0,0,0,0,0,0,0,0,0,0,0,0,0,0,0,0,0,0,0,0,0,0,0,0,0
GP,0,0,0,0,0,0,0,0,0,0,0,0,0,0,0,0,0,0,0,0,0,0,0,0,0,0,0,0,0,0,0,0,0,0,0,0,0,0,0,0,0,0,0,0,0,0,0,0,0,0,0,0,0,0,0,0,0,0,0,0,0,0,0,0,0,0,0,0,0,0,0,0,0,0,0,0,0,0,0,0,0,0,0,0,0,0,0,0,0,0,0,0,0,0,0,0,0,0,0,0,0,0,0,0,0,0,0,0,0,0,0,0,0,0,0,0,0,0,0,0,0,0,0,0,0,0,0,0,0,7,0,0,0,0,0,0,0,0,0,0,0,0,0,0,0,0,0,0,0,0,0,0,0,0,0,0,0,0,0,0,0,0,0,0,0,0,0,0,0,0,0,0,0,0,0,0,0,0,0,0,0,0,0,0,0,0,0,0,0,0,0,0,0,0,0,0,0,0,0,0,0,0,0,0,0,0,0,0,0,5,0,0,0,0,0,0,0,0,0,0,0,0,0,0,0,0,0,0,0,0,0,0,0,0,0,0,0,0,0,0,0,0,0,0,0,0,0,0,0,0,0,0,0,0,0,0,0,0,0,0,0,0,0,0,0,0,0,0,0,0,0,0,0,0,0,0,0,0,0,0,0,0,0,0,0,0,0,0,0,0,0,0,0,0,0,0,0,0,0,0,0,0,0,0,0,0,0,0,0,0,0,0,0,0,0,0,0,0,0,0,0,0,0,0,0,0,0,0,0,0,0,0,0,0,0,0,0,0,0,0,0,0,0,0,0,0,0,0,0,0,0,0,0,0,0,0,0,0,0,0,0,0,0,0,0,0,0,0,0,0,0,0,0,0,0,0,0,0,0,0,0,0,0,0,0,0,0,0,0,0,0,0,0,0,0,0,0,0,0,0,0,0,0,0,0,0,0,0,0,0,0,0,0,0,0,0,0,0,0,0,0,0
GPDA,6,7,0,0,0,0,0,0,0,0,0,0,30,31,30,0,30,112,0,0,113,0,0,67,67,69,167,0,0,0,5,9,0,7,12,0,5,0,14,5,0,14,14,83,0,0,0,0,0,0,0,146,26,0,0,0,17,18,0,27,25,0,0,118,0,0,0,44,44,0,69,0,0,61,60,60,56,54,23,24,58,0,12,0,29,31,0,0,0,45,0,51,14,13,0,0,0,2,0,0,0,0,8,0,0,26,0,4,4,0,0,28,0,0,0,0,0,79,82,0,79,0,0,0,0,0,0,0,0,0,0,0,0,0,72,0,0,0,0,0,40,39,53,0,0,0,0,0,0,0,0,0,0,0,0,0,0,0,0,83,0,146,0,0,0,0,67,0,0,0,122,123,0,0,0,0,0,0,0,26,24,0,0,0,25,24,0,0,0,0,96,0,0,0,0,0,0,159,73,72,34,36,0,35,16,15,0,0,19,0,0,0,0,63,62,62,0,0,0,0,0,0,0,6,0,0,0,0,0,0,0,42,0,0,0,0,0,0,0,0,54,55,42,0,0,43,1,0,0,0,0,0,0,0,0,0,79,0,0,11,0,0,0,0,0,0,0,0,0,0,48,0,0,0,9,131,0,0,0,0,0,0,61,0,0,0,65,0,0,0,0,0,0,165,0,0,60,0,0,0,103,0,52,58,58,56,54,53,55,59,58,0,0,62,159,159,0,0,0,0,28,0,0,0,0,0,0,0,0,81,0,28,28,0,0,0,0,0,49,0,0,0,0,85,0,85,122,84,85,0,0,0,75,0,27,0,30,0,0,25,25,0,29,30,0,0,0,0,0,76,0,0,0,0,0,0,0,0,0,5,0,0,0,3,0,0,0,0,28,107,0,3,6,0,0,0,0,3,0,0,0,0,0,0,0,0,0,60,0,0,0,0,0,0,0,0,0,0,0,0,0,0
GR,0,0,0,0,0,0,0,0,0,0,0,0,0,0,0,0,0,0,0,0,0,0,0,0,0,0,0,0,0,0,0,0,0,0,0,0,0,0,0,0,0,0,0,0,0,0,0,0,0,0,0,0,0,0,0,0,0,0,0,0,0,0,0,0,0,0,0,0,0,0,0,0,0,0,0,0,0,0,0,0,0,0,0,0,0,0,0,0,0,0,0,0,0,0,0,0,0,0,0,0,0,0,0,0,0,0,0,0,0,0,0,0,0,0,0,0,0,0,0,0,0,0,0,0,0,0,0,0,0,0,0,0,0,0,0,0,0,0,0,0,0,0,0,0,0,0,0,0,0,0,0,0,0,0,0,0,0,0,0,0,0,0,0,0,0,0,0,0,0,0,0,0,0,0,0,0,0,0,0,0,0,0,0,0,0,0,0,0,0,0,0,0,0,0,0,0,0,0,0,0,0,0,0,0,0,0,0,0,0,0,0,0,0,0,0,0,0,0,0,0,0,0,0,0,0,0,0,0,0,13,0,0,0,0,0,0,0,0,0,0,0,0,0,0,0,0,0,0,0,0,0,0,0,0,0,0,0,0,0,0,0,0,0,0,0,0,0,0,0,0,0,0,0,0,0,0,0,0,0,0,0,0,0,0,0,0,0,0,0,0,0,0,0,0,0,0,0,0,0,0,0,0,0,0,0,0,0,0,0,0,0,0,0,0,0,0,0,0,0,0,0,16,0,0,0,0,0,0,0,0,0,0,0,0,0,0,0,0,0,0,0,0,0,0,0,0,0,0,0,0,0,0,0,0,0,0,0,0,0,0,0,0,0,0,0,0,0,0,0,0,0,0,0,0,0,0,0,0,0,0,0,0,0,0,0,0,0,0,0,0,0,0,0,0,0,0,0,0,0,0,0,0,0,0,0,0,0,0,0,0,0,0,0,0,0,0,0,0,0,0,0,0
GS,0,0,0,0,0,0,0,0,0,0,0,0,0,0,0,0,0,0,0,0,0,0,0,0,0,0,0,0,18,0,0,0,0,0,0,0,0,0,0,0,0,0,0,0,0,0,0,0,0,0,0,0,0,0,0,0,0,0,0,0,0,0,0,0,0,0,0,0,0,0,0,0,0,0,0,0,0,0,0,0,0,0,0,0,0,0,6,0,0,0,0,0,0,0,0,0,0,0,0,0,0,0,0,0,0,0,0,0,0,0,0,0,0,0,0,0,0,0,0,0,0,0,0,0,0,0,0,0,0,0,0,0,0,0,0,0,0,0,0,0,0,0,0,0,0,0,0,0,0,0,0,0,0,0,0,0,0,0,0,0,0,0,0,0,0,0,0,0,0,0,0,0,0,0,0,0,0,0,0,0,0,0,0,0,0,0,0,0,0,0,0,0,0,0,0,0,0,0,0,0,0,0,0,0,0,0,0,0,0,0,0,0,0,0,0,0,0,0,0,0,0,0,0,0,0,0,0,0,0,0,0,0,0,0,0,0,0,0,0,0,0,0,0,0,0,0,0,0,0,0,0,0,0,0,0,0,0,0,0,0,0,0,0,0,0,0,0,0,0,0,0,0,0,0,0,0,0,0,0,0,0,0,0,0,0,0,0,0,0,0,0,0,0,0,0,0,0,0,0,0,0,0,0,0,0,0,0,0,0,0,0,0,0,0,0,0,0,0,0,0,0,0,0,0,0,0,0,0,0,0,0,0,0,0,0,0,0,0,0,0,0,0,0,0,0,0,0,0,0,0,0,0,0,0,0,0,0,0,0,0,0,0,0,0,0,0,0,0,0,0,0,0,0,0,0,0,0,0,0,0,0,0,0,0,0,0,0,0,0,0,0,0,0,0,0,0,0,0,0,0,0,0,0,0,0,0,0,0,0,0,0,0,0,0,0,0,0,0,0,0,0,0
GV,0,0,0,0,0,0,0,0,0,0,0,0,0,0,0,0,0,0,0,0,0,0,0,0,0,0,0,0,0,0,0,0,0,0,0,0,0,0,0,0,0,0,0,0,0,0,0,0,0,0,0,0,0,0,0,0,0,0,0,0,0,0,0,0,0,0,0,0,0,0,0,0,0,0,0,0,0,0,0,0,0,0,0,0,0,0,0,0,0,0,0,0,0,0,0,0,0,0,0,0,0,0,0,0,0,0,0,0,0,0,0,0,0,0,0,0,0,0,0,0,0,0,0,0,0,0,0,0,0,0,0,0,0,0,0,0,0,0,0,0,0,0,0,0,0,0,0,0,0,0,0,0,0,0,0,0,0,2,0,0,0,0,0,0,0,0,0,0,0,0,0,0,0,0,0,0,0,0,0,0,0,0,0,0,0,0,0,0,0,0,0,0,0,0,0,0,0,0,0,0,0,0,0,0,0,0,0,0,0,0,0,0,0,0,0,0,0,0,0,0,0,0,0,0,0,0,2,0,0,0,0,0,0,0,0,0,0,0,0,0,0,0,0,0,0,0,0,0,0,0,0,0,0,0,0,0,0,0,0,0,0,0,0,0,0,0,0,0,0,0,0,0,0,0,0,0,0,0,0,0,0,0,0,0,0,0,0,0,0,0,0,0,0,0,0,0,0,0,0,0,0,0,0,0,0,0,0,0,0,0,0,0,0,0,0,0,0,0,0,0,0,0,0,0,0,0,0,0,0,0,0,0,0,0,0,0,0,0,0,0,0,0,0,0,0,0,0,0,0,0,0,0,0,0,0,0,0,0,0,0,0,0,0,0,0,0,0,0,0,0,0,0,0,0,0,0,0,0,0,0,0,0,0,0,0,0,0,0,0,0,0,0,0,0,0,0,0,0,0,0,0,0,0,0,0,0,0,0,0,0,0,0,0,0,0,0,0,0,0,0,0,0
GVC,0,0,0,0,0,0,0,0,0,0,0,0,0,0,0,0,0,0,0,0,0,0,0,0,0,0,0,0,0,0,0,0,0,0,0,0,0,0,0,0,0,0,0,0,0,0,0,0,0,0,0,0,0,0,0,0,0,0,0,0,0,0,0,0,0,0,0,0,0,0,0,0,0,0,0,0,0,0,0,0,0,0,0,0,0,0,0,0,0,0,0,0,0,0,0,0,0,0,0,0,0,0,0,0,0,0,0,0,0,0,0,0,0,0,0,0,0,0,0,0,0,0,0,0,0,0,0,0,0,0,0,0,0,0,0,0,0,0,0,0,0,0,0,0,0,0,0,0,0,0,0,0,0,0,0,0,0,0,0,0,0,0,0,0,0,0,0,0,0,0,0,0,0,0,0,0,0,0,0,0,0,0,0,0,0,0,0,0,0,0,0,0,0,0,0,0,0,0,0,0,0,0,0,0,0,0,0,0,0,0,0,0,0,0,0,0,0,0,0,0,0,0,0,0,0,0,2,0,0,0,0,0,0,0,0,0,0,0,0,0,0,0,0,0,0,0,0,0,0,0,0,0,0,0,0,0,0,0,0,0,0,0,0,0,0,0,0,0,0,0,0,0,0,0,0,0,0,0,0,0,0,0,0,0,0,0,0,0,0,0,0,0,0,0,0,0,0,0,0,0,0,0,0,0,0,0,0,0,0,0,0,0,0,0,0,0,0,0,0,0,0,0,0,0,0,0,0,0,0,0,0,0,0,0,0,0,0,0,0,0,0,0,0,0,0,0,0,0,0,0,0,0,0,0,0,0,0,0,0,0,0,0,0,0,0,3,0,0,0,0,0,0,0,0,0,0,0,0,0,0,0,0,0,0,0,0,0,0,0,0,0,0,0,0,0,0,0,0,0,0,0,0,0,0,0,0,0,0,0,0,0,0,0,0,0,0,0,0,0,0,0,0
GVM,0,0,0,0,0,0,0,0,0,0,0,0,0,0,0,0,0,0,0,0,0,0,0,0,0,0,0,0,0,0,0,0,0,0,0,0,0,0,0,0,0,0,0,0,0,0,0,0,0,0,0,0,0,0,0,0,0,0,0,0,0,0,0,0,0,0,0,0,0,0,0,0,0,0,0,0,0,0,0,0,0,0,0,0,0,0,0,0,0,0,0,0,0,0,0,0,0,0,0,0,0,0,0,0,0,0,0,0,0,0,0,0,0,0,0,0,0,0,0,0,0,0,0,0,0,0,0,0,0,0,0,0,0,0,0,0,0,0,0,0,0,0,0,0,0,0,0,0,0,0,0,0,0,0,0,0,0,0,0,0,0,0,0,0,0,0,0,0,0,0,0,0,0,0,0,0,0,0,0,0,0,0,0,0,0,0,0,0,0,0,0,0,0,0,0,0,0,0,0,0,0,0,0,0,0,0,0,0,0,0,0,0,0,0,0,0,0,0,0,0,0,0,0,0,0,0,3,0,0,0,0,0,0,0,0,0,0,0,0,0,0,0,0,0,0,0,0,0,0,0,0,0,0,0,0,0,0,0,0,0,0,0,0,0,0,0,0,0,0,0,0,0,0,0,0,0,0,0,0,0,0,0,0,0,0,0,0,0,0,0,0,0,0,0,0,0,0,0,0,0,0,0,0,0,0,0,0,0,0,0,0,0,0,0,0,0,0,0,0,0,0,0,0,0,0,0,0,0,0,0,0,0,0,0,0,0,0,0,0,0,0,0,0,0,0,0,0,0,0,0,0,0,0,0,0,0,0,0,0,0,0,0,0,0,0,0,0,0,0,0,0,0,0,0,0,0,0,0,0,0,0,7,0,0,0,0,0,0,0,0,0,0,0,0,0,0,0,0,0,0,0,0,0,0,0,0,0,0,0,0,0,0,0,0,0,0,0,0,0,0,0,0
GVMW,0,0,0,0,0,0,0,0,0,0,0,0,0,0,0,0,0,0,0,0,0,0,0,0,0,0,0,0,0,0,0,0,0,0,0,0,0,0,0,0,0,0,0,0,0,0,0,0,0,0,0,0,0,0,0,0,0,0,0,0,0,0,0,0,0,0,0,0,0,0,0,0,0,0,0,0,0,0,0,0,0,0,0,0,0,0,0,0,0,0,0,0,0,0,0,0,0,0,0,0,0,0,0,0,0,0,0,0,0,0,0,0,0,0,0,0,0,0,0,0,0,0,0,0,0,0,0,0,0,0,0,0,0,0,0,0,0,0,0,0,0,0,0,0,0,0,0,0,0,0,0,0,0,0,2,0,0,0,0,0,0,0,0,0,0,0,0,0,0,0,0,0,0,0,0,0,0,0,0,0,0,0,0,0,0,0,0,0,0,0,0,0,0,0,0,0,0,0,0,0,0,0,0,0,0,0,0,0,0,0,0,0,0,0,0,0,0,0,0,0,0,0,0,0,0,0,0,0,0,0,0,0,0,0,0,0,0,0,0,0,0,0,0,0,0,0,0,0,0,0,0,0,0,0,0,0,0,0,0,0,0,0,0,0,0,0,0,0,0,0,0,0,0,0,0,0,0,0,0,0,0,0,0,0,0,0,0,0,0,0,0,0,0,0,0,0,0,0,0,0,0,3,0,0,0,0,0,0,0,0,0,0,0,0,0,0,0,0,0,0,0,0,0,0,0,0,0,0,0,0,0,0,0,0,0,0,0,0,0,0,0,0,0,0,0,0,0,0,0,0,0,0,0,0,0,0,0,0,0,0,0,0,0,0,0,0,0,0,0,0,0,0,0,0,0,0,0,0,0,0,0,0,0,0,0,0,0,0,0,0,0,0,0,0,0,0,0,0,0,0,0,0,0,0,0,0,0,0,0,0,0,0,0,0,0,0,0,0,0,0,0,0
GW,0,0,0,0,0,0,6,0,0,0,0,0,0,0,0,0,0,0,0,0,0,0,0,0,0,0,0,0,0,0,0,0,0,0,0,0,0,0,0,0,0,0,0,0,0,0,0,0,0,0,0,0,0,0,0,0,0,0,0,0,0,0,0,0,0,0,0,0,0,0,0,0,0,0,0,0,0,0,0,0,0,0,0,0,0,0,0,0,0,0,0,0,0,0,0,0,0,0,0,0,0,0,0,0,0,0,0,0,0,0,0,0,0,0,0,0,0,0,0,0,0,0,0,0,0,0,0,0,0,0,0,0,0,0,0,0,0,0,0,0,0,0,0,0,0,0,0,0,0,0,0,0,0,0,0,0,0,0,0,0,0,0,0,0,0,0,0,0,0,0,0,0,0,0,0,0,0,0,0,0,0,0,0,0,0,0,0,0,0,0,0,0,0,0,0,0,0,0,0,0,0,0,0,0,0,0,0,0,0,0,0,0,0,0,0,0,0,0,0,0,0,0,0,0,0,0,0,0,0,0,0,0,0,0,0,0,0,0,14,0,0,0,0,0,0,0,0,0,0,0,0,0,0,0,0,0,0,0,0,0,0,0,0,0,0,0,0,0,0,0,0,0,0,0,0,0,0,0,0,0,0,0,0,0,0,0,0,0,0,0,0,0,0,0,0,0,0,0,0,0,0,0,0,0,0,0,0,0,0,0,0,0,0,0,0,0,0,0,0,0,0,0,0,0,0,0,0,0,0,0,0,0,0,0,0,0,0,0,0,0,0,0,0,0,0,0,0,0,0,0,0,0,0,0,0,0,0,0,0,0,0,0,0,0,0,0,0,0,0,0,0,0,0,0,0,0,0,0,0,0,0,0,0,0,0,0,0,0,0,0,0,0,0,0,0,0,0,0,0,0,0,0,0,0,0,0,0,0,0,0,0,0,0,0,0,0,0,0,0,0,0,0
GZ,105,76,0,0,0,0,0,0,0,0,0,0,69,102,70,0,69,179,0,0,181,0,0,142,100,145,308,0,0,0,110,120,0,116,90,0,109,0,124,117,0,91,91,10,0,0,0,0,0,0,0,173,90,0,0,0,93,65,0,130,62,0,0,174,0,0,0,79,79,0,55,0,0,49,41,41,29,29,105,73,31,0,104,0,140,102,0,0,0,63,0,71,76,77,0,0,0,84,0,0,0,0,88,0,0,93,0,119,114,0,0,135,0,0,0,0,0,140,144,0,114,0,0,0,0,0,0,0,0,0,0,0,0,0,65,0,0,0,0,0,84,87,55,0,0,0,0,0,0,0,0,83,0,0,0,0,0,0,0,0,0,173,0,0,0,0,29,0,0,0,169,171,0,0,0,0,0,0,0,127,128,0,0,0,58,59,0,0,0,0,159,0,0,0,0,0,0,185,33,29,73,72,0,108,99,100,0,0,131,0,0,0,0,35,38,38,0,0,0,0,0,0,0,80,0,0,0,0,0,0,0,47,0,0,0,0,0,0,0,0,40,38,51,0,0,50,83,0,0,0,0,0,0,0,0,0,75,0,0,105,0,0,0,0,0,0,0,0,0,0,75,0,0,0,88,180,0,0,0,0,0,0,34,0,0,0,50,0,0,0,0,0,0,188,0,0,53,0,0,0,166,0,70,59,60,65,49,49,49,55,56,0,0,48,185,185,0,0,0,0,67,0,0,0,0,0,0,0,0,115,0,134,132,0,0,0,0,0,85,0,0,0,0,11,0,10,80,6,10,0,0,0,145,0,81,0,77,0,0,84,60,0,80,56,0,0,0,0,0,27,0,0,0,0,0,0,0,0,0,82,0,0,0,81,0,0,0,0,97,174,0,84,86,0,0,0,0,114,0,0,0,0,0,0,0,0,0,46,0,0,0,0,0,0,0,0,0,0,0,0,0,0
HAD,0,0,0,0,0,0,0,0,0,0,0,0,0,0,0,0,0,0,0,0,0,0,0,0,0,0,0,0,0,0,0,0,0,0,0,0,0,0,0,0,0,0,0,0,0,0,0,0,0,0,0,0,0,0,0,0,0,0,0,0,0,0,0,0,0,0,0,0,0,0,0,0,0,0,0,0,0,0,0,0,0,0,0,0,0,0,0,0,0,0,0,0,0,0,0,0,0,0,0,0,0,0,0,0,0,0,0,0,0,0,0,0,0,0,0,0,0,0,0,0,0,0,0,0,0,0,0,0,0,0,0,0,0,0,0,0,0,0,0,0,0,0,0,0,0,0,0,0,0,0,0,0,0,0,0,0,0,0,0,0,0,0,0,0,0,0,0,0,0,0,0,0,0,0,8,0,0,0,0,4,0,0,0,0,0,0,0,0,0,0,0,0,0,0,0,0,0,0,0,0,0,0,0,0,0,0,0,0,0,0,0,0,0,0,0,0,0,0,0,0,0,0,0,0,0,0,0,0,0,0,0,0,0,0,0,0,0,0,0,0,0,0,0,0,0,0,0,0,0,0,0,0,0,0,0,0,0,0,0,0,0,0,0,0,0,0,0,0,0,0,0,0,0,0,0,0,0,0,0,0,0,0,0,0,0,0,0,0,0,0,0,0,0,0,0,0,0,0,0,0,0,0,0,0,0,0,0,0,0,0,0,0,0,0,0,0,0,0,0,0,0,0,0,0,0,0,0,0,0,0,0,0,0,0,0,0,0,0,0,0,0,0,0,0,0,0,0,0,0,0,0,0,0,0,0,0,0,0,0,0,0,0,0,0,0,0,0,0,0,0,0,0,0,0,0,0,0,0,0,0,0,0,0,0,0,0,0,0,0,0,0,0,0,0,0,0,0,0,0,0,0,0,0,0,0,0,0,0,0,0,0,0,0,0,0,0,0,0,0,0,0,0
HBTH,148,148,0,0,0,0,0,0,0,0,0,0,125,123,124,0,125,35,0,0,34,0,0,82,81,79,115,0,0,0,150,154,0,151,156,0,149,0,158,150,0,157,157,181,0,0,0,0,0,0,0,0,135,0,0,0,148,148,0,172,137,0,0,28,0,0,0,107,108,0,201,0,0,185,185,185,168,155,128,128,174,0,136,0,171,172,0,0,0,138,0,180,135,136,0,0,0,148,0,0,0,0,153,0,0,132,0,149,150,0,0,172,0,0,0,0,0,68,64,0,67,0,0,0,0,0,0,0,0,0,0,0,0,0,208,0,0,0,0,0,170,168,137,0,0,0,0,0,0,0,0,146,0,0,0,0,0,0,0,173,0,0,0,0,0,0,144,0,0,0,25,23,0,0,0,0,0,0,0,171,169,0,0,0,152,151,0,0,0,0,50,0,0,0,0,0,0,13,145,144,139,139,0,117,135,135,0,0,164,0,0,0,0,184,184,184,0,0,0,0,0,0,0,141,0,0,0,0,0,0,0,138,0,0,0,0,0,0,0,0,138,139,173,0,0,174,147,0,0,0,0,0,0,0,0,0,218,0,0,136,0,0,0,0,0,0,0,0,0,0,178,0,0,0,153,15,0,0,0,0,0,0,141,0,0,0,195,0,0,0,0,0,0,19,0,0,186,0,0,0,43,0,182,187,189,187,185,184,186,186,186,0,0,191,13,13,0,0,0,0,128,0,0,0,0,0,0,0,0,66,0,172,172,0,0,0,0,0,101,0,0,0,0,165,0,166,122,169,166,0,0,0,72,0,142,0,140,0,0,140,141,0,141,140,0,0,0,0,0,147,0,0,0,0,0,0,0,0,0,151,0,0,0,143,0,0,0,0,156,39,0,148,151,0,0,0,0,144,0,0,0,0,0,0,0,0,0,141,0,0,0,0,0,0,0,0,0,0,0,0,0,0
HD,0,0,0,0,0,0,0,0,0,0,0,0,0,0,0,0,0,0,0,0,0,0,0,0,0,0,0,0,0,0,0,0,0,0,0,0,0,0,0,0,0,0,0,0,0,0,0,0,0,0,0,0,0,0,0,0,0,0,0,0,0,0,0,0,0,0,0,0,0,0,0,0,0,0,0,0,0,0,0,0,0,0,0,0,0,0,0,0,0,0,0,0,0,0,0,0,0,0,0,0,0,0,0,0,0,0,0,0,0,0,0,0,0,0,0,0,0,0,0,0,0,0,0,0,0,0,0,0,0,0,0,5,0,0,0,0,0,0,0,0,0,0,0,0,0,0,0,0,0,0,0,0,0,0,0,0,0,0,0,0,0,0,0,0,0,0,0,0,0,0,0,0,0,0,0,0,0,0,0,0,0,0,0,0,0,0,0,0,0,0,0,0,0,0,0,0,0,0,0,0,0,0,0,0,0,0,0,0,0,0,0,0,0,0,0,0,0,0,0,0,0,0,0,0,0,0,0,0,0,0,0,0,0,0,0,0,0,0,0,0,0,0,0,0,0,0,0,0,0,0,0,0,0,0,0,0,0,0,0,0,0,0,0,0,0,0,14,0,0,0,0,0,0,0,0,0,0,0,0,0,0,0,0,0,0,0,0,0,0,0,0,0,0,0,0,0,0,0,0,0,0,0,0,0,0,0,0,0,0,0,0,0,0,0,0,0,0,0,0,0,0,0,0,0,0,0,0,0,0,0,0,0,0,0,0,0,0,0,0,0,0,0,0,0,0,0,0,0,0,0,0,0,0,0,0,0,0,0,0,0,0,0,0,0,0,0,0,0,0,0,0,0,0,0,0,0,0,0,0,0,0,0,0,0,0,0,0,0,0,0,0,0,0,0,0,0,0,0,0,0,0,0,0,0,0,0,0,0,0,0,0,0,0,0,0,0,0,0,0,0,0,0
HDB,0,0,0,0,0,0,0,0,0,0,0,0,0,0,0,0,0,0,0,0,0,0,0,0,0,0,0,0,0,0,0,0,0,0,0,0,0,0,0,0,0,0,0,0,0,0,0,0,0,0,0,0,0,0,0,0,0,0,0,0,0,0,0,0,0,0,0,0,0,0,0,0,0,0,0,0,0,0,0,0,0,0,0,0,0,0,0,0,0,0,0,0,0,0,0,0,0,0,0,0,0,0,0,0,0,0,0,0,0,0,0,0,0,0,0,0,0,0,0,0,0,0,0,0,0,0,0,0,0,0,0,0,0,0,0,0,0,0,0,6,0,0,0,0,0,0,0,0,0,0,0,0,0,0,0,0,0,0,0,0,0,0,0,0,0,0,0,0,0,0,0,0,0,0,0,0,0,0,0,0,0,0,0,0,0,0,0,0,0,0,0,0,0,0,0,0,0,0,0,0,0,0,0,0,0,0,0,0,0,0,0,0,0,0,0,0,0,0,0,0,0,0,0,0,0,0,0,0,0,0,0,0,0,0,0,0,0,0,0,0,0,0,0,0,0,0,0,0,0,0,0,9,0,0,0,0,0,0,0,0,0,0,0,0,0,0,0,0,0,0,0,0,0,0,0,0,0,0,0,0,0,0,0,0,0,0,0,0,0,0,0,0,0,0,0,0,0,0,0,0,0,0,0,0,0,0,0,0,0,0,0,0,0,0,0,0,0,0,0,0,0,0,0,0,0,0,0,0,0,0,0,0,0,0,0,0,0,0,0,0,0,0,0,0,0,0,0,0,0,0,0,0,0,0,0,0,0,0,0,0,0,0,0,0,0,0,0,0,0,0,0,0,0,0,0,0,0,0,0,0,0,0,0,0,0,0,0,0,0,0,0,0,0,0,0,0,0,0,0,0,0,0,0,0,0,0,0,0,0,0,0,0,0,0,0,0,0,0,0,0,0,0
HDE,0,0,0,0,0,0,0,0,0,0,0,0,0,0,0,0,0,0,0,0,0,0,0,0,0,0,0,0,0,0,0,0,0,0,0,0,0,0,0,0,0,0,0,0,0,0,0,0,0,0,0,0,0,0,0,0,0,0,0,0,0,0,0,0,0,0,0,0,0,0,0,0,0,0,0,0,0,0,0,0,0,0,0,0,0,0,0,0,0,0,0,0,0,0,0,0,0,0,0,0,0,0,0,0,0,0,0,0,0,0,0,0,0,0,0,0,0,0,0,0,0,0,0,0,0,0,0,0,0,0,0,0,0,0,0,0,0,0,0,0,0,0,0,0,0,0,0,0,0,0,0,0,0,0,0,0,0,0,0,0,0,0,0,0,0,0,0,0,0,0,0,0,0,0,0,0,0,0,0,0,0,0,0,0,0,0,0,0,0,0,0,0,0,0,0,0,0,0,0,0,0,0,0,0,0,0,0,0,0,0,0,0,0,0,0,0,0,0,0,0,0,0,0,0,0,0,0,0,0,0,0,0,0,0,0,0,0,0,0,0,0,0,0,0,0,0,0,0,0,0,0,0,0,0,0,0,0,0,0,0,0,0,0,0,0,0,10,0,0,0,0,0,0,0,0,0,0,0,0,0,0,0,0,0,0,0,0,0,0,0,0,0,0,0,0,0,0,0,0,0,0,0,0,0,0,0,0,0,0,0,0,0,0,0,0,0,0,0,0,0,0,0,0,0,0,0,0,0,0,0,0,0,0,0,0,0,0,0,0,0,0,0,0,0,0,0,0,0,0,0,0,0,0,0,0,0,0,0,0,0,0,0,0,0,0,0,0,0,0,0,0,0,0,0,0,0,0,0,0,0,0,0,0,0,0,0,0,0,0,0,0,0,0,0,0,0,0,0,0,0,0,0,0,0,11,0,0,0,0,0,0,0,0,0,0,0,0,0,0,0,0,0
HDG,0,0,0,0,0,0,0,0,0,0,0,0,0,0,0,0,0,0,0,0,0,0,0,0,0,0,0,0,0,0,0,0,0,0,0,0,0,0,0,0,0,0,0,0,0,0,0,0,0,0,0,0,0,0,0,0,0,0,0,0,0,0,0,0,0,0,0,0,0,0,0,0,0,0,0,0,0,0,0,0,0,0,0,0,0,0,0,0,0,0,0,0,0,0,0,0,0,0,0,0,0,0,0,0,0,0,0,0,0,0,0,0,0,0,0,0,0,0,0,0,0,0,0,0,0,0,0,0,0,0,0,0,0,0,0,0,0,0,0,0,0,0,0,0,0,0,0,0,0,0,0,0,0,0,0,0,0,0,0,0,0,0,0,0,0,0,0,0,0,0,0,0,0,0,0,0,0,0,0,0,0,0,0,0,0,0,0,0,0,0,0,0,0,0,0,0,0,0,0,0,0,0,0,0,0,0,0,0,0,0,0,0,0,0,0,0,0,0,0,0,0,0,0,0,0,0,0,0,0,0,0,0,0,0,0,0,0,0,12,0,0,0,0,0,0,0,0,0,0,0,0,0,0,0,0,0,0,0,0,0,0,0,0,0,0,0,0,0,0,0,0,0,0,0,0,0,0,0,0,0,0,0,0,0,0,0,0,0,0,0,0,0,0,0,0,0,0,0,0,0,0,0,0,0,0,0,0,0,0,0,0,0,0,0,0,0,0,0,0,0,0,0,0,0,0,0,0,0,0,0,0,0,0,0,0,0,0,0,0,0,0,0,0,0,0,0,0,0,0,0,0,0,0,0,0,0,0,0,0,0,0,0,0,0,0,0,0,0,0,0,0,0,0,0,0,0,0,0,0,0,0,0,0,0,0,5,0,0,0,0,0,0,0,0,0,0,0,0,0,0,0,0,0,0,0,0,0,0,0,0,0,0,0,0,0,0,0,0,0,0,0,0
HDL,62,61,0,0,0,0,0,0,0,0,0,0,45,46,46,0,45,117,0,0,117,0,0,71,71,73,206,0,0,0,67,75,0,72,76,0,65,0,77,71,0,78,78,37,0,0,0,0,0,0,0,144,43,0,0,0,51,50,0,85,42,0,0,119,0,0,0,52,52,0,68,0,0,50,51,51,32,20,52,51,38,0,58,0,91,92,0,0,0,23,0,52,56,58,0,0,0,68,0,0,0,0,74,0,0,44,0,70,68,0,0,88,0,0,0,0,0,84,86,0,85,0,0,0,0,0,0,0,0,0,0,0,0,0,77,0,0,0,0,0,49,47,15,0,0,0,0,0,0,0,0,67,0,0,0,0,0,0,0,29,0,144,0,0,0,0,0,0,0,0,120,122,0,0,0,0,0,0,0,83,82,0,0,0,45,46,0,0,0,0,100,0,0,0,0,0,0,157,6,6,33,31,0,49,54,55,0,0,79,0,0,0,0,47,49,49,0,0,0,0,0,0,0,63,0,0,0,0,0,0,0,25,0,0,0,0,0,0,0,0,14,12,50,0,0,50,67,0,0,0,0,0,0,0,0,0,88,0,0,60,0,0,0,0,0,0,0,0,0,0,50,0,0,0,74,130,0,0,0,0,0,0,6,0,0,0,62,0,0,0,0,0,0,160,0,0,52,0,0,0,107,0,54,56,58,58,56,55,56,53,55,0,0,59,157,157,0,0,0,0,45,0,0,0,0,0,0,0,0,85,0,88,86,0,0,0,0,0,57,0,0,0,0,24,0,24,65,26,25,0,0,0,80,0,40,0,37,0,0,42,42,0,38,37,0,0,0,0,0,9,0,0,0,0,0,0,0,0,0,67,0,0,0,64,0,0,0,0,45,114,0,69,72,0,0,0,0,65,0,0,0,0,0,0,0,0,0,7,0,0,0,0,0,0,0,0,0,0,0,0,0,0
HDR,0,0,0,0,0,0,0,0,0,0,0,0,0,0,0,0,0,0,0,0,0,0,0,0,0,0,0,0,0,0,0,0,0,0,0,0,0,0,0,0,0,0,0,0,0,0,0,0,0,0,0,0,0,0,0,0,0,0,0,0,0,0,0,0,0,0,0,0,0,0,0,0,0,0,0,0,0,0,0,0,0,0,0,0,0,0,0,0,0,0,0,0,0,0,0,0,0,0,0,0,0,0,0,0,0,0,0,0,0,0,0,0,0,0,0,0,0,0,0,0,0,0,0,0,0,0,0,0,0,0,0,0,0,0,0,0,0,0,0,0,0,0,0,0,0,0,0,0,0,0,0,0,0,0,0,0,0,0,0,0,0,0,0,0,0,0,0,0,3,0,0,0,0,0,0,0,0,0,0,0,0,0,0,0,0,0,0,0,0,0,0,0,0,0,0,0,0,0,0,0,0,0,0,0,0,0,0,0,0,0,0,0,0,0,0,0,0,0,0,0,0,0,0,0,0,0,0,0,0,0,0,0,0,0,0,0,0,0,0,0,0,0,0,0,0,0,0,0,0,0,0,0,0,0,0,0,0,0,0,0,0,0,0,0,0,0,0,0,0,0,0,0,0,0,0,0,0,0,0,0,0,0,0,0,0,0,0,0,0,0,0,0,0,0,0,0,0,0,0,0,0,0,0,0,0,0,0,0,0,0,0,0,0,0,0,0,0,0,0,0,0,0,0,0,0,0,0,0,0,0,0,0,0,0,0,0,0,0,0,0,0,0,0,0,0,0,0,0,0,0,0,0,0,0,0,0,0,0,0,0,0,0,0,0,0,0,0,0,0,0,0,0,0,0,0,0,0,0,0,0,0,0,0,0,0,0,0,0,0,0,0,0,0,0,0,0,0,0,0,0,0,0,0,0,0,0,0,0,0,0,0,0,0,0,0,0,0,0,0,0,0,0
HDRZ,0,0,0,0,0,0,0,0,0,0,0,0,0,0,0,0,0,0,0,0,0,0,9,0,0,0,0,0,0,0,0,0,0,0,0,0,0,0,0,0,0,0,0,0,0,0,0,0,0,0,0,0,0,0,0,0,0,0,0,0,0,0,0,0,0,0,0,0,0,0,0,0,0,0,0,0,0,0,0,0,0,0,0,0,0,0,0,0,0,0,0,0,0,0,0,0,0,0,0,0,0,0,0,0,0,0,0,0,0,0,0,0,0,0,0,0,0,0,0,0,0,0,0,0,0,0,0,0,0,0,0,0,0,0,0,0,0,0,0,0,0,0,0,0,0,0,0,0,0,0,0,0,0,0,0,0,0,0,0,0,0,0,0,0,0,0,0,3,0,0,0,0,0,0,0,0,0,0,0,0,0,0,0,0,0,0,0,0,0,0,0,0,0,0,0,0,0,0,0,0,0,0,0,0,0,0,0,0,0,0,0,0,0,0,0,0,0,0,0,0,0,0,0,0,0,0,0,0,0,0,0,0,0,0,0,0,0,0,0,0,0,0,0,0,0,0,0,0,0,0,0,0,0,0,0,0,0,0,0,0,0,0,0,0,0,0,0,0,0,0,0,0,0,0,0,0,0,0,0,0,0,0,0,0,0,0,0,0,0,0,0,0,0,0,0,0,0,0,0,0,0,0,0,0,0,0,0,0,0,0,0,0,0,0,0,0,0,0,0,0,0,0,0,0,0,0,0,0,0,0,0,0,0,0,0,0,0,0,0,0,0,0,0,0,0,0,0,0,0,0,0,0,0,0,0,0,0,0,0,0,0,0,0,0,0,0,0,0,0,0,0,0,0,0,0,0,0,0,0,0,0,0,0,0,0,0,0,0,0,0,0,0,0,0,0,0,0,0,0,0,0,0,0,0,0,0,0,0,0,0,0,0,0,0,0,0,0,0,0,0,0,0
HFD,0,0,0,0,0,0,0,0,0,0,0,0,0,0,0,0,0,0,0,0,0,0,0,0,0,0,0,0,0,0,0,0,0,0,0,0,0,0,0,0,0,0,0,0,0,0,0,0,0,0,0,0,0,0,0,0,0,0,0,0,0,0,0,0,0,0,0,0,0,0,0,0,0,0,0,0,0,0,0,0,0,0,0,0,0,0,0,0,0,0,0,0,0,0,0,0,0,0,0,0,0,0,0,0,0,0,0,0,0,0,0,0,0,0,0,0,0,0,0,0,0,0,0,0,0,0,0,0,0,0,0,0,0,0,0,0,0,0,0,0,0,0,0,0,0,0,0,0,0,0,0,0,0,0,0,0,0,0,0,0,0,0,0,0,0,0,0,0,0,0,0,0,0,0,0,0,0,0,0,0,0,0,0,0,0,0,0,0,0,0,0,0,0,0,0,0,0,0,0,0,0,0,0,0,0,0,0,0,0,0,0,0,0,0,0,0,0,0,0,0,0,0,0,0,0,0,0,0,0,0,0,0,0,0,0,0,0,0,0,0,0,0,0,0,0,0,0,0,0,0,0,0,0,0,0,0,0,0,0,0,0,0,0,0,0,0,0,0,0,6,0,0,0,0,0,0,0,0,0,0,0,0,0,0,0,0,0,0,0,0,0,0,0,0,0,0,0,0,0,0,0,0,0,0,0,0,0,0,0,0,0,0,0,0,0,0,0,0,0,0,0,0,0,6,0,0,0,0,0,0,0,0,0,0,0,0,0,0,0,0,0,0,0,0,0,0,0,0,0,0,0,0,0,0,0,0,0,0,0,0,0,0,0,0,0,0,0,0,0,0,0,0,0,0,0,0,0,0,0,0,0,0,0,0,0,0,0,0,0,0,0,0,0,0,0,0,0,0,0,0,0,0,0,0,0,0,0,0,0,0,0,0,0,0,0,0,0,0,0,0,0,0
HGL,151,123,0,0,0,0,0,0,0,0,0,0,99,106,99,0,99,14,0,0,12,0,0,63,56,65,199,0,0,0,148,151,0,147,131,0,149,0,155,146,0,133,133,179,0,0,0,0,0,0,0,25,118,0,0,0,139,123,0,173,112,0,0,5,0,0,0,82,83,0,176,0,0,188,160,160,143,130,115,103,149,0,127,0,180,149,0,0,0,138,0,172,111,111,0,0,0,123,7,0,0,0,128,0,0,115,0,144,144,0,0,178,0,0,0,0,0,53,49,0,42,0,0,0,0,0,0,0,0,0,0,0,0,0,183,0,0,0,0,0,159,156,130,0,0,0,0,0,0,0,0,122,0,0,0,0,0,0,0,169,0,25,0,0,0,0,120,0,0,0,0,2,0,0,0,0,0,0,0,170,169,0,0,0,127,126,0,0,0,0,34,0,0,0,0,0,0,38,136,120,135,136,0,112,122,123,0,0,162,0,0,0,0,158,159,159,0,0,0,0,0,0,0,116,0,0,0,0,0,0,0,113,0,0,0,0,0,0,0,0,113,114,148,0,0,149,122,0,0,0,0,0,0,0,0,0,193,0,0,128,0,0,0,0,0,0,0,0,0,0,168,0,0,0,129,11,0,0,0,0,0,0,117,0,0,0,170,0,0,0,0,0,0,44,0,0,190,0,0,0,27,0,173,184,183,178,160,158,160,188,187,0,0,166,38,38,0,0,0,0,103,0,0,0,0,0,0,0,0,41,0,177,175,0,0,0,0,0,76,0,0,0,0,158,0,142,104,163,159,0,0,0,58,0,127,0,131,0,0,124,116,0,128,115,0,0,0,0,0,123,0,0,0,0,0,0,0,0,0,126,0,0,0,119,0,0,0,0,143,19,0,124,127,0,0,0,0,137,0,0,0,0,0,0,0,0,0,139,0,0,0,0,0,0,0,0,0,0,0,0,0,0
HGLO,153,125,0,0,0,0,0,0,0,0,0,0,101,108,101,0,101,16,0,0,14,0,0,65,58,67,201,0,0,0,150,153,0,149,133,0,151,0,157,148,0,135,135,181,0,0,0,0,0,0,0,23,120,0,0,0,141,125,0,175,114,0,0,7,0,0,0,84,84,0,178,0,0,190,162,162,145,132,117,104,151,0,129,0,182,150,0,0,0,140,0,174,112,113,0,0,0,125,0,0,0,0,130,0,0,117,0,146,146,0,0,180,0,0,0,0,0,55,51,0,44,0,0,0,0,0,0,0,0,0,0,0,0,0,185,0,4,0,0,0,161,158,132,0,0,0,0,0,0,0,0,123,0,0,0,0,0,0,0,171,0,23,0,0,0,0,122,0,0,0,2,0,0,0,0,0,0,0,0,172,171,0,0,0,129,128,0,0,0,0,36,0,0,0,0,0,0,37,138,122,137,138,0,114,124,125,0,0,164,0,0,0,0,160,161,161,0,0,0,0,0,0,0,118,0,0,0,0,0,0,0,115,0,0,0,0,0,0,0,0,115,116,149,0,0,150,124,0,0,0,0,0,0,0,0,0,194,0,0,130,0,0,0,0,0,0,0,0,0,0,170,0,0,0,130,9,0,0,0,0,0,0,118,0,0,0,172,0,0,0,0,0,0,42,0,0,192,0,0,0,29,0,175,186,185,180,162,160,162,190,189,0,0,168,37,37,0,0,0,0,105,0,0,0,0,0,0,0,0,42,0,179,177,0,0,0,0,0,77,0,0,0,0,160,0,144,105,165,161,0,0,0,60,0,129,0,133,0,0,126,117,0,130,117,0,0,0,0,0,125,0,0,0,0,0,0,0,0,0,128,0,0,0,121,0,0,0,0,145,21,0,125,128,0,0,0,0,139,0,0,0,0,0,0,0,0,0,141,0,0,0,0,0,0,0,0,0,0,0,0,0,0
HGV,0,0,0,0,0,0,0,0,0,0,0,0,0,0,0,0,0,0,0,0,0,0,0,0,0,0,0,0,0,0,0,0,0,0,0,0,0,0,0,0,0,0,0,0,0,0,0,0,0,0,0,0,0,0,0,0,0,0,17,0,0,0,0,0,0,0,0,0,0,0,0,0,0,0,0,0,0,0,0,0,0,0,0,0,0,0,0,0,0,0,0,0,0,0,0,0,0,0,0,0,0,0,0,0,0,0,0,0,0,0,0,0,0,0,0,0,0,0,0,0,0,0,0,0,0,0,0,0,0,0,0,0,0,0,0,0,0,0,0,0,0,0,0,0,0,0,0,0,0,0,0,0,0,0,0,0,0,0,0,0,0,0,0,0,0,0,0,0,0,0,0,0,0,0,0,0,0,0,0,0,0,0,0,0,0,0,0,0,0,0,0,0,0,0,0,0,0,0,0,0,0,0,0,0,0,0,0,0,0,0,0,0,0,0,0,0,0,0,0,0,0,0,0,0,0,0,0,0,0,0,0,0,0,0,0,0,0,0,0,0,0,0,0,0,0,0,0,0,0,0,23,0,0,0,0,0,0,0,0,0,0,0,0,0,0,0,0,0,0,0,0,0,0,0,0,0,0,0,0,0,0,0,0,0,0,0,0,0,0,0,0,0,0,0,0,0,0,0,0,0,0,0,0,0,0,0,0,0,0,0,0,0,0,0,0,0,0,0,0,0,0,0,0,0,0,0,0,0,0,0,0,0,0,0,0,0,0,0,0,0,0,0,0,0,0,0,0,0,0,0,0,0,0,0,0,0,0,0,0,0,0,0,0,0,0,0,0,0,0,0,0,0,0,0,0,0,0,0,0,0,0,0,0,0,0,0,0,0,0,0,0,0,0,0,0,0,0,0,0,0,0,0,0,0,0,0,0,0,0,0,0,0,0,0,0,0,0,0,0,0,0,0
HGZ,0,0,0,0,0,0,0,0,0,0,0,0,0,0,0,0,0,0,0,0,0,0,0,0,0,0,0,0,0,0,0,0,0,0,0,0,0,0,0,0,0,0,0,0,0,0,0,0,0,0,0,0,0,0,0,0,0,0,0,0,0,0,0,0,0,0,0,0,0,0,0,0,0,0,0,0,0,0,0,0,0,0,0,0,0,0,0,0,0,0,0,0,0,0,0,0,0,0,0,0,0,0,0,0,0,0,0,0,0,0,0,0,0,0,0,0,0,0,0,0,0,0,0,0,0,0,0,0,0,0,0,0,0,0,0,0,0,0,0,0,0,0,0,0,0,0,0,0,0,0,0,0,0,0,0,0,0,0,0,0,0,0,0,0,0,0,0,0,0,0,0,0,0,0,0,0,0,0,0,0,0,0,0,0,0,0,0,0,0,0,0,0,0,0,0,0,0,0,0,0,0,0,0,0,0,0,0,0,0,0,0,0,0,0,0,0,0,0,0,0,0,0,0,0,0,0,0,0,0,0,0,0,0,0,0,0,0,0,0,0,0,0,0,0,0,0,0,0,0,0,0,0,0,0,2,0,0,0,0,0,0,0,0,0,0,0,0,0,0,0,0,0,0,0,0,0,0,0,0,0,0,0,0,0,0,0,0,0,0,0,0,0,0,0,0,0,0,0,0,0,0,0,0,0,0,0,0,0,0,0,0,0,0,0,0,0,0,0,0,0,0,0,0,0,0,0,0,0,0,0,2,0,0,0,0,0,0,0,0,0,0,0,0,0,0,0,0,0,0,0,0,0,0,0,0,0,0,0,0,0,0,0,0,0,0,0,0,0,0,0,0,0,0,0,0,0,0,0,0,0,0,0,0,0,0,0,0,0,0,0,0,0,0,0,0,0,0,0,0,0,0,0,0,0,0,0,0,0,0,0,0,0,0,0,0,0,0,0,0,0,0,0
HIL,0,0,0,0,0,0,0,0,0,0,0,0,0,0,0,0,0,0,0,0,0,0,0,0,0,0,0,0,0,0,0,0,0,0,0,0,0,0,0,0,0,0,0,0,0,0,0,0,0,0,0,0,0,0,0,0,0,0,0,0,0,0,0,0,0,0,0,0,0,0,0,0,0,0,0,0,0,0,0,0,0,0,0,0,0,0,0,0,0,0,0,0,0,0,0,0,0,0,0,0,0,0,0,0,0,0,0,0,0,0,0,0,0,0,0,0,0,0,0,0,0,0,0,0,0,0,0,0,0,0,0,0,0,0,0,0,0,0,0,0,0,0,0,0,0,0,0,0,0,0,0,0,0,0,0,0,0,0,0,0,8,0,0,0,0,0,0,0,0,0,0,0,0,0,0,0,0,0,0,0,0,0,0,0,0,0,0,0,0,0,0,0,0,0,0,0,0,0,0,0,0,0,0,0,0,0,0,0,0,0,0,0,0,0,0,0,0,0,0,0,0,0,0,0,0,0,0,0,0,0,0,0,0,0,0,0,0,0,0,0,0,0,0,0,0,0,0,0,0,0,0,0,0,0,0,0,0,0,0,0,0,0,0,0,0,0,0,0,0,0,0,0,0,0,0,0,0,0,0,0,0,0,0,0,0,0,0,0,0,0,0,0,0,0,0,0,0,0,0,0,0,0,0,0,0,0,0,0,0,0,0,0,0,0,0,0,0,0,0,0,0,0,0,0,0,0,0,0,0,0,0,0,0,0,0,0,0,0,0,0,0,0,0,0,0,0,0,0,0,0,0,0,0,0,0,0,0,0,0,0,0,0,0,0,0,0,0,0,0,0,12,0,0,0,0,0,0,0,0,0,0,0,0,0,0,0,0,0,0,0,0,0,0,0,0,0,0,0,0,0,0,0,0,0,0,0,0,0,0,0,0,0,0,0,0,0,0,0,0,0,0,0
HK,0,0,0,0,0,0,0,0,0,0,0,0,0,0,0,0,0,0,0,0,0,0,0,0,0,0,0,0,0,0,0,0,0,0,0,0,0,0,0,0,0,0,0,0,0,0,0,0,0,0,0,0,0,0,0,0,0,0,0,0,0,0,0,0,0,0,0,0,0,0,0,0,0,0,0,0,0,0,0,0,0,0,0,0,3,0,0,0,0,0,0,0,0,0,0,0,0,0,0,0,0,0,0,0,0,0,0,0,0,0,0,0,0,0,0,0,0,0,0,0,0,0,0,0,0,0,0,0,0,0,0,0,0,0,0,0,0,0,0,0,0,0,0,0,0,0,0,0,0,0,0,0,0,0,0,0,0,0,0,0,0,0,0,0,0,0,0,0,0,0,0,0,0,0,0,0,0,0,0,0,0,0,0,0,0,0,0,0,0,0,0,0,0,0,0,0,0,0,0,0,0,0,0,0,0,0,0,0,0,0,0,0,0,0,0,0,0,0,0,0,0,0,0,0,0,0,0,0,0,0,0,0,0,0,0,0,0,0,0,0,0,0,0,0,0,0,0,0,0,0,0,0,0,0,0,0,0,0,0,0,0,0,0,0,0,0,0,0,0,0,0,0,0,0,0,0,0,0,0,0,0,0,0,0,0,0,0,0,0,0,0,0,0,0,0,0,0,0,0,0,0,0,0,0,0,0,0,0,0,0,0,0,0,0,0,0,0,0,0,0,0,0,0,0,0,0,0,0,0,0,0,0,0,0,0,0,0,0,0,0,0,0,0,0,0,0,0,0,0,0,0,0,0,0,0,4,0,0,0,0,0,0,0,0,0,0,0,0,0,0,0,0,0,0,0,0,0,0,0,0,0,0,0,0,0,0,0,0,0,0,0,0,0,0,0,0,0,0,0,0,0,0,0,0,0,0,0,0,0,0,0,0,0,0,0,0,0,0,0,0,0,0
HKS,0,0,0,0,0,0,0,0,0,0,0,0,0,0,0,0,0,0,0,0,0,0,0,0,0,0,0,0,0,0,0,0,0,0,0,0,0,0,0,0,0,0,0,0,0,0,0,0,0,0,0,0,0,0,0,4,0,0,0,0,0,0,0,0,0,0,0,0,0,0,0,0,0,0,0,0,0,0,0,0,0,0,0,0,0,0,0,0,0,0,0,0,0,0,0,0,0,0,0,0,0,0,0,0,0,0,0,0,0,0,0,0,0,0,0,0,0,0,0,0,0,0,0,0,0,0,0,0,0,0,0,0,0,0,0,0,0,0,0,0,0,0,0,0,0,0,0,0,0,0,0,0,0,0,0,0,0,0,0,0,0,0,0,0,0,0,0,0,0,0,0,0,0,0,0,0,0,0,0,0,0,0,0,0,0,0,0,9,0,0,0,0,0,0,0,0,0,0,0,0,0,0,0,0,0,0,0,0,0,0,0,0,0,0,0,0,0,0,0,0,0,0,0,0,0,0,0,0,0,0,0,0,0,0,0,0,0,0,0,0,0,0,0,0,0,0,0,0,0,0,0,0,0,0,0,0,0,0,0,0,0,0,0,0,0,0,0,0,0,0,0,0,0,0,0,0,0,0,0,0,0,0,0,0,0,0,0,0,0,0,0,0,0,0,0,0,0,0,0,0,0,0,0,0,0,0,0,0,0,0,0,0,0,0,0,0,0,0,0,0,0,0,0,0,0,0,0,0,0,0,0,0,0,0,0,0,0,0,0,0,0,0,0,0,0,0,0,0,0,0,0,0,0,0,0,0,0,0,0,0,0,0,0,0,0,0,0,0,0,0,0,0,0,0,0,0,0,0,0,0,0,0,0,0,0,0,0,0,0,0,0,0,0,0,0,0,0,0,0,0,0,0,0,0,0,0,0,0,0,0,0,0,0,0,0,0,0,0,0,0,0,0
HLG,0,0,0,0,0,0,0,0,0,0,0,0,0,0,0,0,0,0,0,0,0,0,0,0,0,0,0,0,0,0,0,0,0,0,0,0,0,0,0,0,0,0,0,0,0,0,0,0,0,0,0,0,0,0,0,0,0,0,0,0,0,0,0,0,0,0,0,0,0,0,0,0,0,0,0,0,0,0,0,0,0,0,0,0,0,0,0,0,0,0,0,0,0,0,0,0,0,0,0,0,0,0,0,0,0,0,0,0,0,0,0,0,0,0,0,0,0,0,0,0,0,0,0,0,0,0,0,0,0,0,0,0,0,0,0,0,0,0,10,0,0,0,0,0,0,0,0,0,0,0,0,0,0,0,0,0,0,0,0,0,0,0,0,0,0,0,0,0,0,0,0,0,0,0,0,0,0,0,1,0,0,0,0,0,0,0,0,0,0,0,0,0,0,0,0,0,0,0,0,0,0,0,0,0,0,0,0,0,0,0,0,0,0,0,0,0,0,0,0,0,0,0,0,0,0,0,0,0,0,0,0,0,0,0,0,0,0,0,0,0,0,0,0,0,0,0,0,0,0,0,0,0,0,0,0,0,0,0,0,0,0,0,0,0,0,0,0,0,0,0,0,0,0,0,0,0,0,0,0,0,0,0,0,0,0,0,0,0,0,0,0,0,0,0,0,0,0,0,0,0,0,0,0,0,0,0,0,0,0,0,0,0,0,0,0,0,0,0,0,0,0,0,0,0,0,0,0,0,0,0,0,0,0,0,0,0,0,0,0,0,0,0,0,0,0,0,0,0,0,0,0,0,0,0,0,0,0,0,0,0,0,0,0,0,0,0,0,0,0,0,0,0,0,0,0,0,0,0,0,0,0,0,0,0,0,0,0,0,0,0,0,0,0,0,0,0,0,0,0,0,0,0,0,0,0,0,0,0,0,0,0,0,0,0,0,0,0,0,0,0,0,0
HLGH,0,0,0,0,0,0,0,0,0,0,0,0,0,0,0,0,0,0,0,0,0,0,0,0,0,0,0,0,0,0,0,0,0,0,0,0,0,0,0,0,0,0,0,0,0,0,0,0,0,0,0,0,0,0,0,0,0,0,0,0,0,0,0,0,0,0,0,0,0,0,0,0,0,0,0,0,0,0,0,0,0,0,0,0,0,0,0,0,0,0,0,0,0,0,0,0,0,0,0,0,0,0,0,0,0,0,0,0,0,0,0,0,0,0,0,0,0,0,0,0,0,0,0,0,0,0,0,0,0,0,0,0,0,0,0,0,0,0,0,0,0,0,0,0,0,0,0,0,0,0,0,0,0,0,0,0,0,0,0,0,0,0,0,0,0,0,0,0,0,0,0,0,0,0,0,0,0,1,0,0,0,0,0,0,0,0,0,0,0,0,0,0,0,0,0,0,0,0,0,0,0,0,0,0,0,0,0,0,0,0,0,0,0,0,0,0,0,0,0,0,0,0,0,0,0,0,0,0,0,0,0,0,0,0,0,0,0,0,0,0,0,0,0,0,0,0,0,0,0,0,0,0,0,0,0,0,0,0,0,0,0,0,0,0,0,0,0,0,0,0,0,0,0,0,0,0,0,0,0,0,0,0,0,0,0,0,0,0,0,0,0,0,0,0,0,0,0,0,0,0,0,0,0,0,0,0,0,0,0,0,0,0,0,0,0,0,0,0,0,0,0,0,0,0,0,0,0,0,0,0,0,0,0,0,0,0,0,0,0,0,0,0,0,0,0,0,0,0,0,0,0,0,0,0,0,0,0,0,0,0,0,0,0,0,0,0,0,0,0,0,0,0,0,0,0,0,0,0,0,0,0,0,0,0,0,0,0,0,0,0,0,0,0,0,0,0,0,0,0,0,0,0,0,0,0,0,0,0,0,0,0,0,0,0,0,0,0,0,0,0,0,0
HLM,34,27,0,0,0,0,0,0,0,0,0,0,55,64,55,0,55,161,0,0,163,0,0,107,93,110,270,0,0,0,29,19,0,23,16,0,30,0,15,24,0,14,14,117,0,0,0,0,0,0,0,171,67,0,0,0,46,34,0,3,47,0,0,170,0,0,0,70,70,0,60,0,0,78,58,58,63,66,55,49,62,0,43,0,13,10,0,0,0,76,0,75,39,38,0,0,0,24,0,0,0,0,19,0,0,67,0,26,29,0,0,8,0,0,0,0,0,122,126,0,105,0,0,0,0,0,0,0,0,0,0,0,0,0,60,0,0,0,0,0,62,65,84,0,0,0,0,0,0,0,0,26,0,0,0,0,0,0,0,127,4,171,0,0,0,0,83,0,0,0,170,172,0,0,0,0,0,0,0,0,1,0,0,0,38,38,0,0,0,0,141,0,0,0,0,0,0,184,106,89,66,67,0,70,48,47,0,0,8,0,0,0,0,63,60,60,0,0,0,0,0,0,0,32,0,0,0,0,0,0,0,61,0,0,0,0,0,0,0,0,72,73,42,0,0,43,25,0,0,0,0,0,0,0,0,0,64,0,0,42,0,0,0,0,0,0,0,0,0,0,71,0,0,0,19,181,0,0,0,0,2,0,78,0,0,0,59,0,0,0,0,0,0,190,0,0,74,0,0,0,148,0,76,68,67,72,50,49,50,72,71,0,0,57,184,184,0,0,0,0,52,0,0,0,0,0,0,0,0,107,0,7,5,0,0,0,0,0,75,0,0,0,0,128,0,96,143,133,129,0,0,0,117,0,58,0,62,0,0,61,45,0,59,49,0,0,0,0,0,92,0,0,0,0,0,0,0,0,0,22,0,0,0,29,0,0,0,0,63,156,0,24,21,0,0,0,0,33,0,0,0,0,0,0,0,0,0,93,0,0,0,0,0,0,0,0,0,0,0,0,0,0
HLMS,33,25,0,0,0,0,0,0,0,0,0,0,53,63,53,0,53,160,0,0,162,0,0,106,91,109,269,0,0,0,28,18,0,22,14,0,29,0,14,23,0,12,12,118,0,0,0,0,0,0,0,169,66,0,0,0,45,32,0,4,45,0,0,169,0,0,0,68,67,0,61,0,0,79,58,58,62,65,54,47,61,0,42,0,14,11,0,0,0,75,0,76,37,36,0,0,0,22,0,0,0,0,17,0,0,66,0,25,28,0,0,9,0,0,0,0,0,121,125,0,103,0,0,0,0,0,0,0,0,0,0,0,0,0,60,0,0,0,0,0,63,66,83,0,0,0,0,0,0,0,0,24,0,0,0,0,0,0,0,128,0,169,0,0,0,0,82,0,0,0,169,171,0,0,0,0,0,0,0,1,0,0,0,0,36,36,0,0,0,0,140,0,0,0,0,0,0,182,105,87,65,66,0,69,47,46,0,0,7,0,0,0,0,62,60,60,0,0,0,0,0,0,0,30,0,0,0,0,0,0,0,59,0,0,0,0,0,0,0,0,70,71,41,0,0,42,23,0,0,0,0,0,0,0,0,0,65,0,0,41,0,0,0,0,0,0,0,0,0,0,72,0,0,0,16,180,0,0,0,0,0,0,77,0,0,0,59,0,0,0,0,0,0,188,0,0,75,0,0,0,147,0,77,69,68,73,50,49,50,73,72,0,0,57,182,182,0,0,0,0,50,0,0,0,0,0,0,0,0,105,0,8,6,0,0,0,0,0,73,0,0,0,0,127,0,95,141,132,128,0,0,0,116,0,57,0,61,0,0,60,43,0,58,47,0,0,0,0,0,91,0,0,0,0,0,0,0,0,0,20,0,0,0,27,0,0,0,0,64,155,0,21,18,0,0,0,0,32,0,0,0,0,0,0,0,0,0,92,0,0,0,0,0,0,0,0,0,0,0,0,0,0
HLO,0,0,0,0,0,0,0,0,0,0,0,0,0,0,0,0,0,0,0,6,0,0,0,0,0,0,0,0,0,0,0,0,0,0,0,0,0,0,0,0,0,0,0,0,0,0,0,0,0,0,0,0,0,0,0,0,0,0,0,0,0,0,0,0,0,0,0,0,0,0,0,0,0,0,0,0,0,0,0,0,0,0,0,0,0,0,0,8,0,0,0,0,0,0,0,0,0,0,0,0,0,0,0,0,0,0,0,0,0,0,0,0,0,0,0,0,0,0,0,0,0,0,0,0,0,0,0,0,0,0,0,0,0,0,0,0,0,0,0,0,0,0,0,0,0,0,0,0,0,0,0,0,0,0,0,0,0,0,0,0,0,0,0,0,0,0,0,0,0,0,0,0,0,0,0,0,0,0,0,0,0,0,0,0,0,0,0,0,0,0,0,0,0,0,0,0,0,0,0,0,0,0,0,0,0,0,0,0,0,0,0,0,0,0,0,0,0,0,0,0,0,0,0,0,0,0,0,0,0,0,0,0,0,0,0,0,0,0,0,0,0,0,0,0,0,0,0,0,0,0,0,0,0,0,0,0,0,0,0,0,0,0,0,0,0,0,0,0,0,0,0,0,0,0,0,0,0,0,0,0,0,0,0,0,0,0,0,0,0,0,0,0,0,0,0,0,0,0,0,0,0,0,0,0,0,0,0,0,0,0,0,0,0,0,0,0,0,0,0,0,0,0,0,0,0,0,0,0,0,0,0,0,0,0,0,0,0,0,0,0,0,0,0,0,0,0,0,0,0,0,0,0,0,0,0,0,0,0,0,0,0,0,0,0,0,0,0,0,0,0,0,0,0,0,0,0,0,0,0,0,0,0,0,0,0,0,0,0,0,0,0,0,0,0,0,0,0,0,0,0,0,0,0,0,0,0,0,0,0,0,0,0,0,0,0,0,0,0,0,0,0,0
HM,0,0,0,0,0,0,0,0,0,0,0,0,0,0,0,0,0,0,0,0,0,0,0,0,0,0,0,0,0,0,0,0,0,0,0,0,0,0,0,0,0,0,0,0,0,0,0,0,0,0,0,0,0,0,0,0,0,0,0,0,0,0,0,0,0,0,0,0,0,0,0,0,0,0,0,0,0,0,0,0,0,0,0,0,0,0,0,0,0,0,0,0,0,0,0,0,0,0,0,0,0,0,0,0,0,0,0,0,0,11,0,0,0,0,0,0,0,0,0,0,0,0,0,0,0,0,0,0,0,0,0,0,0,0,0,0,0,0,0,0,0,0,0,0,0,0,0,0,0,0,0,0,0,0,0,0,0,0,0,0,0,0,0,0,0,0,0,0,0,0,0,0,0,0,0,0,0,0,0,0,0,0,0,5,0,0,0,0,0,0,0,0,0,0,0,0,0,0,0,0,0,0,0,0,0,0,0,0,0,0,0,0,0,0,0,0,0,0,0,0,0,0,0,0,0,0,0,0,0,0,0,0,0,0,0,0,0,0,0,0,0,0,0,0,0,0,0,0,0,0,0,0,0,0,0,0,0,0,0,0,0,0,0,0,0,0,0,0,0,0,0,0,0,0,0,0,0,0,0,0,0,0,0,0,0,0,0,0,0,0,0,0,0,0,0,0,0,0,0,0,0,0,0,0,0,0,0,0,0,0,0,0,0,0,0,0,0,0,0,0,0,0,0,0,0,0,0,0,0,0,0,0,0,0,0,0,0,0,0,0,0,0,0,0,0,0,0,0,0,0,0,0,0,0,0,0,0,0,0,0,0,0,0,0,0,0,0,0,0,0,0,0,0,0,0,0,0,0,0,0,0,0,0,0,0,0,0,0,0,0,0,0,0,0,0,0,0,0,0,0,0,0,0,0,0,0,0,0,0,0,0,0,0,0,0,0,0,0,0,0,0,0
HMBV,0,0,0,0,0,0,0,0,0,0,0,0,0,0,0,0,0,0,0,0,0,0,0,0,0,0,0,0,0,0,0,0,0,0,0,0,0,0,0,0,0,0,0,0,0,0,0,0,0,0,0,0,0,0,0,0,0,0,0,0,0,0,0,0,0,0,0,0,0,0,0,0,0,0,0,0,0,0,0,0,0,0,0,0,0,0,0,0,0,0,0,0,0,0,0,0,0,0,0,0,0,0,0,0,0,0,0,0,0,0,0,0,0,0,0,0,0,0,0,0,0,0,0,0,0,0,0,0,0,11,0,0,0,0,0,0,0,0,0,0,0,0,0,0,0,0,0,0,0,0,0,0,0,0,0,0,0,0,0,0,0,0,0,0,0,0,0,0,0,0,0,0,0,0,0,0,0,0,0,0,0,0,5,0,0,0,0,0,0,0,0,0,0,0,0,0,0,0,0,0,0,0,0,0,0,0,0,0,0,0,0,0,0,0,0,0,0,0,0,0,0,0,0,0,0,0,0,0,0,0,0,0,0,0,0,0,0,0,0,0,0,0,0,0,0,0,0,0,0,0,0,0,0,0,0,0,0,0,0,0,0,0,0,0,0,0,0,0,0,0,0,0,0,0,0,0,0,0,0,0,0,0,0,0,0,0,0,0,0,0,0,0,0,0,0,0,0,0,0,0,0,0,0,0,0,0,0,0,0,0,0,0,0,0,0,0,0,0,0,0,0,0,0,0,0,0,0,0,0,0,0,0,0,0,0,0,0,0,0,0,0,0,0,0,0,0,0,0,0,0,0,0,0,0,0,0,0,0,0,0,0,0,0,0,0,0,0,0,0,0,0,0,0,0,0,0,0,0,0,0,0,0,0,0,0,0,0,0,0,0,0,0,0,0,0,0,0,0,0,0,0,0,0,0,0,0,0,0,0,0,0,0,0,0,0,0,0,0,0,0,0,0
HMLA,20,19,0,0,0,0,0,0,0,0,0,0,28,30,28,0,28,120,0,0,120,0,0,71,71,73,187,0,0,0,23,31,0,29,32,0,22,0,33,28,0,34,34,58,0,0,0,0,0,0,0,152,18,0,0,0,8,8,0,40,15,0,0,125,0,0,0,45,45,0,51,0,0,39,38,38,31,29,26,26,33,0,23,0,46,47,0,0,0,26,0,30,22,23,0,0,0,26,0,0,0,0,30,0,0,20,0,27,25,0,0,43,0,0,0,0,0,84,88,0,85,0,0,0,0,0,0,0,0,0,0,0,0,0,56,0,0,0,0,0,19,17,33,0,0,0,0,0,0,0,0,25,0,0,0,0,0,0,0,58,0,152,0,0,0,0,45,0,0,0,127,129,0,0,0,0,0,0,0,38,36,0,0,0,0,2,0,0,0,0,102,0,0,0,0,0,0,166,52,51,17,19,0,36,21,21,0,0,34,0,0,0,0,39,39,39,0,0,0,0,0,0,0,23,0,0,0,0,0,0,0,23,0,0,0,0,0,0,0,0,34,35,21,0,0,23,26,0,0,0,0,0,0,0,0,0,66,0,0,24,0,0,0,0,0,0,0,0,0,0,27,0,0,0,31,137,0,0,0,0,0,0,40,0,0,0,46,0,0,0,0,0,0,171,0,0,38,0,0,0,110,0,32,37,38,37,35,33,35,37,37,0,0,42,166,166,0,0,0,0,24,0,0,0,0,0,0,0,0,87,0,42,41,0,0,0,0,0,52,0,0,0,0,61,0,61,106,59,60,0,0,0,80,0,11,0,14,0,0,12,12,0,12,13,0,0,0,0,0,54,0,0,0,0,0,0,0,0,0,24,0,0,0,24,0,0,0,0,4,116,0,27,28,0,0,0,0,24,0,0,0,0,0,0,0,0,0,39,0,0,0,0,0,0,0,0,0,0,0,0,0,0
HMLBA,18,17,0,0,0,0,0,0,0,0,0,0,26,28,27,0,26,118,0,0,119,0,0,69,70,72,186,0,0,0,22,30,0,27,31,0,20,0,32,26,0,33,33,59,0,0,0,0,0,0,0,151,16,0,0,0,6,6,0,40,14,0,0,123,0,0,0,44,43,0,52,0,0,40,40,40,32,31,24,24,35,0,21,0,46,46,0,0,0,26,0,32,20,21,0,0,0,25,0,0,0,0,29,0,0,19,0,26,24,0,0,43,0,0,0,0,0,83,87,0,84,0,0,0,0,0,0,0,0,0,0,0,0,0,58,0,0,0,0,0,21,19,33,0,0,0,0,0,0,0,0,24,0,0,0,0,0,0,0,59,0,151,0,0,0,0,46,0,0,0,126,128,0,0,0,0,0,0,0,38,36,0,0,0,2,0,0,0,0,0,101,0,0,0,0,0,0,164,52,52,17,18,0,34,19,20,0,0,34,0,0,0,0,41,41,41,0,0,0,0,0,0,0,22,0,0,0,0,0,0,0,23,0,0,0,0,0,0,0,0,34,35,23,0,0,24,24,0,0,0,0,0,0,0,0,0,67,0,0,23,0,0,0,0,0,0,0,0,0,0,29,0,0,0,29,136,0,0,0,0,0,0,41,0,0,0,47,0,0,0,0,0,0,169,0,0,40,0,0,0,108,0,34,39,40,38,36,35,37,39,39,0,0,44,164,164,0,0,0,0,23,0,0,0,0,0,0,0,0,85,0,42,41,0,0,0,0,0,50,0,0,0,0,62,0,62,106,60,61,0,0,0,79,0,10,0,13,0,0,11,10,0,11,13,0,0,0,0,0,55,0,0,0,0,0,0,0,0,0,23,0,0,0,22,0,0,0,0,6,114,0,25,27,0,0,0,0,23,0,0,0,0,0,0,0,0,0,40,0,0,0,0,0,0,0,0,0,0,0,0,0,0
HN,0,0,0,0,0,0,0,0,0,0,0,0,0,0,0,0,0,0,0,0,0,0,0,0,0,0,0,0,0,0,0,0,0,0,0,0,0,0,0,0,0,0,0,0,0,0,0,0,0,0,0,0,0,0,0,0,0,0,0,0,0,0,0,0,0,0,0,0,0,0,0,0,0,0,0,0,0,0,0,0,0,0,0,0,0,0,0,0,0,0,0,0,0,0,0,0,0,0,0,0,0,0,0,0,0,0,0,0,0,0,0,0,0,0,0,0,0,0,0,0,0,0,0,0,0,0,0,0,0,0,0,0,0,0,0,0,0,0,0,0,0,0,0,0,0,0,0,0,0,0,0,0,0,0,0,0,0,0,0,0,0,0,0,0,0,0,0,0,0,0,0,0,0,0,0,0,0,0,0,0,0,0,0,0,0,0,0,3,0,0,0,0,0,0,0,0,0,0,0,0,0,0,0,0,0,0,0,0,0,0,0,0,0,0,0,0,0,0,0,0,0,0,0,0,0,0,0,0,0,0,0,0,0,0,0,0,0,0,0,0,0,0,0,0,0,0,0,0,0,0,0,0,0,0,0,0,0,0,0,0,0,0,0,0,0,0,0,0,0,0,0,0,13,0,0,0,0,0,0,0,0,0,0,19,0,0,0,0,0,0,0,0,0,0,0,0,0,0,0,0,0,0,0,0,0,0,0,0,0,0,0,0,0,0,0,0,0,0,0,0,0,0,0,0,0,0,0,0,0,0,0,0,0,0,0,0,0,0,0,0,0,0,0,0,0,0,0,0,0,0,0,0,0,0,0,0,0,0,0,0,0,0,0,0,0,0,0,0,0,0,0,0,0,0,0,0,0,0,0,0,0,0,0,0,0,0,0,0,0,0,0,0,0,0,0,0,0,0,0,0,0,0,0,0,0,0,0,0,0,0,0,0,0,0,0,0,0,0,0,0,0,0
HNK,0,0,0,0,0,0,0,0,0,0,0,0,0,0,0,0,0,0,0,0,0,0,0,0,0,0,0,0,0,0,0,0,0,0,0,0,0,0,0,0,0,0,0,0,0,0,0,0,0,0,0,0,0,0,0,0,0,0,0,0,0,0,0,0,0,0,0,0,0,0,0,0,0,0,0,0,0,0,0,0,0,0,0,0,0,0,0,0,0,0,0,0,0,0,0,0,0,0,0,0,0,0,0,0,0,0,0,0,0,0,0,0,0,0,0,0,0,0,0,0,0,0,0,0,0,0,0,0,0,0,0,0,0,0,0,0,0,0,0,0,0,0,0,0,0,0,0,0,0,0,0,0,0,0,0,0,0,0,0,0,0,0,0,0,0,0,0,0,0,0,0,0,0,0,0,0,9,0,0,0,0,0,0,0,0,0,3,0,0,0,0,0,0,0,0,0,0,0,0,0,0,0,0,0,0,0,0,0,0,0,0,0,0,0,0,0,0,0,0,0,0,0,0,0,0,0,0,0,0,0,0,0,0,0,0,0,0,0,0,0,0,0,0,0,0,0,0,0,0,0,0,0,0,0,0,0,0,0,0,0,0,0,0,0,0,0,0,0,0,0,0,0,0,0,0,0,0,0,0,0,0,0,0,0,0,0,0,0,0,0,0,0,0,0,0,0,0,0,0,0,0,0,0,0,0,0,0,0,0,0,0,0,0,0,0,0,0,0,0,0,0,0,0,0,0,0,0,0,0,0,0,0,0,0,0,0,0,0,0,0,0,0,0,0,0,0,0,0,0,0,0,0,0,0,0,0,0,0,0,0,0,0,0,0,0,0,0,0,0,0,0,0,0,0,0,0,0,0,0,0,0,0,0,0,0,0,0,0,0,0,0,0,0,0,0,0,0,0,0,0,0,0,0,0,0,0,0,0,0,0,0,0,0,0,0,0,0,0,0,0,0,0
HNO,0,0,0,0,0,0,0,0,0,0,0,0,0,0,0,0,0,0,0,0,0,0,0,0,0,0,0,0,0,0,0,0,0,0,0,0,0,0,0,0,0,0,0,0,0,0,0,0,0,0,0,0,0,0,0,0,0,0,0,0,0,0,0,0,0,0,0,0,0,0,0,0,0,0,0,0,0,0,0,0,0,0,0,0,0,0,0,0,0,0,0,0,0,0,0,0,0,0,0,0,0,0,0,0,0,0,0,0,0,0,0,0,0,0,0,0,0,0,0,0,0,0,0,0,0,0,0,0,0,0,0,0,0,0,0,0,0,0,0,0,0,0,0,0,0,0,0,0,0,0,0,0,0,0,0,0,0,0,0,0,0,0,0,0,0,0,0,0,0,0,0,0,0,0,0,0,0,0,0,0,0,0,0,0,0,0,0,0,0,0,0,0,0,0,0,0,0,0,0,0,0,0,0,0,0,0,0,0,0,0,0,0,0,0,0,0,0,0,0,0,0,0,0,0,0,0,0,0,0,0,0,0,0,0,0,0,0,0,0,0,0,0,0,0,0,0,0,0,0,0,0,0,0,0,0,0,0,0,0,0,0,0,0,0,0,0,0,0,0,0,0,0,0,0,0,0,0,0,0,0,0,0,0,0,0,0,0,0,0,7,0,0,0,0,0,0,0,0,0,0,0,0,0,0,0,0,0,0,0,0,0,0,0,0,0,0,0,0,0,0,0,0,0,0,0,0,0,0,0,0,0,0,0,0,0,0,0,0,0,0,0,0,0,0,0,0,0,0,0,0,0,0,0,0,0,0,0,0,0,0,0,0,0,0,0,0,0,0,0,0,0,0,0,0,0,0,0,0,0,0,0,0,0,0,0,0,0,0,0,0,0,0,0,0,0,0,0,0,0,0,0,0,0,0,0,0,0,0,0,0,15,0,0,0,0,0,0,0,0,0,0,0
HNP,0,0,0,0,0,0,0,0,0,0,0,0,0,0,0,0,0,0,0,0,0,0,0,0,0,0,0,0,0,0,0,0,0,0,0,0,0,0,0,0,0,0,0,0,0,0,0,0,0,0,0,0,0,0,0,0,0,0,0,0,0,0,0,0,0,0,0,0,0,0,0,0,0,0,0,0,0,0,0,0,0,0,0,0,0,0,0,0,0,0,0,0,0,0,0,0,0,0,0,0,0,0,0,0,0,0,0,0,0,0,0,0,0,0,0,0,0,0,0,0,0,0,0,0,0,0,0,0,0,0,0,0,0,0,0,0,0,0,0,0,0,0,0,0,0,0,0,0,0,0,0,0,0,0,0,0,0,0,0,0,0,0,0,0,0,0,0,0,0,0,0,0,0,0,0,0,0,0,0,0,0,0,0,0,0,0,0,0,0,0,0,0,0,0,0,0,0,0,0,0,0,0,0,0,0,0,0,0,0,0,0,0,0,0,0,0,0,0,0,0,0,0,0,0,0,0,0,0,0,0,0,0,0,0,0,0,0,0,0,0,0,0,0,0,0,0,0,0,0,0,0,0,0,0,0,0,0,0,0,0,0,0,0,0,0,0,0,0,0,0,0,0,0,0,0,0,0,0,0,0,0,0,0,0,0,0,0,0,0,0,0,0,0,0,0,0,0,0,0,0,0,0,0,0,0,0,0,0,0,0,0,0,0,0,0,0,0,0,0,0,0,0,0,0,0,0,0,0,0,0,0,0,0,0,0,0,0,0,0,9,0,0,0,0,0,0,0,0,0,0,0,0,0,0,0,0,0,0,0,0,0,0,0,0,0,0,0,0,0,0,0,0,0,0,0,0,0,0,0,0,0,0,0,0,0,0,0,0,0,0,0,0,0,0,4,0,0,0,0,0,0,0,0,0,0,0,0,0,0,0,0,0,0,0,0,0,0,0,0,0,0,0
HON,122,98,0,0,0,0,0,0,0,0,0,0,75,77,74,0,75,20,0,0,22,0,0,34,31,31,190,0,0,0,119,122,0,118,106,0,120,0,126,117,0,108,108,169,0,0,0,0,0,0,0,50,89,0,0,0,110,98,0,144,88,0,0,29,0,0,0,57,58,0,152,0,0,165,137,137,120,108,86,78,126,0,98,0,151,123,0,0,0,116,0,143,85,86,0,0,0,98,0,0,0,0,103,0,0,86,0,115,115,0,0,149,0,0,0,0,0,19,15,0,17,0,0,0,0,0,0,0,0,0,0,0,0,0,158,0,0,0,0,0,130,127,120,0,0,0,0,0,0,0,0,96,0,0,0,0,0,0,0,159,0,50,0,0,0,0,100,0,0,0,34,36,0,0,0,0,0,0,0,141,140,0,0,0,102,101,0,0,0,0,0,0,0,0,0,0,0,63,126,101,106,107,0,83,93,94,0,0,133,0,0,0,0,135,136,136,0,0,0,0,0,0,0,91,0,0,0,0,0,0,0,90,0,0,0,0,0,0,0,0,91,93,123,0,0,124,97,0,0,0,0,0,0,0,0,0,168,0,0,99,0,0,0,0,0,0,0,0,0,0,139,0,0,0,103,45,0,0,0,0,0,0,96,0,0,0,146,0,0,0,0,0,0,69,0,0,161,0,0,0,7,0,144,155,154,149,136,134,136,159,158,0,0,142,63,63,0,0,0,0,78,0,0,0,0,0,0,0,0,16,0,148,146,0,0,0,0,0,51,0,0,0,0,148,0,123,96,153,149,0,0,0,24,0,98,0,102,0,0,95,91,0,99,91,0,0,0,0,0,104,0,0,0,0,0,0,0,0,0,101,0,0,0,93,0,0,0,0,114,15,0,98,101,0,0,0,0,108,0,0,0,0,0,0,0,0,0,129,0,0,0,0,0,0,0,0,0,0,0,0,0,0
HOR,0,0,0,0,0,0,0,0,0,0,0,0,0,0,0,0,0,0,0,0,0,0,0,0,0,0,0,0,0,0,0,0,0,0,0,0,0,0,0,0,0,0,0,0,0,0,0,0,0,0,0,0,0,0,0,0,0,0,0,0,0,0,0,0,0,0,0,0,0,0,0,0,0,0,0,0,0,0,0,0,0,0,0,0,0,0,0,0,0,0,0,0,0,0,0,0,0,0,0,0,0,0,0,0,0,0,0,0,0,0,0,0,0,0,0,0,0,0,0,0,0,0,0,0,0,0,0,0,0,0,0,0,0,0,0,0,0,0,0,0,0,0,0,0,0,0,0,0,0,0,0,0,0,0,0,0,0,0,0,0,0,0,0,0,0,0,0,0,0,0,0,0,0,0,0,0,0,0,0,0,0,0,0,0,0,0,0,0,0,0,0,0,0,0,0,0,0,0,0,0,0,0,0,0,0,0,5,0,0,0,0,0,0,0,0,0,0,0,0,0,0,0,0,0,0,0,0,0,0,0,0,0,0,0,0,0,0,0,0,0,0,0,0,0,0,0,0,0,0,0,0,0,0,0,0,0,0,0,0,0,0,0,0,0,0,0,0,0,0,0,0,0,0,0,0,0,0,0,0,0,0,0,0,0,0,0,0,0,0,0,0,0,0,0,0,0,0,0,0,0,0,0,0,0,0,0,0,0,0,0,0,0,0,0,0,0,0,0,0,0,0,0,0,0,0,0,0,0,0,0,0,0,0,0,0,0,0,0,0,0,0,0,0,0,0,0,0,0,0,0,0,0,0,0,0,0,0,0,0,10,0,0,0,0,0,0,0,0,0,0,0,0,0,0,0,0,0,0,0,0,0,0,0,0,0,0,0,0,0,0,0,0,0,0,0,0,0,0,0,0,0,0,0,0,0,0,0,0,0,0,0,0,0,0,0,0,0,0,0,0,0,0
HR,0,0,0,0,0,0,13,0,0,0,0,0,0,0,0,0,0,0,0,0,0,0,0,0,0,0,0,0,0,0,0,0,0,0,0,0,0,0,0,0,0,0,0,0,0,0,0,0,0,0,0,0,0,0,0,0,0,0,0,0,0,0,0,0,0,0,0,0,0,0,0,0,0,0,0,0,0,0,0,0,0,0,0,0,0,0,0,0,0,0,0,0,0,0,0,0,0,0,0,0,0,0,0,0,0,0,0,0,0,0,0,0,0,0,0,0,0,0,0,0,0,0,0,0,0,0,0,0,0,0,0,0,0,0,0,0,0,0,0,0,0,0,0,0,0,0,0,0,0,0,0,0,0,0,0,0,0,0,0,0,0,0,0,0,0,0,0,0,0,0,0,0,0,0,0,0,0,0,0,0,0,0,0,0,0,0,0,0,0,0,0,0,0,0,0,0,0,0,0,0,0,0,0,0,0,0,0,0,0,0,0,0,0,0,0,0,0,0,0,0,0,0,0,0,0,0,0,0,0,0,0,0,0,0,0,0,0,0,0,0,0,0,0,0,0,0,0,0,0,0,0,0,0,0,0,0,0,0,0,0,0,0,0,0,0,0,0,0,0,0,0,0,0,0,0,0,0,0,0,0,0,0,0,0,0,0,0,0,0,0,0,0,0,0,0,0,0,0,0,0,0,0,0,0,0,0,0,0,0,0,0,0,0,0,0,0,0,0,0,0,0,0,0,0,0,0,0,0,0,0,0,0,0,0,0,0,0,0,0,0,0,0,0,0,0,0,0,0,0,0,0,0,0,0,0,0,0,0,0,0,0,0,0,0,0,0,0,0,0,0,0,0,0,0,0,0,0,0,0,0,0,0,0,0,0,0,0,0,0,0,0,0,0,0,0,0,0,0,0,0,0,0,13,0,0,0,0,0,0,0,0,0,0,0,0,0,0,0,0,0,0,0
HRL,0,0,0,0,0,0,0,0,0,0,0,0,0,0,0,0,0,0,0,0,0,0,0,0,0,0,0,0,0,0,0,0,0,0,0,0,0,0,0,0,0,0,0,0,0,0,0,0,0,0,0,0,0,0,0,0,0,0,0,0,0,0,0,0,0,0,0,0,0,0,0,0,0,0,0,0,0,0,0,0,0,0,0,0,0,0,0,0,0,0,0,0,0,0,0,0,0,0,0,0,0,0,0,0,0,0,0,0,0,0,0,0,0,0,0,0,0,0,0,0,0,0,0,0,0,0,0,0,0,0,0,0,0,0,0,0,0,0,0,0,0,0,0,0,0,0,0,0,0,0,0,0,0,0,0,0,0,0,0,0,0,0,0,0,0,0,0,0,0,0,0,0,0,0,0,0,0,0,0,0,0,0,0,0,0,0,0,0,0,0,0,0,0,0,2,0,0,0,0,0,0,0,0,0,0,0,0,0,0,0,0,0,0,0,0,0,0,0,8,0,0,0,0,0,0,0,0,0,0,0,0,0,4,0,0,0,0,0,0,0,0,0,0,0,0,0,0,0,0,0,0,0,0,0,0,0,0,0,0,0,0,0,0,0,0,0,0,0,0,0,0,0,0,0,0,0,0,0,0,0,0,0,0,0,0,0,0,0,0,0,0,0,0,0,0,0,0,0,0,0,0,0,0,0,0,0,0,0,0,0,0,0,0,0,0,0,0,0,0,0,0,0,0,0,0,0,0,0,0,0,0,0,0,0,0,0,0,0,0,0,0,0,0,0,0,0,0,0,0,0,0,0,0,0,0,0,0,0,0,0,0,0,0,0,0,0,0,0,0,0,0,0,0,0,0,0,0,0,0,0,0,0,0,0,0,0,0,0,0,0,0,0,0,0,0,0,0,0,0,0,0,0,0,0,0,0,0,0,0,0,0,0,0,0,0,0,0,0,0,0,0,0
HRLW,0,0,0,0,0,0,0,0,0,0,0,0,0,0,0,0,0,0,0,0,0,0,0,0,0,0,0,0,0,0,0,0,0,0,0,0,0,0,0,0,0,0,0,0,0,0,0,0,0,0,0,0,0,0,0,0,0,0,0,0,0,0,0,0,0,0,0,0,0,0,0,0,0,0,0,0,0,0,0,0,0,0,0,0,0,0,0,0,0,0,0,0,0,0,0,0,0,0,0,0,0,0,0,0,0,0,0,0,0,0,0,0,0,0,0,0,0,0,0,0,0,0,0,0,0,0,0,0,0,0,0,0,0,0,0,0,0,0,0,0,0,0,0,0,0,0,0,0,0,0,0,0,0,0,0,0,0,0,0,0,0,0,0,0,0,0,0,0,0,0,0,0,0,0,0,0,0,0,0,0,0,0,0,0,0,0,0,0,0,0,0,0,0,2,0,0,0,0,0,0,0,0,0,0,0,0,0,0,0,0,0,0,0,0,0,0,0,0,0,0,0,0,0,0,0,0,0,0,0,0,0,0,0,0,0,0,0,0,0,0,0,0,0,0,0,0,0,0,0,0,0,0,0,0,0,0,0,0,0,0,6,0,0,0,0,0,0,0,0,0,0,0,0,0,0,0,0,0,0,0,0,0,0,0,0,0,0,0,0,0,0,0,0,0,0,0,0,0,0,0,0,0,0,0,0,0,0,0,0,0,0,0,0,0,0,0,0,0,0,0,0,0,0,0,0,0,0,0,0,0,0,0,0,0,0,0,0,0,0,0,0,0,0,0,0,0,0,0,0,0,0,0,0,0,0,0,0,0,0,0,0,0,0,0,0,0,0,0,0,0,0,0,0,0,0,0,0,0,0,0,0,0,0,0,0,0,0,0,0,0,0,0,0,0,0,0,0,0,0,0,0,0,0,0,0,0,0,0,0,0,0,0,0,0,0,0,0,0,0,0,0,0
HRN,0,0,0,0,0,0,0,0,0,0,0,0,0,0,0,0,0,0,0,0,0,0,0,0,0,0,0,0,0,0,0,0,0,0,0,0,0,25,0,0,0,0,0,0,0,0,0,0,0,0,0,0,0,0,0,0,0,0,0,0,0,0,0,0,0,0,0,0,0,0,0,0,0,0,0,0,0,0,0,0,0,0,0,0,0,0,0,0,0,0,0,0,0,0,0,0,0,0,0,0,0,0,0,0,0,0,0,0,0,0,0,0,0,0,0,0,0,0,0,0,0,0,0,0,0,0,0,0,0,0,0,0,0,0,0,0,0,0,0,0,0,0,0,0,5,0,0,0,0,0,0,0,0,0,0,0,0,0,0,0,0,0,0,0,0,0,0,0,0,0,0,0,0,0,0,0,0,0,0,0,0,0,0,0,0,0,0,0,0,0,0,0,0,0,0,0,0,0,0,0,0,0,0,0,0,0,0,0,0,0,0,0,0,0,0,0,0,0,0,0,0,0,0,0,0,0,0,0,0,0,0,0,0,0,0,0,0,0,0,0,0,0,0,0,0,0,0,0,0,0,0,0,0,0,0,0,0,0,0,0,0,0,0,0,0,0,0,0,0,0,0,0,0,0,0,0,0,0,0,0,0,0,0,0,0,0,0,0,0,0,0,0,0,0,0,0,0,0,0,0,0,0,0,0,0,0,0,0,0,0,0,0,0,0,0,0,0,0,0,0,0,0,0,0,0,0,0,0,0,0,0,0,0,0,0,0,0,0,0,0,0,0,0,0,0,0,0,0,0,0,0,0,0,0,0,0,0,0,0,0,0,0,0,0,0,0,0,0,0,0,0,0,0,0,0,0,0,0,0,0,0,0,0,0,0,0,0,0,0,0,0,0,0,0,0,0,0,0,0,0,0,0,0,0,0,0,0,0,0,0,0,0,0,0,0,0,0,0,0,0,0,0
HRT,0,0,0,0,0,0,0,0,0,0,0,0,0,0,0,0,0,0,0,0,0,0,0,0,0,0,0,0,0,0,0,0,0,0,0,0,0,0,0,0,0,0,0,0,0,0,0,0,0,0,0,0,0,0,0,0,0,0,0,0,0,0,0,0,0,0,0,0,0,0,0,0,12,0,0,0,0,0,0,0,0,0,0,0,0,0,0,0,0,0,0,0,0,0,0,0,0,0,0,0,0,0,0,0,0,0,0,0,0,21,0,0,0,0,0,0,0,0,0,0,0,0,0,0,0,0,0,0,0,0,0,0,0,0,0,0,0,0,0,0,0,0,0,0,0,0,0,0,0,0,0,0,0,0,0,0,0,0,0,0,0,0,0,0,0,0,0,0,0,0,0,0,0,0,0,0,0,0,0,0,0,0,0,0,0,0,0,0,0,0,0,0,0,0,0,0,0,0,0,0,0,0,0,0,0,0,0,0,0,0,0,0,0,0,0,0,0,0,0,0,0,0,0,0,0,0,0,0,0,0,0,0,0,0,0,0,0,0,0,0,0,0,0,0,0,0,0,0,0,0,0,0,0,0,0,0,0,0,0,0,0,0,0,0,0,0,0,0,0,0,0,0,0,0,0,0,0,0,0,0,0,0,0,0,0,0,0,0,0,0,0,0,0,0,0,0,0,0,0,0,0,0,0,0,0,0,0,0,0,0,0,0,0,0,0,0,0,0,0,0,0,0,0,0,0,0,0,0,0,0,0,0,0,0,0,0,0,0,0,0,0,0,0,0,0,0,0,0,0,0,0,0,0,0,0,0,0,0,0,0,0,0,0,0,0,0,0,0,0,0,0,0,0,0,0,0,0,0,0,0,0,0,0,0,0,0,0,0,0,0,0,0,0,0,0,0,0,0,0,0,0,0,0,0,0,0,0,0,0,0,0,0,0,0,0,0,0,0,0,0,0,0
HSAL,161,161,0,0,0,0,0,0,0,0,0,0,138,136,137,0,138,47,0,0,47,0,0,95,94,92,116,0,0,0,163,167,0,164,168,0,163,0,171,163,0,170,170,194,0,0,0,0,0,0,0,13,148,0,0,0,162,162,0,185,151,0,0,41,0,0,0,120,121,0,214,0,0,198,199,199,181,168,141,141,187,0,149,0,184,185,0,0,0,151,0,193,149,149,0,0,0,161,0,0,0,0,166,0,0,145,0,162,163,0,0,185,0,0,0,0,0,81,78,0,80,0,0,0,0,0,0,0,0,0,0,0,0,0,221,0,0,0,0,0,184,181,150,0,0,0,0,0,0,0,0,159,0,0,0,0,0,0,0,185,0,13,0,0,0,0,157,0,0,0,38,37,0,0,0,0,0,0,0,184,182,0,0,0,166,164,0,0,0,0,63,0,0,0,0,0,0,0,157,157,152,152,0,130,148,148,0,0,177,0,0,0,0,197,197,197,0,0,0,0,0,0,0,154,0,0,0,0,0,0,0,152,0,0,0,0,0,0,0,0,151,152,186,0,0,187,160,0,0,0,0,0,0,0,0,0,231,0,0,149,0,0,0,0,0,0,0,0,0,0,191,0,0,0,166,28,0,0,0,0,0,0,154,0,0,0,209,0,0,0,0,0,0,8,0,0,199,0,0,0,57,0,195,200,202,200,198,197,199,199,199,0,0,204,0,0,0,0,0,0,141,0,0,0,0,0,0,0,0,79,0,185,185,0,0,0,0,0,114,0,0,0,0,177,0,178,132,182,179,0,0,0,86,0,155,0,153,0,0,153,154,0,154,153,0,0,0,0,0,159,0,0,0,0,0,0,0,0,0,164,0,0,0,157,0,0,0,0,170,52,0,161,164,0,0,0,0,157,0,0,0,0,0,0,0,0,0,154,0,0,0,0,0,0,0,0,0,0,0,0,0,0
HT,72,68,0,0,0,0,0,0,0,0,0,0,51,69,52,0,51,146,0,0,148,0,0,109,74,112,275,0,0,0,77,87,0,83,83,0,76,0,91,84,0,85,85,43,0,0,0,0,0,0,0,145,57,0,0,0,60,57,0,109,49,0,0,141,0,0,0,57,56,0,72,0,0,80,56,56,36,25,72,57,42,0,71,0,116,99,0,0,0,30,0,93,62,64,0,0,0,75,0,0,0,0,81,0,0,60,0,86,81,0,0,114,0,0,0,0,0,107,111,0,87,0,0,0,0,0,0,0,0,0,0,0,0,0,82,0,0,0,0,0,80,77,22,0,0,0,0,0,0,0,0,73,0,0,0,0,0,0,0,33,0,145,0,0,0,0,6,0,0,0,136,138,0,0,0,0,0,0,0,106,105,0,0,0,52,52,0,0,0,0,126,0,0,0,0,0,0,157,0,1,40,39,2,75,66,67,0,0,98,0,0,0,0,51,53,53,0,0,0,0,0,0,0,69,0,0,0,0,0,0,0,31,0,0,0,0,0,0,0,0,20,19,56,0,0,56,74,0,0,0,0,0,0,0,0,0,92,0,0,72,0,0,0,0,0,0,0,0,0,0,89,0,0,0,81,147,0,0,0,0,0,0,12,0,0,0,66,0,0,0,0,0,0,160,0,0,84,0,0,0,133,0,94,90,91,96,61,60,61,86,87,0,0,63,157,157,0,0,0,0,51,0,0,0,0,0,0,0,0,88,0,113,111,0,0,0,0,0,62,0,0,0,0,22,0,21,60,27,23,0,0,0,112,0,48,0,44,0,0,51,48,0,47,44,0,0,0,0,5,3,0,0,0,0,0,0,0,0,0,74,0,0,0,71,0,0,0,0,64,141,0,75,78,0,0,0,0,81,0,0,0,0,0,0,0,0,0,13,0,0,0,0,0,0,0,0,0,0,0,0,0,0
HTDA,68,67,0,0,0,0,0,0,0,0,0,0,50,51,51,0,50,118,0,0,118,0,0,73,73,75,209,0,0,0,72,80,0,78,82,0,70,0,83,76,0,84,84,38,0,0,0,0,0,0,0,144,48,0,0,0,56,56,0,91,48,0,0,120,0,0,0,55,55,0,72,0,0,54,55,55,36,25,57,56,42,0,64,0,97,98,0,0,0,28,0,57,62,63,0,0,0,74,0,0,0,0,80,0,0,49,0,75,74,0,0,94,0,0,0,0,0,86,88,0,86,0,0,0,0,0,0,0,0,0,0,0,0,0,82,0,0,0,0,0,54,52,20,0,0,0,0,0,0,0,0,72,0,0,0,0,0,0,0,29,0,144,0,0,0,0,6,0,0,0,120,122,0,0,0,0,0,0,0,89,87,0,0,0,51,52,0,0,0,0,101,0,0,0,0,0,0,157,1,0,38,36,0,53,59,60,0,0,85,0,0,0,0,51,53,53,0,0,0,0,0,0,0,68,0,0,0,0,0,0,0,30,0,0,0,0,0,0,0,0,19,18,56,0,0,56,73,0,0,0,0,0,0,0,0,0,92,0,0,65,0,0,0,0,0,0,0,0,0,0,55,0,0,0,80,131,0,0,0,0,0,0,11,0,0,0,66,0,0,0,0,0,0,160,0,0,56,0,0,0,108,0,58,61,62,62,61,60,61,58,59,0,0,63,157,157,0,0,0,0,50,0,0,0,0,0,0,0,0,87,0,93,92,0,0,0,0,0,61,0,0,0,0,21,0,22,60,25,23,0,0,0,81,0,45,0,42,0,0,47,47,0,44,43,0,0,0,0,0,4,0,0,0,0,0,0,0,0,0,73,0,0,0,70,0,0,0,0,51,115,0,75,77,0,0,0,0,70,0,0,0,0,0,0,0,0,0,12,0,0,0,0,0,0,0,0,0,0,0,0,0,0
HTN,32,29,0,0,0,0,0,0,0,0,0,0,18,29,19,0,18,126,0,0,128,0,0,72,59,75,235,0,0,0,37,47,0,43,44,0,36,0,51,44,0,46,46,83,0,0,0,0,0,0,0,139,17,0,0,0,20,19,0,69,10,0,0,135,0,0,0,33,32,0,62,0,0,75,47,47,32,24,32,21,37,0,31,0,76,62,0,0,0,10,0,53,24,25,0,0,0,36,0,0,0,0,42,0,0,20,0,46,41,0,0,74,0,0,0,0,0,87,91,0,73,0,0,0,0,0,0,0,0,0,0,0,0,0,69,0,0,0,0,0,40,37,18,0,0,0,0,0,0,0,0,34,0,0,0,0,0,0,0,73,0,139,0,0,0,0,33,0,0,0,135,137,0,0,0,0,0,0,0,66,65,0,0,0,17,17,0,0,0,0,106,0,0,0,0,0,0,152,40,38,0,1,0,35,26,27,0,0,58,0,0,0,0,46,46,46,0,0,0,0,0,0,0,30,0,0,0,0,0,0,0,8,0,0,0,0,0,0,0,0,20,21,34,0,0,35,35,0,0,0,0,0,0,0,0,0,79,0,0,32,0,0,0,0,0,0,0,0,0,0,49,0,0,0,42,146,0,0,0,0,0,0,27,0,0,0,56,0,0,0,0,0,0,157,0,0,71,0,0,0,113,0,54,65,64,59,46,45,46,69,68,0,0,52,152,152,0,0,0,0,15,0,0,0,0,0,0,0,0,74,0,73,71,0,0,0,0,0,40,0,0,0,0,62,0,53,90,67,63,0,0,0,82,0,8,0,4,0,0,11,9,0,7,5,0,0,0,0,0,42,0,0,0,0,0,0,0,0,0,35,0,0,0,32,0,0,0,0,24,121,0,37,39,0,0,0,0,41,0,0,0,0,0,0,0,0,0,27,0,0,0,0,0,0,0,0,0,0,0,0,0,0
HTNC,33,31,0,0,0,0,0,0,0,0,0,0,19,30,20,0,19,127,0,0,129,0,0,73,59,76,236,0,0,0,38,48,0,44,46,0,37,0,52,45,0,48,48,82,0,0,0,0,0,0,0,139,18,0,0,0,21,21,0,70,11,0,0,136,0,0,0,33,33,0,62,0,0,75,47,47,32,22,33,22,37,0,32,0,77,64,0,0,0,9,0,54,26,27,0,0,0,38,0,0,0,0,44,0,0,21,0,47,42,0,0,75,0,0,0,0,0,88,92,0,73,0,0,0,0,0,0,0,0,0,0,0,0,0,70,0,0,0,0,0,41,38,17,0,0,0,0,0,0,0,0,36,0,0,0,0,0,0,0,72,0,139,0,0,0,0,31,0,0,0,136,138,0,0,0,0,0,0,0,67,66,0,0,0,19,18,0,0,0,0,107,0,0,0,0,0,0,152,39,36,1,0,0,36,27,28,0,0,59,0,0,0,0,46,46,46,0,0,0,0,0,0,0,32,0,0,0,0,0,0,0,6,0,0,0,0,0,0,0,0,18,19,35,0,0,36,37,0,0,0,0,0,0,0,0,0,80,0,0,33,0,0,0,0,0,0,0,0,0,0,50,0,0,0,44,147,0,0,0,0,0,0,25,0,0,0,57,0,0,0,0,0,0,157,0,0,72,0,0,0,114,0,55,66,65,60,46,45,47,70,69,0,0,52,152,152,0,0,0,0,16,0,0,0,0,0,0,0,0,74,0,74,72,0,0,0,0,0,40,0,0,0,0,61,0,51,88,66,62,0,0,0,83,0,9,0,5,0,0,12,11,0,8,7,0,0,0,0,0,40,0,0,0,0,0,0,0,0,0,37,0,0,0,34,0,0,0,0,25,122,0,39,41,0,0,0,0,42,0,0,0,0,0,0,0,0,0,26,0,0,0,0,0,0,0,0,0,0,0,0,0,0
HTO,0,0,0,0,0,0,0,0,0,0,0,0,0,0,0,0,0,0,0,0,0,0,0,0,0,0,0,0,0,0,0,0,0,0,0,0,0,0,0,0,0,0,0,0,0,0,0,0,0,0,0,0,0,0,0,0,0,0,0,0,0,0,0,0,0,0,0,0,0,0,0,0,0,0,0,0,0,0,0,0,0,0,0,0,0,0,0,0,0,0,0,0,0,0,0,0,0,0,0,0,0,0,0,0,0,0,0,0,0,0,0,0,0,0,0,0,0,0,0,0,0,0,0,0,0,0,0,0,0,0,0,0,0,0,0,0,0,0,0,0,0,0,0,0,0,0,0,0,0,0,0,0,0,0,0,0,0,0,0,0,0,0,0,0,0,0,0,0,0,0,0,0,0,0,0,0,0,0,0,0,0,0,0,0,0,0,0,0,0,0,0,0,0,0,0,0,0,0,2,0,0,0,0,0,0,0,0,0,0,0,0,0,0,0,0,0,0,0,0,0,0,0,0,0,0,0,0,0,0,0,0,0,0,0,0,0,0,0,0,0,0,0,0,0,0,0,0,0,0,0,0,0,0,0,0,0,0,0,0,0,0,0,0,0,0,0,0,0,0,0,0,0,0,0,0,0,0,0,0,0,0,0,0,0,0,0,0,0,0,0,0,0,0,0,0,0,0,0,5,0,0,0,0,0,0,0,0,0,0,0,0,0,0,0,0,0,0,0,0,0,0,0,0,0,0,0,0,0,0,0,0,0,0,0,0,0,0,0,0,0,0,0,0,0,0,0,0,0,0,0,0,0,0,0,0,0,0,0,0,0,0,0,0,0,0,0,0,0,0,0,0,0,0,0,0,0,0,0,0,0,0,0,0,0,0,0,0,0,0,0,0,0,0,0,0,0,0,0,0,0,0,0,0,0,0,0,0,0,0,0,0,0,0,0,0,0,0,0,0,0,0,0
HVL,51,34,0,0,0,0,0,0,0,0,0,0,8,6,7,0,8,103,0,0,105,0,0,49,36,52,212,0,0,0,48,51,0,47,47,0,49,0,55,46,0,49,49,118,0,0,0,0,0,0,0,117,18,0,0,0,39,32,0,73,21,0,0,112,0,0,0,10,9,0,85,0,0,94,71,71,57,47,15,12,62,0,27,0,80,66,0,0,0,45,0,72,22,23,0,0,0,37,0,0,0,0,44,0,0,15,0,44,44,0,0,78,0,0,0,0,0,64,68,0,50,0,0,0,0,0,0,0,0,0,0,0,0,0,92,0,0,0,0,0,59,56,53,0,0,0,0,0,0,0,0,35,0,0,0,0,0,0,0,108,0,117,0,0,0,0,49,0,0,0,112,114,0,0,0,0,0,0,0,70,69,0,0,0,36,34,0,0,0,0,83,0,0,0,0,0,0,130,75,53,35,36,0,0,22,23,0,0,62,0,0,0,0,70,71,71,0,0,0,0,0,0,0,29,0,0,0,0,0,0,0,28,0,0,0,0,0,0,0,0,35,37,56,0,0,58,36,0,0,0,0,0,0,0,0,0,101,0,0,28,0,0,0,0,0,0,0,0,0,0,68,0,0,0,44,123,0,0,0,0,0,0,43,0,0,0,80,0,0,0,0,0,0,135,0,0,90,0,0,0,90,0,73,84,83,78,69,68,70,88,87,0,0,76,130,130,0,0,0,0,11,0,0,0,0,0,0,0,0,51,0,77,75,0,0,0,0,0,16,0,0,0,0,97,0,72,90,102,98,0,0,0,59,0,27,0,31,0,0,24,24,0,28,24,0,0,0,0,0,57,0,0,0,0,0,0,0,0,0,39,0,0,0,32,0,0,0,0,43,98,0,38,41,0,0,0,0,37,0,0,0,0,0,0,0,0,0,62,0,0,0,0,0,0,0,0,0,0,0,0,0,0
HVS,31,14,0,0,0,0,0,0,0,0,0,0,14,16,14,0,14,113,0,0,115,0,0,59,55,62,222,0,0,0,26,29,0,25,28,0,27,0,33,24,0,30,30,109,0,0,0,0,0,0,0,135,21,0,0,0,30,14,0,51,12,0,0,122,0,0,0,30,29,0,71,0,0,85,59,59,50,44,7,8,53,0,5,0,58,47,0,0,0,36,0,63,2,4,0,0,0,18,0,0,0,0,25,0,0,19,0,22,22,0,0,56,0,0,0,0,0,74,78,0,68,0,0,0,0,0,0,0,0,0,0,0,0,0,76,0,0,0,0,0,50,47,44,0,0,0,0,0,0,0,0,16,0,0,0,0,0,0,0,99,0,135,0,0,0,0,54,0,0,0,122,124,0,0,0,0,0,0,0,48,47,0,0,0,21,19,0,0,0,0,93,0,0,0,0,0,0,148,66,59,26,27,0,22,0,1,1,0,40,0,0,0,0,60,60,60,0,0,0,0,0,0,0,10,0,0,0,0,0,0,0,29,0,0,0,0,0,0,0,0,40,42,42,0,0,43,17,0,0,0,0,0,0,0,0,0,85,0,0,6,0,0,0,0,0,0,0,0,0,0,59,0,0,0,25,133,0,0,0,0,0,0,48,0,0,0,66,0,0,0,0,0,0,153,0,0,81,0,0,0,100,0,64,75,74,69,55,54,56,79,78,0,0,63,148,148,0,0,0,0,12,0,0,0,0,0,0,0,0,69,0,55,53,0,0,0,0,0,35,0,0,0,0,88,0,74,106,93,89,0,0,0,69,0,18,0,22,0,0,15,14,0,19,17,0,0,0,0,0,63,0,0,0,0,0,0,0,0,0,19,0,0,0,13,0,0,0,0,34,108,0,19,22,0,0,0,0,15,0,0,0,0,0,0,0,0,0,53,0,0,0,0,0,0,0,0,0,0,0,0,0,0
HVSM,30,13,0,0,0,0,0,0,0,0,0,0,15,17,15,0,15,114,0,0,116,0,0,60,55,63,223,0,0,0,25,28,0,24,27,0,26,0,32,23,0,29,29,110,0,0,0,0,0,0,0,135,22,0,0,0,31,15,0,50,13,0,0,123,0,0,0,30,30,0,72,0,0,86,60,60,51,45,8,9,54,0,4,0,57,45,0,0,0,37,0,64,1,3,0,0,0,17,0,0,0,0,23,0,0,20,0,21,21,0,0,55,0,0,0,0,0,75,79,0,68,0,0,0,0,0,0,0,0,0,0,0,0,0,76,0,0,0,0,0,51,48,45,0,0,0,0,0,0,0,0,15,0,0,0,0,0,0,0,100,0,135,0,0,0,0,55,0,0,0,123,125,0,0,0,0,0,0,0,47,46,0,0,0,21,20,0,0,0,0,94,0,0,0,0,0,0,148,67,60,27,28,0,23,1,0,0,0,39,0,0,0,0,61,60,60,0,0,0,0,0,0,0,9,0,0,0,0,0,0,0,30,0,0,0,0,0,0,0,0,41,43,43,0,0,44,16,0,0,0,0,0,0,0,0,0,85,0,0,5,0,0,0,0,0,0,0,0,0,0,60,0,0,0,24,134,0,0,0,0,0,0,49,0,0,0,67,0,0,0,0,0,0,154,0,0,82,0,0,0,101,0,65,76,75,70,56,54,56,80,79,0,0,63,148,148,0,0,0,0,13,0,0,0,0,0,0,0,0,70,0,54,52,0,0,0,0,0,36,0,0,0,0,89,0,75,107,94,90,0,0,0,70,0,19,0,23,0,0,16,15,0,20,19,0,0,0,0,0,64,0,0,0,0,0,0,0,0,0,18,0,0,0,12,0,0,0,0,35,109,0,18,21,0,0,0,0,14,0,0,0,0,0,0,0,0,0,54,0,0,0,0,0,0,0,0,0,0,0,0,0,0
HVSP,0,0,0,0,0,0,0,0,0,0,0,0,0,0,0,0,0,0,0,0,0,0,0,0,0,0,0,0,0,0,0,0,0,0,0,0,0,0,0,0,0,0,0,0,0,0,0,0,0,0,0,0,0,0,0,0,0,0,0,0,0,0,0,0,0,0,0,0,0,0,0,0,0,0,0,0,0,0,0,0,0,0,0,0,0,0,0,0,0,0,0,0,0,0,0,0,0,0,0,0,0,0,0,0,0,0,0,0,0,0,0,0,0,0,0,0,0,0,0,0,0,0,0,0,0,0,0,0,0,0,0,0,0,0,0,0,0,0,0,0,0,0,0,0,0,0,0,0,0,0,0,0,0,0,0,0,0,0,0,0,0,0,0,0,0,0,0,0,0,0,0,0,0,0,0,0,0,0,0,0,0,0,0,0,0,0,0,0,0,0,0,5,0,0,0,0,0,0,0,0,0,0,0,0,1,0,0,0,0,0,0,0,0,0,0,0,0,0,0,0,0,0,0,0,0,0,0,0,0,0,0,0,0,0,0,0,0,0,0,0,0,0,0,0,0,0,0,0,0,0,0,0,0,0,0,0,0,0,0,0,0,0,0,0,0,0,0,0,0,0,0,0,0,0,0,0,0,0,0,0,0,0,0,0,0,0,0,0,0,0,0,0,0,0,0,0,0,0,0,0,0,0,0,0,0,0,0,0,0,0,0,0,0,0,0,0,0,0,0,0,0,0,0,0,0,0,0,0,0,0,0,0,0,0,0,0,0,0,0,0,0,0,0,0,0,0,0,0,0,0,0,0,0,0,0,0,0,0,0,0,0,0,0,0,0,0,0,0,0,0,0,0,0,0,0,0,0,0,0,0,0,0,0,0,0,0,0,0,0,0,0,0,0,0,0,0,0,0,0,0,0,0,0,0,0,0,0,0,0,0,0,0,0,0,0,0,0,0,0,0,0,0
HWD,0,0,0,0,0,0,0,0,0,0,0,0,0,0,0,0,0,0,0,0,0,6,0,0,0,0,0,0,0,0,0,0,0,0,0,0,0,0,0,0,0,0,0,0,0,0,0,0,0,0,0,0,0,0,0,0,0,0,0,0,0,0,0,0,0,0,0,0,0,0,0,0,0,0,0,0,0,0,0,0,0,0,0,0,0,0,0,0,0,0,0,0,0,0,0,0,0,0,0,0,0,0,0,0,0,0,0,0,0,0,0,0,0,0,0,0,0,0,0,0,0,0,0,0,0,0,0,0,0,0,0,0,0,0,0,0,0,0,0,0,0,0,0,0,0,0,0,0,0,0,0,0,0,0,0,0,0,0,0,0,0,0,0,0,0,0,0,0,0,0,0,0,0,0,0,0,0,0,0,0,0,0,0,0,0,0,0,0,0,0,0,0,0,0,0,0,0,0,0,0,0,0,0,0,0,0,0,0,0,0,0,0,0,0,0,0,0,0,0,0,0,0,0,0,0,0,0,0,0,0,0,0,0,0,0,0,0,0,0,0,0,0,0,0,0,0,0,0,0,0,0,0,0,0,0,0,0,0,0,0,0,0,0,0,0,0,0,0,0,0,0,0,7,0,0,0,0,0,0,0,0,0,0,0,0,0,0,0,0,0,0,0,0,0,0,0,0,0,0,0,0,0,0,0,0,0,0,0,0,0,0,0,0,0,0,0,0,0,0,0,0,0,15,0,0,0,0,0,0,0,0,0,0,0,0,0,0,0,0,0,0,0,0,0,0,0,0,0,0,0,0,0,0,0,0,0,0,0,0,0,0,0,0,0,0,0,0,0,0,0,0,0,0,0,0,0,0,0,0,0,0,0,0,0,0,0,0,0,0,0,0,0,0,0,0,0,0,0,0,0,0,0,0,0,0,0,0,0,0,0,0,0,0,0,0,0,0,0,0,0,0,0
HWZB,26,21,0,0,0,0,0,0,0,0,0,0,49,56,48,0,49,153,0,0,155,0,0,99,86,102,262,0,0,0,21,11,0,15,9,0,22,0,7,16,0,7,7,125,0,0,0,0,0,0,0,164,59,0,0,0,38,29,0,11,41,0,0,162,0,0,0,63,63,0,63,0,0,86,59,59,61,63,47,42,61,0,35,0,21,13,0,0,0,68,0,83,33,31,0,0,0,17,0,0,0,0,12,0,0,59,0,18,21,0,0,16,0,0,0,0,0,114,118,0,98,0,0,0,0,0,0,0,0,0,0,0,0,0,64,0,0,0,0,0,70,70,76,0,0,0,0,0,0,0,0,19,0,0,0,0,0,0,0,131,0,164,0,0,0,0,79,0,0,0,162,164,0,0,0,0,0,0,0,8,7,0,0,0,34,34,0,0,0,0,133,0,0,0,0,0,0,177,98,85,58,59,0,62,40,39,0,0,0,0,0,0,0,63,61,61,0,0,0,0,0,0,0,25,0,0,0,0,0,0,0,56,0,0,0,0,0,0,0,0,68,69,42,0,0,43,18,0,0,0,0,0,0,0,0,0,69,0,0,34,0,0,0,0,0,0,0,0,0,0,79,0,0,0,11,173,0,0,0,0,0,0,74,0,0,0,61,0,0,0,0,0,0,183,0,0,82,0,0,0,140,0,84,76,75,80,51,51,52,80,79,0,0,59,177,177,0,0,0,0,46,0,0,0,0,0,0,0,0,100,0,15,13,0,0,0,0,0,68,0,0,0,0,120,0,94,138,125,121,0,0,0,109,0,50,0,54,0,0,53,40,0,51,44,0,0,0,0,0,89,0,0,0,0,0,0,0,0,0,15,0,0,0,22,0,0,0,0,57,148,0,17,13,0,0,0,0,25,0,0,0,0,0,0,0,0,0,85,0,0,0,0,0,0,0,0,0,0,0,0,0,0
HZE,0,0,0,0,0,0,0,0,0,0,0,0,0,0,0,0,0,0,0,0,0,0,0,0,0,0,0,0,0,0,0,0,0,0,0,0,0,0,0,0,0,0,0,0,0,0,0,0,0,0,0,0,0,0,0,0,0,0,0,0,0,0,0,0,0,0,0,0,0,0,0,0,0,0,0,0,0,0,0,0,0,0,0,0,0,0,0,0,0,0,0,0,0,0,0,0,0,0,0,0,0,0,0,0,0,0,0,0,0,0,0,0,0,0,0,0,0,0,0,0,0,0,0,0,0,0,0,0,0,0,0,0,0,0,0,0,0,0,0,0,0,0,0,0,0,0,0,0,0,0,5,0,0,0,0,0,0,0,0,0,0,0,0,0,0,0,0,0,0,0,0,0,0,0,0,0,0,0,0,0,0,0,0,0,0,0,0,0,0,0,0,0,0,0,0,0,0,0,0,0,0,0,0,0,0,0,0,0,0,0,0,0,0,0,0,0,0,0,0,0,0,0,0,0,0,0,0,0,0,0,0,0,0,0,0,0,0,0,0,0,0,0,0,0,0,0,0,0,0,0,0,0,0,0,0,0,0,12,0,0,0,0,0,0,0,0,0,0,0,0,0,0,0,0,0,0,0,0,0,0,0,0,0,0,0,0,0,0,0,0,0,0,0,0,0,0,0,0,0,0,0,0,0,0,0,0,0,0,0,0,0,0,0,0,0,0,0,0,0,0,0,0,0,0,0,0,0,0,0,0,0,0,0,0,0,0,0,0,0,0,0,0,0,0,0,0,0,0,0,0,0,0,0,0,0,0,0,0,0,0,0,0,0,0,0,0,0,0,0,0,0,0,0,0,0,0,0,0,0,0,0,0,0,0,0,0,0,0,0,0,0,0,0,0,0,0,0,0,0,0,0,0,0,0,0,0,0,0,0,0,0,0,0,0,0,0,0,0,0,0,0,0
IJT,0,0,0,0,0,0,0,0,0,0,0,0,0,0,0,0,0,0,0,0,0,0,0,0,0,0,0,0,0,0,0,0,0,0,0,0,0,0,0,0,0,0,0,0,0,0,0,0,0,0,0,0,0,0,0,0,0,0,0,0,0,0,0,0,0,0,0,0,0,0,0,0,0,0,0,0,0,0,0,0,0,0,0,0,0,0,0,0,0,0,0,0,0,0,0,0,0,0,0,0,0,0,0,0,0,0,0,0,0,0,0,0,0,0,0,0,0,0,0,0,0,0,0,0,0,0,0,0,0,0,0,0,0,0,0,0,0,0,0,0,0,0,0,0,0,0,0,0,0,0,0,0,0,0,0,0,0,0,0,0,0,0,0,0,0,0,0,0,0,0,0,0,0,0,0,0,0,0,0,0,0,0,0,0,0,0,0,0,0,0,0,0,0,0,0,0,0,0,0,0,0,0,0,0,0,0,0,0,0,0,0,0,0,0,0,0,0,0,0,0,0,0,0,0,0,0,0,0,0,0,0,0,0,0,0,0,0,0,0,0,0,0,0,0,0,0,0,0,0,0,0,0,0,0,0,0,0,0,0,0,0,0,0,0,0,0,0,0,0,0,0,0,0,0,0,0,0,0,0,0,0,0,0,0,0,0,0,0,0,0,0,0,0,0,0,0,0,0,0,0,0,0,0,0,0,0,0,0,0,0,0,0,0,0,0,0,0,0,0,0,0,0,0,0,4,0,0,0,0,0,0,0,0,0,0,0,0,0,0,0,0,0,0,0,0,0,0,0,0,0,0,0,0,0,0,0,0,0,0,0,0,0,0,0,0,0,0,0,0,0,0,0,0,0,0,0,0,0,0,0,0,0,0,0,0,0,0,0,0,0,0,0,0,0,14,0,0,0,0,0,0,0,0,0,0,0,0,0,0,0,0,0,0,0,0,0,0,0,0,0,0,0
KBD,0,0,0,0,0,0,0,0,0,0,0,0,0,0,0,0,0,0,0,0,0,0,0,0,0,0,0,0,0,0,0,0,0,0,0,0,0,0,0,0,0,0,0,0,0,0,0,0,0,0,0,0,0,0,0,0,0,0,0,0,0,0,0,0,0,0,0,0,0,0,0,0,0,0,0,0,0,0,0,0,0,0,0,0,0,0,0,0,0,0,0,0,0,0,0,0,0,0,0,0,0,0,0,0,0,0,0,0,0,0,0,0,0,0,0,0,0,0,0,0,0,0,0,0,0,0,0,0,0,0,0,0,0,0,0,0,0,0,0,0,0,0,0,0,0,0,0,0,0,0,0,0,0,0,0,0,0,0,0,0,0,0,0,0,0,0,0,0,0,0,0,0,0,0,0,0,0,0,0,0,0,0,0,0,0,0,0,0,0,0,0,0,0,0,0,0,0,0,0,0,0,0,0,0,0,0,0,0,0,0,0,0,0,0,0,0,0,0,0,0,0,8,0,0,0,0,0,0,0,0,0,0,0,0,0,0,0,0,0,0,0,0,0,0,0,0,0,0,0,0,0,0,0,0,0,0,0,0,0,0,0,0,0,0,0,0,0,0,0,0,0,0,0,0,0,0,0,0,0,0,0,0,0,0,0,0,0,0,0,0,4,0,0,0,0,0,0,0,0,0,0,0,0,0,0,0,0,0,0,0,0,0,0,0,0,0,0,0,0,0,0,0,0,0,0,0,0,0,0,0,0,0,0,0,0,0,0,0,0,0,0,0,0,0,0,0,0,0,0,0,0,0,0,0,0,0,0,0,0,0,0,0,0,0,0,0,0,0,0,0,0,0,0,0,0,0,0,0,0,0,0,0,0,0,0,0,0,0,0,0,0,0,0,0,0,0,0,0,0,0,0,0,0,0,0,0,0,0,0,0,0,0,0,0,0,0,0,0,0,0,0,0
KBK,0,0,0,0,0,0,0,0,0,0,0,0,0,0,0,0,0,0,0,0,0,0,0,10,0,0,0,0,0,0,0,0,0,0,0,0,0,0,0,0,0,0,0,0,0,0,0,0,0,0,0,0,0,0,0,0,0,0,0,0,0,0,0,0,0,0,0,0,0,0,0,0,0,0,0,0,0,0,0,0,0,0,0,0,0,0,0,0,0,0,0,0,0,0,0,0,0,0,0,0,0,0,0,0,0,0,0,0,0,0,0,0,0,0,0,0,0,0,0,0,0,0,0,0,0,0,0,0,0,0,0,0,0,0,0,0,0,0,0,0,0,0,0,0,0,0,0,0,0,0,0,0,0,0,0,0,0,0,0,0,0,0,0,0,0,0,0,0,0,0,0,0,0,0,0,0,0,0,0,0,0,0,0,0,0,0,0,0,0,0,0,0,0,0,0,0,0,0,0,0,0,0,0,0,0,0,0,0,0,0,0,0,0,0,0,0,0,0,0,0,0,0,0,0,0,0,0,0,0,0,0,0,0,0,0,0,0,0,0,0,0,0,0,0,0,0,0,0,0,0,0,0,0,0,0,0,0,0,0,0,0,0,0,0,0,0,0,0,0,0,0,0,0,0,0,0,0,0,0,0,0,0,0,0,0,0,0,0,0,0,0,0,0,0,0,0,0,0,0,0,0,0,0,0,0,0,0,0,0,0,0,0,0,0,0,0,0,0,0,0,0,0,0,0,0,0,0,0,0,0,0,0,0,0,0,0,0,0,0,0,0,0,0,0,0,0,0,0,0,0,0,0,0,0,0,0,0,0,0,0,0,0,0,0,0,0,0,0,0,0,0,0,0,0,0,0,0,0,0,0,0,0,0,0,0,0,0,0,0,0,0,0,0,0,0,0,0,0,0,0,0,0,0,0,0,0,0,0,0,0,0,0,0,10,0,0,0,0,0,0,0,0
KFH,57,56,0,0,0,0,0,0,0,0,0,0,63,65,64,0,63,153,0,0,153,0,0,103,104,106,227,0,0,0,59,65,0,64,66,0,58,0,65,64,0,66,66,29,0,0,0,0,0,0,0,184,54,0,0,0,47,47,0,64,51,0,0,157,0,0,0,79,78,0,21,0,0,4,6,6,16,29,64,64,9,0,63,0,73,73,0,0,0,46,0,14,61,62,0,0,0,63,0,0,0,0,65,0,0,57,0,63,61,0,0,69,0,0,0,0,0,118,121,0,118,0,0,0,0,0,0,0,0,0,0,0,0,0,31,0,0,0,0,0,23,23,47,0,0,0,0,0,0,0,0,63,0,0,0,0,0,0,0,35,0,184,0,0,0,0,47,0,0,0,158,160,0,0,0,0,0,0,0,63,62,0,0,0,39,41,0,0,0,0,135,0,0,0,0,0,0,197,51,51,46,46,0,70,60,61,0,0,63,0,0,0,0,0,3,3,0,0,0,0,0,0,0,62,0,0,0,0,0,0,0,45,0,0,0,0,0,0,0,0,47,46,22,0,0,20,63,0,0,0,0,0,0,0,0,0,42,0,0,64,0,0,0,0,0,0,0,0,0,0,16,0,0,0,65,169,0,0,0,0,0,0,46,0,0,0,16,0,0,0,0,0,0,201,0,0,7,0,0,0,142,0,14,13,14,15,15,14,15,9,10,0,0,13,197,197,0,0,0,0,60,0,0,0,0,0,0,0,0,120,0,68,66,0,0,0,0,0,85,0,0,0,0,45,0,44,110,39,43,0,0,0,113,0,46,0,46,0,0,48,48,0,46,46,0,0,0,0,0,51,0,0,0,0,0,0,0,0,0,60,0,0,0,62,0,0,0,0,35,149,0,63,64,0,0,0,0,62,0,0,0,0,0,0,0,0,0,46,0,0,0,0,0,0,0,0,0,0,0,0,0,0
KFHAN,56,55,0,0,0,0,0,0,0,0,0,0,63,65,64,0,63,153,0,0,154,0,0,104,105,107,226,0,0,0,58,63,0,62,64,0,57,0,63,62,0,65,65,31,0,0,0,0,0,0,0,184,54,0,0,0,46,46,0,62,51,0,0,157,0,0,0,79,79,0,19,0,0,1,3,3,18,31,63,63,11,0,62,0,71,71,0,0,0,47,0,12,61,62,0,0,0,62,0,0,0,0,64,0,0,57,0,62,60,0,0,67,0,0,0,0,0,118,121,0,119,0,0,0,0,0,0,0,0,0,0,0,0,0,29,0,0,0,0,0,21,22,48,0,0,0,0,0,0,0,0,62,0,0,0,0,0,0,0,38,0,184,0,0,0,0,49,0,0,0,159,161,0,0,0,0,0,0,0,60,60,0,0,0,39,41,0,0,0,0,136,0,0,0,0,0,0,197,53,53,46,46,0,71,60,60,0,0,61,0,0,0,0,3,0,0,0,0,0,0,0,0,0,61,0,0,0,0,0,0,0,46,0,0,0,0,0,0,0,0,48,48,20,0,0,19,62,0,0,0,0,0,0,0,0,0,39,0,0,63,0,0,0,0,0,0,0,0,0,0,14,0,0,0,64,170,0,0,0,0,0,0,48,0,0,0,13,0,0,0,0,0,0,202,0,0,5,0,0,0,143,0,12,10,11,12,12,12,12,6,8,0,0,10,197,197,0,0,0,0,60,0,0,0,0,0,0,0,0,120,0,65,64,0,0,0,0,0,86,0,0,0,0,48,0,46,112,42,46,0,0,0,114,0,46,0,46,0,0,48,48,0,46,46,0,0,0,0,0,54,0,0,0,0,0,0,0,0,0,58,0,0,0,61,0,0,0,0,35,150,0,62,62,0,0,0,0,61,0,0,0,0,0,0,0,0,0,48,0,0,0,0,0,0,0,0,0,0,0,0,0,0
KFHAZ,56,55,0,0,0,0,0,0,0,0,0,0,63,65,64,0,63,153,0,0,154,0,0,104,105,107,226,0,0,0,58,63,0,62,64,0,57,0,63,62,0,65,65,31,0,0,0,0,0,0,0,184,54,0,0,0,46,46,0,62,51,0,0,157,0,0,0,79,79,0,19,0,0,1,3,3,18,31,63,63,11,0,62,0,71,71,0,0,0,47,0,12,61,62,0,0,0,62,0,0,0,0,64,0,0,57,0,62,60,0,0,67,0,0,0,0,0,118,121,0,119,0,0,0,0,0,0,0,0,0,0,0,0,0,29,0,0,0,0,0,21,22,48,0,0,0,0,0,0,0,0,62,0,0,0,0,0,0,0,38,0,184,0,0,0,0,49,0,0,0,159,161,0,0,0,0,0,0,0,60,60,0,0,0,39,41,0,0,0,0,136,0,0,0,0,0,0,197,53,53,46,46,0,71,60,60,0,0,61,0,0,0,0,3,0,0,0,0,0,0,0,0,0,61,0,0,0,0,0,0,0,46,0,0,0,0,0,0,0,0,48,48,20,0,0,19,62,0,0,0,0,0,0,0,0,0,39,0,0,63,0,0,0,0,0,0,0,0,0,0,14,0,0,0,64,170,0,0,0,0,0,0,48,0,0,0,13,0,0,0,0,0,0,202,0,0,5,0,0,0,143,0,12,10,11,12,12,12,12,6,8,0,0,10,197,197,0,0,0,0,60,0,0,0,0,0,0,0,0,120,0,65,64,0,0,0,0,0,86,0,0,0,0,48,0,46,112,42,46,0,0,0,114,0,46,0,46,0,0,48,48,0,46,46,0,0,0,0,0,54,0,0,0,0,0,0,0,0,0,58,0,0,0,61,0,0,0,0,35,150,0,62,62,0,0,0,0,61,0,0,0,0,0,0,0,0,0,48,0,0,0,0,0,0,0,0,0,0,0,0,0,0
KLP,0,0,0,0,0,0,0,0,0,0,0,0,0,0,0,0,0,0,0,0,0,0,0,0,0,0,0,0,0,0,0,0,0,0,0,0,0,0,0,0,0,0,0,0,0,0,0,0,0,0,0,0,0,0,0,0,0,0,0,0,0,0,0,0,0,0,0,0,0,0,0,0,0,0,0,0,0,0,0,0,0,0,0,0,0,0,0,0,0,0,0,0,0,0,0,0,0,0,0,0,0,0,0,0,0,0,0,0,0,0,0,0,0,0,0,0,0,0,0,0,0,0,0,0,0,9,0,0,0,0,0,0,0,0,0,0,0,0,0,0,0,0,0,0,0,0,0,0,0,0,0,0,0,0,0,0,0,0,0,0,0,0,0,0,0,0,0,0,0,0,0,0,0,0,0,0,0,0,0,0,0,0,0,0,0,0,0,0,0,0,0,0,0,0,0,0,0,0,0,0,0,0,0,0,0,0,0,0,0,0,0,0,0,0,0,0,0,0,0,0,0,0,0,0,0,0,0,0,0,0,0,0,0,0,0,0,0,0,0,0,0,0,0,0,0,0,0,0,0,0,0,0,17,0,0,0,0,0,0,0,0,0,0,0,0,0,0,0,0,0,0,0,0,0,0,0,0,0,0,0,0,0,0,0,0,0,0,0,0,0,0,0,0,0,0,0,0,0,0,0,0,0,0,0,0,0,0,0,0,0,0,0,0,0,0,0,0,0,0,0,0,0,0,0,0,0,0,0,0,0,0,0,0,0,0,0,0,0,0,0,0,0,0,0,0,0,0,0,0,0,0,0,0,0,0,0,0,0,0,0,0,0,0,0,0,0,0,0,0,0,0,0,0,0,0,0,0,0,0,0,0,0,0,0,0,0,0,0,0,0,0,0,0,0,0,0,0,0,0,0,0,0,0,0,0,0,0,0,0,0,0,0,0,0,0,0,0,0,0,0,0,0
KMA,0,0,0,0,0,0,0,0,0,0,0,0,0,0,0,0,0,0,0,0,0,0,0,0,0,0,0,0,0,0,0,0,0,0,0,0,0,0,0,0,0,0,0,0,0,0,0,0,0,0,0,0,0,0,0,0,0,0,0,0,0,0,0,0,0,0,0,0,0,0,0,0,0,0,0,0,0,0,0,0,0,0,0,0,0,0,0,0,0,0,0,0,0,0,0,0,0,0,0,0,0,0,0,0,0,0,0,0,0,0,0,0,0,0,0,0,0,0,0,0,0,0,0,0,0,0,0,0,0,0,0,0,0,0,0,0,0,0,0,0,0,0,0,0,0,0,0,0,0,0,0,0,0,0,0,0,0,0,0,0,0,0,0,0,0,0,0,0,0,0,0,0,0,0,0,0,0,0,0,0,0,0,0,0,0,0,0,0,0,0,0,0,0,0,0,0,0,0,0,0,0,0,0,0,0,0,0,0,0,0,0,0,0,0,0,0,0,0,0,0,0,0,0,0,0,0,0,0,0,0,0,0,0,0,0,0,0,0,0,0,0,0,0,0,0,0,0,0,0,0,0,0,0,0,0,0,0,0,0,0,0,0,0,0,0,0,0,0,0,0,0,0,0,0,0,0,0,0,0,0,0,0,0,0,0,0,0,0,0,0,0,0,0,0,0,0,0,0,0,0,0,0,0,0,0,0,0,0,0,0,0,0,0,0,0,0,0,0,0,0,0,0,0,0,0,0,0,0,0,0,0,0,0,0,0,0,0,0,0,0,0,0,0,0,0,0,0,0,0,0,0,0,0,0,0,6,0,0,0,0,0,0,0,0,0,0,0,0,0,0,0,0,0,0,0,0,0,0,0,0,0,0,0,0,0,0,0,0,0,0,0,0,0,0,0,0,3,0,0,0,0,0,0,0,0,0,0,0,0,0,0,0,0,0,0,0,0,0,0,0,0,0
KMR,0,0,0,0,0,0,0,0,0,0,0,0,0,0,0,0,0,0,0,0,0,0,0,0,0,0,0,0,0,0,0,0,0,0,0,0,0,0,0,0,0,0,0,0,0,0,0,0,0,0,0,0,0,0,0,0,0,0,0,0,0,0,0,0,0,0,0,0,0,0,0,0,0,0,0,0,0,0,0,0,0,0,0,0,0,0,0,0,0,0,0,0,0,0,0,0,0,0,0,0,0,0,0,0,0,0,0,0,0,0,0,0,0,0,0,0,0,0,0,0,0,0,0,0,0,0,0,0,0,0,0,0,0,0,0,0,0,0,0,0,0,0,0,0,0,0,0,0,0,0,0,0,0,0,0,0,0,0,0,0,0,0,0,0,0,0,0,0,0,0,0,0,0,0,0,0,0,0,0,0,0,0,0,0,0,0,0,0,0,0,0,0,0,8,0,0,0,0,0,0,0,0,0,0,0,0,0,0,0,0,0,0,0,0,0,0,0,0,0,0,0,0,0,0,0,0,0,0,0,0,0,0,0,0,0,0,0,0,0,0,0,0,0,0,0,0,0,0,0,0,0,0,0,0,0,0,0,0,0,0,0,0,0,0,0,0,0,0,0,0,0,0,0,0,0,0,0,0,0,0,0,0,0,0,0,0,0,0,0,0,0,0,0,0,0,0,0,0,0,0,0,0,0,0,0,0,0,0,0,0,0,0,0,0,0,0,0,0,0,0,0,0,0,0,0,0,0,0,0,0,0,0,0,0,0,0,0,0,0,0,0,0,0,0,0,0,0,0,0,0,0,0,0,0,0,0,0,0,0,0,0,0,0,0,0,0,0,0,0,0,0,5,0,0,0,0,0,0,0,0,0,0,0,0,0,0,0,0,0,0,0,0,0,0,0,0,0,0,0,0,0,0,0,0,0,0,0,0,0,0,0,0,0,0,0,0,0,0,0,0,0,0
KPN,0,0,0,0,0,0,0,0,0,0,0,0,0,0,0,0,0,0,0,0,0,0,0,0,0,0,0,0,0,0,0,0,0,0,0,0,0,0,0,0,0,0,0,0,0,0,0,0,0,0,0,0,0,0,0,0,0,0,0,0,0,0,0,0,0,0,0,0,0,0,0,0,0,0,0,0,0,0,0,0,0,0,0,0,0,0,0,0,0,0,0,0,0,0,0,0,0,0,0,0,0,0,0,0,0,0,0,0,0,0,0,0,0,0,0,0,0,0,0,0,0,0,0,0,0,0,0,0,0,0,0,0,0,0,0,0,0,0,0,0,0,0,0,0,0,0,0,0,0,0,0,0,0,0,0,0,0,0,0,0,0,0,0,0,0,0,0,0,0,0,0,0,0,0,0,0,0,0,0,0,0,0,0,0,0,0,0,0,0,0,0,0,0,0,0,0,0,0,0,0,0,0,0,0,0,0,0,0,0,0,0,0,0,0,0,0,0,0,0,0,0,0,0,0,0,0,0,0,0,0,0,0,0,0,0,0,0,0,0,0,0,0,0,0,0,0,0,0,0,0,0,0,0,0,0,0,0,0,0,0,0,0,0,0,0,0,0,0,0,0,0,0,0,0,0,0,0,0,0,0,0,0,0,0,0,0,0,0,0,0,0,0,0,0,0,0,0,0,0,0,0,0,0,0,0,0,0,0,0,0,0,0,0,0,0,0,0,0,0,0,0,0,0,0,0,0,0,0,0,0,0,0,0,0,0,0,0,0,0,0,0,0,0,0,0,0,0,0,0,0,0,0,0,0,0,0,0,0,0,0,0,0,0,0,0,0,0,0,0,0,0,0,0,0,0,0,0,0,0,0,0,0,0,0,0,0,0,0,0,0,0,0,0,0,0,0,0,0,0,0,0,0,0,0,0,0,0,0,0,0,16,0,0,0,0,0,0,0,0,0,0,0
KRD,0,0,0,0,0,0,0,0,0,0,0,0,0,0,0,0,0,0,0,0,0,0,0,0,0,0,0,0,0,0,0,0,0,0,0,0,0,0,0,0,0,0,0,0,0,0,0,0,0,0,0,0,0,0,0,0,0,0,0,0,0,0,0,0,0,0,0,0,0,0,0,0,0,0,0,0,0,0,0,0,0,0,0,0,0,0,0,0,0,0,0,0,0,0,2,0,0,0,0,0,0,0,0,0,0,0,0,0,0,0,0,0,0,0,0,0,0,0,0,0,0,0,0,0,0,0,0,0,0,0,0,0,0,0,0,0,0,0,0,0,0,0,0,0,0,0,0,0,0,0,0,0,0,0,0,0,0,0,0,0,0,0,0,0,0,0,0,0,0,0,0,0,0,0,0,0,0,0,0,0,0,0,0,0,0,0,0,0,0,0,0,0,0,0,0,0,0,0,0,0,0,0,0,0,0,0,0,0,0,0,0,0,0,0,0,0,0,0,0,0,0,0,0,0,0,0,0,0,0,0,0,0,0,0,0,0,0,0,0,0,0,0,0,0,0,0,0,0,0,0,0,0,0,0,0,0,0,0,0,0,0,0,0,0,0,0,0,0,0,0,0,0,0,0,0,0,0,0,0,0,0,0,0,0,0,0,0,0,0,0,0,0,0,0,0,0,0,0,0,0,0,0,0,0,0,0,0,0,0,0,0,0,0,0,0,0,0,0,0,0,0,0,0,0,0,0,0,0,0,0,0,0,0,0,0,0,0,0,0,0,0,0,0,0,0,0,0,0,0,0,0,0,0,0,0,0,0,0,0,0,0,0,0,0,0,0,0,0,0,0,0,0,0,0,0,0,0,0,0,0,0,0,0,0,0,0,0,0,0,0,0,0,0,0,0,0,0,0,0,0,0,0,0,0,0,0,0,0,0,0,0,0,0,0,0,0,0,0,0,0,0,0
KRG,0,0,0,0,0,0,0,0,0,0,0,0,0,0,0,0,0,0,0,0,0,0,0,0,0,0,0,0,0,0,0,0,0,0,0,0,0,0,0,0,0,0,0,0,0,0,0,0,0,0,0,0,0,0,0,0,0,0,0,0,0,0,0,0,0,0,0,0,0,0,0,0,0,0,0,0,0,0,0,0,0,0,0,0,0,0,7,0,0,0,0,0,0,0,0,0,0,0,0,0,0,0,0,0,0,0,0,0,0,0,0,0,0,0,0,0,0,0,0,0,0,0,0,0,0,0,0,0,0,0,0,0,0,0,0,0,0,0,0,0,0,0,0,0,0,0,0,0,0,0,0,0,0,0,0,0,0,0,0,0,0,0,0,0,0,0,0,0,0,0,0,0,0,0,0,0,0,0,0,0,0,0,0,0,0,0,0,0,0,0,0,0,0,0,0,0,0,0,0,0,0,0,0,0,0,0,0,0,0,0,0,8,0,0,0,0,0,0,0,0,0,0,0,0,0,0,0,0,0,0,0,0,0,0,0,0,0,0,0,0,0,0,0,0,0,0,0,0,0,0,0,0,0,0,0,0,0,0,0,0,0,0,0,0,0,0,0,0,0,0,0,0,0,0,0,0,0,0,0,0,0,0,0,0,0,0,0,0,0,0,0,0,0,0,0,0,0,0,0,0,0,0,0,0,0,0,0,0,0,0,0,0,0,0,0,0,0,0,0,0,0,0,0,0,0,0,0,0,0,0,0,0,0,0,0,0,0,0,0,0,0,0,0,0,0,0,0,0,0,0,0,0,0,0,0,0,0,0,0,0,0,0,0,0,0,0,0,0,0,0,0,0,0,0,0,0,0,0,0,0,0,0,0,0,0,0,0,0,0,0,0,0,0,0,0,0,0,0,0,0,0,0,0,0,0,0,0,0,0,0,0,0,0,0,0,0,0,0,0,0,0,0
KTR,0,0,0,0,0,0,0,0,0,0,0,0,0,0,0,0,0,0,0,0,0,0,0,0,0,0,0,0,0,0,0,0,0,0,0,0,0,0,0,0,0,0,0,0,0,0,0,0,0,0,0,0,0,0,0,0,0,0,0,0,0,0,0,0,0,0,0,0,0,0,0,0,0,0,0,0,0,0,0,0,0,0,0,0,0,0,0,0,0,0,0,0,0,0,0,0,0,0,0,0,0,0,0,0,0,0,0,0,0,0,0,0,0,0,0,0,0,0,0,0,0,0,0,0,0,0,0,0,0,0,0,0,0,0,0,0,0,0,0,0,0,0,0,0,0,0,0,0,0,0,0,0,0,0,0,0,0,0,0,0,0,0,0,0,0,0,0,0,0,0,0,0,0,0,0,0,0,0,0,0,0,0,0,0,0,0,0,0,0,0,0,0,0,0,0,0,0,0,0,0,0,0,0,0,0,0,0,0,0,0,0,0,0,0,0,0,0,0,0,0,0,0,0,0,0,0,0,0,0,0,0,0,0,0,0,0,0,0,0,0,0,0,0,0,0,0,0,0,0,0,0,0,0,0,0,0,0,0,0,0,0,0,0,0,0,0,0,0,0,0,0,0,0,0,0,0,0,0,0,0,0,0,0,0,0,0,0,0,0,0,0,0,0,0,0,0,0,0,0,0,0,0,0,0,0,0,0,0,0,0,0,0,0,0,0,0,0,0,0,0,0,0,0,0,0,0,0,0,0,0,0,0,0,0,0,0,0,0,0,0,0,0,0,0,0,0,0,0,0,0,14,0,0,0,0,0,0,0,0,0,0,0,0,0,0,0,0,0,0,0,0,0,0,0,0,0,0,0,0,0,0,0,0,0,0,0,0,0,0,0,0,0,0,0,0,0,0,0,0,0,0,0,0,0,0,12,0,0,0,0,0,0,0,0,0,0,0,0,0,0,0,0
KV,8,7,0,0,0,0,0,0,0,0,0,0,24,25,24,0,24,107,0,0,108,0,0,61,62,63,165,0,0,0,10,16,0,13,18,0,9,0,20,11,0,20,20,81,0,0,0,0,0,0,0,141,20,0,0,0,15,16,0,33,20,0,0,113,0,0,0,38,38,0,71,0,0,61,60,60,54,51,17,17,57,0,6,0,35,37,0,0,0,40,0,51,8,7,0,0,0,8,0,0,0,0,15,0,0,20,0,10,10,0,0,34,0,0,0,0,0,73,77,0,74,0,0,0,0,0,0,0,0,0,0,0,0,0,74,0,0,0,0,0,40,39,48,0,0,0,0,0,0,0,0,6,0,0,0,0,0,0,0,80,0,141,0,0,0,0,63,0,0,0,116,118,0,0,0,0,0,0,0,32,30,0,0,0,23,22,0,0,0,0,91,0,0,0,0,0,0,154,69,68,30,32,0,29,10,9,0,0,25,0,0,0,0,62,61,61,0,0,0,0,0,0,0,0,0,0,0,0,0,0,0,38,0,0,0,0,0,0,0,0,49,50,42,0,0,44,7,0,0,0,0,0,0,0,0,0,82,0,0,5,0,0,0,0,0,0,0,0,0,0,49,0,0,0,15,126,0,0,0,0,0,0,57,0,0,0,66,0,0,0,0,0,0,160,0,0,60,0,0,0,97,0,53,58,59,57,55,54,56,59,59,0,0,63,154,154,0,0,0,0,22,0,0,0,0,0,0,0,0,76,0,34,34,0,0,0,0,0,43,0,0,0,0,82,0,82,116,81,81,0,0,0,69,0,23,0,26,0,0,21,21,0,24,25,0,0,0,0,0,72,0,0,0,0,0,0,0,0,0,10,0,0,0,3,0,0,0,0,27,103,0,9,12,0,0,0,0,3,0,0,0,0,0,0,0,0,0,56,0,0,0,0,0,0,0,0,0,0,0,0,0,0
KW,0,0,0,0,0,0,0,0,0,0,0,0,0,0,0,0,0,0,0,0,0,0,0,0,0,0,0,0,0,0,0,0,0,0,0,0,0,0,0,0,0,0,0,0,0,0,0,0,0,0,0,0,0,0,0,0,0,0,0,0,0,0,0,0,0,0,0,0,0,0,0,0,0,0,0,0,0,0,0,0,0,0,0,0,0,0,0,0,0,0,0,0,0,0,0,0,0,0,0,0,0,0,0,0,0,0,0,0,0,0,0,0,0,0,0,0,0,0,0,0,0,0,0,0,0,0,0,0,0,0,0,0,0,0,0,0,0,0,0,0,0,0,0,0,12,0,0,0,0,0,0,0,0,0,0,0,0,0,0,0,0,0,0,0,0,0,0,0,0,0,0,0,0,0,0,0,0,0,0,0,0,0,0,0,0,0,0,0,0,0,0,0,0,0,0,0,0,0,0,0,0,0,0,0,0,0,0,0,0,0,0,0,0,0,0,0,0,0,0,0,0,0,0,0,0,0,0,0,0,0,0,0,0,0,0,0,0,0,0,0,0,0,0,0,0,0,0,0,0,0,0,0,0,0,1,0,0,0,0,0,0,0,0,0,0,0,0,0,0,0,0,0,0,0,0,0,0,0,0,0,0,0,0,0,0,0,0,0,0,0,0,0,0,0,0,0,0,0,0,0,0,0,0,0,0,0,0,0,0,0,0,0,0,0,0,0,0,0,0,0,0,0,0,0,0,0,0,0,0,0,0,0,0,0,0,0,0,0,0,0,0,0,0,0,0,0,0,0,0,0,0,0,0,0,0,0,0,0,0,0,0,0,0,0,0,0,0,0,0,0,0,0,0,0,0,0,0,0,0,0,0,0,0,0,0,0,0,0,0,0,0,0,0,0,0,0,0,0,0,0,0,0,0,0,0,0,0,0,0,0,0,0,0,0,0,0,0,0,0,0,0,0
KZ,0,0,0,0,0,0,0,0,0,0,0,0,0,0,0,0,0,0,0,0,0,0,0,0,0,0,0,0,0,0,0,0,0,0,0,0,0,0,0,0,0,0,0,0,0,0,0,0,0,0,0,0,0,0,0,0,0,0,0,0,0,0,0,0,0,0,0,0,0,0,0,0,0,0,0,0,0,0,0,0,0,0,0,0,0,0,0,0,0,0,0,0,0,0,0,0,0,0,0,0,0,0,0,0,0,0,0,0,0,0,0,0,0,0,0,0,0,0,0,0,0,0,0,0,0,0,0,0,0,0,0,0,0,0,0,0,0,0,0,0,0,0,0,0,0,0,0,0,0,0,0,0,0,0,0,0,0,0,0,0,0,0,0,0,0,0,0,0,0,0,0,0,0,0,0,0,0,0,0,0,0,0,0,0,0,0,0,0,0,0,0,0,0,0,0,0,0,0,0,0,0,0,0,0,0,0,0,0,0,0,0,0,0,0,0,0,0,0,0,0,0,0,0,0,0,0,0,0,0,0,0,0,0,0,0,0,0,0,0,0,0,0,0,0,0,0,0,0,0,0,0,0,0,0,0,0,0,0,0,0,0,0,0,0,0,0,0,0,0,0,0,0,0,0,0,0,0,0,0,0,0,0,0,0,0,0,0,0,0,0,0,0,0,0,0,0,0,0,0,0,0,0,0,0,0,0,0,0,0,0,0,0,0,0,0,0,0,0,0,0,0,0,0,0,0,0,0,0,0,0,0,0,0,0,0,0,0,0,0,0,0,0,0,0,0,0,0,0,0,0,0,0,0,0,0,0,0,0,0,0,0,0,0,0,0,0,0,0,0,0,0,0,0,0,0,0,0,0,0,0,0,0,0,0,0,0,0,0,0,0,0,0,0,0,0,0,0,0,0,0,0,0,0,0,0,0,0,0,3,0,0,0,0,0,0,0,0,0,0,0,0,2
LAA,0,0,0,0,0,0,0,0,0,0,0,0,0,0,0,0,0,0,0,0,0,0,0,0,0,0,0,0,0,0,0,0,0,0,0,0,0,0,0,0,0,0,0,0,0,0,0,0,0,0,0,0,0,0,0,0,0,0,0,0,0,0,0,0,0,0,0,0,0,0,0,0,0,0,0,0,0,0,0,0,0,0,0,0,0,0,0,0,0,0,0,0,0,0,0,0,0,0,0,0,0,0,0,0,0,0,0,0,0,0,0,0,0,0,0,0,0,0,0,0,0,0,0,0,0,0,0,0,0,0,0,0,0,0,0,0,0,0,0,0,0,0,0,0,0,0,0,0,0,0,0,0,0,0,2,2,3,0,0,0,0,0,0,0,0,0,0,0,0,0,0,0,0,0,0,0,0,0,0,0,0,0,0,0,0,0,0,0,0,0,0,0,0,0,0,0,0,0,0,0,0,0,0,0,0,0,0,0,0,0,0,0,0,0,0,0,0,0,0,0,0,0,0,0,0,0,0,0,0,0,0,0,0,0,0,0,0,0,0,0,0,0,0,0,0,0,0,0,0,0,0,0,0,0,0,0,0,0,0,0,0,0,0,0,0,0,0,0,0,0,0,0,0,0,0,0,0,0,0,0,0,0,0,0,0,0,0,0,0,0,0,0,0,0,0,0,0,0,0,0,0,0,0,0,0,0,0,0,0,0,0,0,0,0,0,0,0,0,0,0,0,0,0,0,0,0,0,0,0,0,0,0,0,0,0,0,0,0,0,0,0,0,0,0,0,0,0,0,0,0,0,0,0,0,0,0,0,0,0,0,0,0,0,0,0,0,0,0,0,0,0,0,0,0,0,0,0,0,0,0,0,0,0,0,0,0,0,0,0,0,0,0,0,0,0,0,0,0,0,0,0,0,0,0,0,0,0,0,0,0,0,0,0,0,0,0,0,0,0,0,0,0
LC,0,0,0,0,0,0,0,0,0,0,0,0,0,0,0,0,0,0,0,0,0,0,0,0,0,0,0,0,0,0,0,0,0,0,0,0,0,0,0,0,0,0,0,0,0,0,0,0,0,0,0,0,0,0,0,0,0,0,0,0,0,0,0,0,0,0,0,0,0,0,0,0,0,0,0,0,0,0,0,0,0,0,0,0,0,0,0,0,0,0,0,0,0,0,0,0,0,0,0,0,0,0,0,0,0,0,0,0,0,0,0,0,0,0,0,0,0,0,0,0,0,0,0,0,0,0,0,0,0,0,0,0,0,0,0,0,0,0,0,0,0,0,0,0,0,0,0,0,0,15,0,0,0,0,0,0,0,0,0,0,0,0,0,0,0,0,0,0,0,0,0,0,0,0,0,0,0,0,0,0,0,0,0,0,0,0,0,0,0,0,0,0,0,0,0,0,0,0,0,0,0,0,0,0,0,0,0,0,0,0,0,0,0,0,0,0,0,0,0,0,0,0,0,0,0,0,0,0,0,0,0,0,0,0,0,0,0,0,0,0,0,0,0,0,0,0,0,0,0,0,0,0,0,0,0,0,0,0,0,0,0,0,0,0,0,0,0,0,0,0,0,0,0,0,0,0,0,0,0,0,0,0,0,0,0,0,0,0,0,0,0,0,0,0,0,0,0,0,0,0,0,0,0,0,0,0,0,0,0,0,0,0,0,0,0,0,0,0,0,0,0,0,0,0,0,0,0,0,0,0,0,0,0,0,0,0,0,0,0,0,0,0,0,0,0,0,0,0,0,0,0,0,0,0,0,0,0,0,0,0,0,0,0,0,0,0,0,0,0,0,0,0,0,0,0,0,0,0,0,0,0,0,0,0,0,0,0,0,0,0,0,0,0,0,0,0,0,0,0,0,0,0,0,0,0,0,0,0,0,0,0,0,0,19,0,0,0,0,0,0,0,0
LDL,0,0,0,0,0,0,0,0,0,0,0,0,0,0,0,0,0,0,0,0,0,0,0,0,0,0,0,14,0,0,0,0,0,0,0,0,0,0,0,0,0,0,0,0,0,0,0,0,0,0,0,0,0,0,0,0,0,0,0,0,0,0,0,0,0,0,0,0,0,0,0,0,0,0,0,0,0,0,0,0,0,0,0,0,0,0,0,0,0,0,0,0,0,0,0,0,0,0,0,0,0,0,0,0,0,0,0,0,0,0,0,0,0,0,0,0,0,0,0,0,0,0,0,0,0,0,0,0,0,0,0,0,0,0,0,0,0,0,0,0,0,0,0,0,0,0,0,0,0,0,0,0,0,0,0,0,0,0,0,0,0,0,0,0,0,0,0,0,0,0,0,0,0,0,0,0,0,0,0,0,0,0,0,0,0,0,0,0,0,0,0,0,0,0,0,0,0,0,0,0,0,0,0,0,0,0,0,0,0,0,0,0,0,0,0,0,0,0,0,0,0,0,0,0,0,0,0,0,0,0,3,0,0,0,0,0,0,0,0,0,0,0,0,0,0,0,0,0,0,0,0,0,0,0,0,0,0,0,0,0,0,0,0,0,0,0,0,0,0,0,0,0,0,0,0,0,0,0,0,0,0,0,0,0,0,0,0,0,0,0,0,0,0,0,0,0,0,0,0,0,0,0,0,0,0,0,0,0,0,0,0,0,0,0,0,0,0,0,0,0,0,0,0,0,0,0,0,0,0,0,0,0,0,0,0,0,0,0,0,0,0,0,0,0,0,0,0,0,0,0,0,0,0,0,0,0,0,0,0,0,0,0,0,0,0,0,0,0,0,0,0,0,0,0,0,0,0,0,0,0,0,0,0,0,0,0,0,0,0,0,0,0,0,0,0,0,0,0,0,0,0,0,0,0,0,0,0,0,0,0,0,0,0,0,0,0,0,0,0,0,0,0
LDM,0,0,0,0,0,0,0,0,0,0,0,0,0,0,0,0,0,0,0,0,0,0,0,0,0,0,0,0,0,0,0,0,0,0,0,0,0,0,0,0,0,0,0,0,0,0,0,0,0,0,0,0,0,0,0,0,0,0,0,0,0,0,0,0,0,0,0,0,0,0,0,0,0,0,0,0,0,0,0,0,0,0,0,0,0,0,0,0,0,0,0,0,0,0,0,0,0,0,0,0,0,0,0,0,0,0,0,0,0,0,0,0,0,0,0,0,0,0,0,0,0,0,0,0,0,0,0,0,0,0,0,0,0,0,0,0,0,0,0,0,0,0,15,0,0,0,0,0,0,0,0,0,13,0,0,0,0,0,0,0,0,0,0,0,0,0,0,0,0,0,0,0,0,0,0,0,0,0,0,0,0,0,0,0,0,0,0,0,0,0,0,0,0,0,0,0,0,0,0,0,0,0,0,0,0,0,0,0,0,0,0,0,0,0,0,0,0,0,0,0,0,0,0,0,0,0,0,0,0,0,0,0,0,0,0,0,0,0,0,0,0,0,0,0,0,0,0,0,0,0,0,0,0,0,0,0,0,0,0,0,0,0,0,0,0,0,0,0,0,0,0,0,0,0,0,0,0,0,0,0,0,0,0,0,0,0,0,0,0,0,0,0,0,0,0,0,0,0,0,0,0,0,0,0,0,0,0,0,0,0,0,0,0,0,0,0,0,0,0,0,0,0,0,0,0,0,0,0,0,0,0,0,0,0,0,0,0,0,0,0,0,0,0,0,0,0,0,0,0,0,0,0,0,0,0,0,0,0,0,0,0,0,0,0,0,0,0,0,0,0,0,0,0,0,0,0,0,0,0,0,0,0,0,0,0,0,0,0,0,0,0,0,0,0,0,0,0,0,0,0,0,0,0,0,0,0,0,0,0,0,0,0,0,0,0,0,0,0,0,0,0,0
LEDN,0,0,0,0,0,0,0,0,0,0,0,0,0,0,0,0,0,0,0,0,0,0,0,0,0,0,0,0,0,0,0,0,0,0,0,0,0,0,0,0,0,0,0,0,0,0,0,0,0,0,0,0,0,0,0,0,0,0,0,0,0,0,0,0,0,0,0,0,0,0,0,0,0,0,0,0,0,0,0,0,0,0,0,0,0,0,0,0,0,0,0,0,0,0,0,0,0,0,0,0,0,0,0,0,0,0,0,0,0,0,0,0,0,0,0,0,0,0,0,0,0,0,3,0,0,0,0,0,0,0,0,0,0,0,0,0,0,0,0,0,0,0,0,0,0,0,0,0,0,0,0,0,0,0,0,0,0,0,0,0,0,0,0,0,0,0,0,0,0,0,0,0,0,0,0,0,0,0,0,0,0,0,0,0,0,0,0,0,0,0,0,0,0,0,0,0,0,0,0,0,0,0,0,0,0,0,0,0,0,0,0,0,0,0,0,0,0,0,0,0,0,0,0,0,0,0,0,0,3,0,0,0,0,0,0,0,0,0,0,0,0,0,0,0,0,0,0,0,0,0,0,0,0,0,0,0,0,0,0,0,0,0,0,0,0,0,0,0,0,0,0,0,0,0,0,0,0,0,0,0,0,0,0,0,0,0,0,0,0,0,0,0,0,0,0,0,0,0,0,0,0,0,0,0,0,0,0,0,0,0,0,0,0,0,0,0,0,0,0,0,0,0,0,0,0,0,0,0,0,0,0,0,0,0,7,0,0,0,0,0,0,0,0,0,0,0,0,0,0,0,0,0,0,0,0,0,0,0,0,0,0,0,0,0,0,0,0,0,0,0,8,0,0,0,0,0,0,0,0,0,0,0,0,0,0,0,0,0,0,0,0,0,0,0,0,0,0,0,0,0,0,0,0,0,0,0,0,0,0,0,0,0,0,0,0,0,0,0,0,0,0,0
LEK,38,37,0,0,0,0,0,0,0,0,0,0,22,24,23,0,22,108,0,0,108,0,0,59,59,61,188,0,0,0,42,50,0,48,52,0,41,0,53,46,0,54,54,51,0,0,0,0,0,0,0,138,18,0,0,0,27,27,0,63,17,0,0,111,0,0,0,35,34,0,63,0,0,47,47,47,30,19,27,27,36,0,33,0,68,69,0,0,0,2,0,43,31,33,0,0,0,44,0,0,0,0,50,0,0,19,0,45,44,0,0,66,0,0,0,0,0,73,76,0,73,0,0,0,0,0,0,0,0,0,0,0,0,0,71,0,0,0,0,0,35,32,10,0,0,0,0,0,0,0,0,42,0,0,0,0,0,0,0,47,0,138,0,0,0,0,25,0,0,0,113,115,0,0,0,0,0,0,0,61,59,0,0,0,23,23,0,0,0,0,90,0,0,0,0,0,0,152,31,30,8,6,0,28,29,30,0,0,56,0,0,0,0,45,46,46,0,0,0,0,0,0,0,38,0,0,0,0,0,0,0,0,0,0,0,0,0,0,0,0,12,13,37,0,0,38,43,0,0,0,0,0,0,0,0,0,81,0,0,35,0,0,0,0,0,0,0,0,0,0,40,0,0,0,50,124,0,0,0,0,0,0,19,0,0,0,57,0,0,0,0,0,0,156,0,0,47,0,0,0,97,0,45,50,51,50,48,46,48,48,48,0,0,53,152,152,0,0,0,0,21,0,0,0,0,0,0,0,0,75,0,65,64,0,0,0,0,0,41,0,0,0,0,46,0,46,83,46,46,0,0,0,68,0,15,0,12,0,0,17,17,0,14,13,0,0,0,0,0,34,0,0,0,0,0,0,0,0,0,43,0,0,0,40,0,0,0,0,25,104,0,45,47,0,0,0,0,40,0,0,0,0,0,0,0,0,0,18,0,0,0,0,0,0,0,0,0,0,0,0,0,0
LG,0,0,0,0,0,0,0,0,0,0,0,0,0,0,0,0,0,0,0,0,0,0,0,0,0,0,0,0,0,0,0,0,0,0,0,0,0,0,0,0,0,0,0,0,0,0,0,0,0,0,0,0,0,0,0,0,0,0,0,0,0,0,0,0,0,0,0,0,0,0,0,0,0,0,0,0,0,0,0,0,0,0,0,0,0,0,0,0,0,0,0,0,0,0,0,0,0,0,0,0,0,0,0,0,0,0,0,0,0,0,0,0,0,0,0,0,0,0,0,0,0,0,0,0,0,0,0,3,0,0,0,0,0,0,0,0,0,0,0,0,0,0,0,0,0,0,0,0,0,0,0,0,0,0,0,0,0,0,0,0,0,0,0,0,0,0,0,0,0,0,0,0,0,0,0,0,0,0,0,0,0,0,0,0,0,0,0,0,0,0,0,0,0,4,0,0,0,0,0,0,0,0,0,0,0,0,0,0,0,0,0,0,0,0,0,0,0,0,0,0,0,0,0,0,0,0,0,0,0,0,0,0,0,0,0,0,0,0,0,0,0,0,0,0,0,0,0,0,0,0,0,0,0,0,0,0,0,0,0,0,0,0,0,0,0,0,0,0,0,0,0,0,0,0,0,0,0,0,0,0,0,0,0,0,0,0,0,0,0,0,0,0,0,0,0,0,0,0,0,0,0,0,0,0,0,0,0,0,0,0,0,0,0,0,0,0,0,0,0,0,0,0,0,0,0,0,0,0,0,0,0,0,0,0,0,0,0,0,0,0,0,0,0,0,0,0,0,0,0,0,0,0,0,0,0,0,0,0,0,0,0,0,0,0,0,0,0,0,0,0,0,0,0,0,0,0,0,0,0,0,0,0,0,0,0,0,0,0,0,0,0,0,0,0,0,0,0,0,0,0,0,0,0,0,0,0,0,0,0,0,0,0,0,0,0,0,0,0,0,0,0,0
LLS,0,0,0,0,0,0,0,0,0,0,20,0,0,0,0,0,0,0,0,0,0,0,0,0,0,0,0,0,0,0,0,0,0,0,0,0,0,0,0,0,0,0,0,0,0,0,0,0,0,0,0,0,0,0,0,0,0,0,0,0,0,0,0,0,0,0,0,0,0,0,0,0,0,0,0,0,0,0,0,0,0,0,0,0,0,0,0,0,0,0,0,0,0,0,0,0,0,0,0,0,0,0,0,0,0,0,0,0,0,0,0,0,21,0,0,0,0,0,0,0,0,0,0,0,0,0,0,0,0,0,0,0,0,0,0,0,0,0,0,0,0,0,0,0,0,0,0,0,0,0,0,0,0,0,0,0,0,0,0,0,0,0,0,0,0,0,0,0,0,0,0,0,0,0,0,0,0,0,0,0,0,0,0,0,0,0,0,0,0,0,0,0,0,0,0,0,0,0,0,0,0,0,0,0,0,0,0,0,0,0,0,0,0,0,0,0,0,0,0,0,0,0,0,0,0,0,0,0,0,0,0,0,0,0,0,0,0,0,0,0,0,0,0,0,0,0,0,0,0,0,0,0,0,0,0,0,0,0,0,0,0,0,0,0,0,0,0,0,0,0,0,0,0,0,0,0,0,0,0,0,0,0,0,0,0,0,0,0,0,0,0,0,0,0,0,0,0,0,0,0,0,0,0,0,0,0,0,0,0,0,0,0,0,0,0,0,0,0,0,0,0,0,0,0,0,0,0,0,0,0,0,0,0,0,0,0,0,0,0,0,0,0,0,0,0,0,0,0,0,0,0,0,0,0,0,0,0,0,0,0,0,0,0,0,0,0,0,0,0,0,0,0,0,0,0,0,0,0,0,0,0,0,0,0,0,0,0,0,0,0,0,0,0,0,0,0,0,0,0,0,0,0,0,0,0,0,0,0,0,0,0,0,0,0,0,0,0,0,0,0,0,0
LP,0,0,0,0,0,0,0,0,0,0,0,0,0,0,0,0,0,0,0,0,0,0,0,0,0,0,9,0,0,0,0,0,0,0,0,0,0,0,0,0,0,0,0,0,0,0,0,0,0,0,0,0,0,0,0,0,0,0,0,0,0,0,0,0,0,0,0,0,0,0,0,0,0,0,0,0,0,0,0,0,0,0,0,0,0,0,0,0,0,0,0,0,0,0,0,0,0,0,0,0,0,0,0,0,0,0,0,0,0,0,0,0,0,0,0,0,0,0,0,0,0,0,0,0,0,0,0,0,0,0,0,0,0,0,0,0,0,0,0,0,0,0,0,0,0,0,0,0,0,0,0,0,0,0,0,0,0,0,0,0,0,0,0,0,0,0,0,0,0,0,0,0,0,0,0,0,0,0,0,0,0,0,0,0,0,0,0,0,0,0,0,0,0,0,0,0,0,0,0,0,0,0,0,0,0,0,0,0,0,0,0,0,0,0,0,0,0,0,0,0,0,0,0,0,0,0,0,0,0,0,0,0,0,0,0,0,0,0,0,0,0,0,0,0,0,0,0,0,0,0,0,0,0,0,0,0,0,0,0,0,0,0,0,0,0,0,0,0,0,0,0,0,0,0,0,0,0,0,0,0,0,0,0,0,0,0,0,0,0,0,0,0,0,0,0,0,0,0,0,0,0,0,0,0,0,0,0,0,0,0,0,0,0,0,0,0,0,0,0,0,0,0,0,0,0,0,0,0,0,0,0,0,0,0,0,0,0,5,0,0,0,0,0,0,0,0,0,0,0,0,0,0,0,0,0,0,0,0,0,0,0,0,0,0,0,0,0,0,0,0,0,0,0,0,0,0,0,0,0,0,0,0,0,0,0,0,0,0,0,0,0,0,0,0,0,0,0,0,0,0,0,0,0,0,0,0,0,0,0,0,0,0,0,0,0,0,0,0,0,0,0,0
LTN,0,0,0,0,0,0,0,0,0,0,0,0,0,0,0,0,0,0,0,0,0,0,0,0,0,0,0,0,0,0,0,0,0,0,0,0,0,0,0,0,0,0,0,0,0,0,0,0,0,0,0,0,0,0,0,0,0,0,0,0,0,0,0,0,0,0,0,0,0,6,0,0,0,0,0,0,0,0,0,0,0,0,0,0,0,0,0,0,0,0,0,0,0,0,0,0,0,0,0,0,0,0,0,0,0,0,0,0,0,0,0,0,0,0,0,0,0,0,0,0,0,0,0,0,0,0,7,0,0,0,0,0,0,0,0,0,0,0,0,0,0,0,0,0,0,0,0,0,0,0,0,0,0,0,0,0,0,0,0,0,0,0,0,0,0,0,0,0,0,0,0,0,0,0,0,0,0,0,0,0,0,0,0,0,0,0,0,0,0,0,0,0,0,0,0,0,0,0,0,0,0,0,0,0,0,0,0,0,0,0,0,0,0,0,0,0,0,0,0,0,0,0,0,0,0,0,0,0,0,0,0,0,0,0,0,0,0,0,0,0,0,0,0,0,0,0,0,0,0,0,0,0,0,0,0,0,0,0,0,0,0,0,0,0,0,0,0,0,0,0,0,0,0,0,0,0,0,0,0,0,0,0,0,0,0,0,0,0,0,0,0,0,0,0,0,0,0,0,0,0,0,0,0,0,0,0,0,0,0,0,0,0,0,0,0,0,0,0,0,0,0,0,0,0,0,0,0,0,0,0,0,0,0,0,0,0,0,0,0,0,0,0,0,0,0,0,0,0,0,0,0,0,0,0,0,0,0,0,0,0,0,0,0,0,0,0,0,0,0,0,0,0,0,0,0,0,0,0,0,0,0,0,0,0,0,0,0,0,0,0,0,0,0,0,0,0,0,0,0,0,0,0,0,0,0,0,0,0,0,0,0,0,0,0,0,0,0,0,0,0,0,0
LTV,0,0,0,0,0,0,0,0,0,0,0,0,0,0,0,0,0,0,0,0,0,0,0,0,0,0,0,0,0,0,0,0,0,0,0,0,0,0,0,0,0,0,0,0,0,0,0,0,0,0,0,0,0,0,0,0,0,0,0,0,0,0,0,0,0,0,0,0,0,0,0,0,0,0,0,0,0,0,0,0,0,0,0,0,0,0,0,0,0,0,0,0,0,0,0,0,0,0,0,0,0,0,0,0,0,0,0,0,0,0,0,0,0,0,0,0,0,0,0,0,0,0,0,0,0,0,0,0,0,0,0,0,0,0,0,0,0,0,0,0,0,0,0,0,0,0,0,0,0,0,0,0,0,0,0,0,0,0,0,0,0,0,0,0,0,0,0,0,0,0,0,0,0,0,0,0,0,0,0,0,0,0,0,0,0,0,0,0,0,0,0,0,0,0,0,0,0,0,0,0,0,0,0,0,0,0,0,0,0,0,0,0,0,0,0,0,0,0,0,0,0,0,0,0,0,0,0,0,0,0,0,0,0,0,0,0,0,0,0,0,0,0,0,0,0,0,0,0,0,0,0,0,0,0,0,0,0,0,0,0,0,0,0,0,0,0,0,0,0,0,0,0,0,0,0,0,0,0,0,0,0,0,0,0,0,0,0,0,0,0,0,0,0,0,0,15,0,0,0,0,0,0,0,0,0,0,0,0,0,0,0,0,0,0,0,0,0,0,0,0,0,0,0,0,0,0,0,0,0,0,0,0,0,0,0,0,0,0,0,0,0,0,0,0,0,0,0,0,0,0,0,0,0,0,0,0,0,0,0,0,0,0,0,0,0,0,0,0,0,0,0,0,0,0,0,0,0,0,0,0,0,0,0,0,0,0,0,0,0,0,0,0,0,0,0,0,0,0,0,0,0,0,0,11,0,0,0,0,0,0,0,0,0,0,0,0,0,0,0,0,0,0
LUT,0,0,0,0,0,0,0,0,0,0,0,0,0,0,0,0,0,0,0,0,0,0,0,0,0,0,0,0,0,0,0,0,0,0,0,0,0,0,0,0,0,0,0,0,0,0,0,0,0,0,0,0,0,5,0,0,0,0,0,0,0,0,0,0,0,0,0,0,0,0,0,0,0,0,0,0,0,0,0,0,0,0,0,0,0,0,0,0,0,0,0,0,0,0,0,0,0,0,0,0,0,0,0,0,0,0,0,0,0,0,0,0,0,0,0,0,0,0,0,0,0,0,0,0,0,0,0,0,0,0,0,0,0,0,0,0,0,0,0,0,0,0,0,0,0,0,0,0,0,0,0,0,0,0,0,0,0,0,0,0,0,0,0,0,0,0,0,0,0,0,0,0,0,0,0,0,0,0,0,0,0,0,0,0,0,0,0,0,0,0,0,0,0,0,0,0,0,0,0,0,0,0,0,0,0,0,0,0,0,0,0,0,0,0,0,0,0,0,0,0,0,0,0,0,0,0,0,0,0,0,0,0,0,0,0,0,0,0,0,0,0,0,0,0,0,0,0,0,0,0,0,0,0,0,0,0,0,0,0,0,0,0,0,0,0,0,0,0,0,0,0,0,0,0,0,0,0,0,0,0,0,0,0,0,0,0,0,0,0,0,0,0,0,0,0,0,0,0,0,0,0,0,0,0,0,0,0,0,0,0,0,0,0,0,0,0,0,0,0,0,0,0,0,0,0,0,0,0,0,0,0,0,0,0,0,0,4,0,0,0,0,0,0,0,0,0,0,0,0,0,0,0,0,0,0,0,0,0,0,0,0,0,0,0,0,0,0,0,0,0,0,0,0,0,0,0,0,0,0,0,0,0,0,0,0,0,0,0,0,0,0,0,0,0,0,0,0,0,0,0,0,0,0,0,0,0,0,0,0,0,0,0,0,0,0,0,0,0,0,0,0,0
LW,0,0,0,0,0,0,0,0,0,0,0,0,0,0,0,0,0,0,0,0,0,0,0,0,0,0,0,0,0,0,0,0,0,0,0,0,0,0,0,0,0,0,0,0,0,0,0,0,0,0,0,0,0,0,0,0,0,0,0,0,0,0,0,0,0,0,0,0,0,0,0,0,0,0,0,0,0,0,0,0,0,0,0,0,0,0,0,0,0,0,0,0,0,0,0,0,0,0,0,0,0,5,0,0,0,0,0,0,0,0,0,0,0,0,0,0,0,0,0,0,0,0,0,0,0,0,0,0,0,0,0,0,0,0,0,0,0,0,0,0,0,0,0,0,0,0,0,0,0,0,0,0,0,0,0,0,0,0,14,0,0,0,0,0,0,12,0,0,0,0,0,0,0,0,0,0,0,0,0,0,0,0,0,0,0,0,0,0,0,0,0,0,0,0,0,0,0,0,0,0,0,0,0,0,0,0,0,0,0,0,0,0,0,0,0,0,0,0,0,0,0,0,0,0,0,0,0,0,0,0,0,0,0,0,0,0,0,0,0,0,0,0,0,0,0,0,0,0,11,0,0,0,0,0,0,0,0,0,0,0,0,0,0,0,0,0,0,0,0,0,0,0,0,0,0,0,0,0,0,0,0,0,0,0,0,0,0,0,0,0,0,0,0,0,0,0,0,0,0,0,0,0,0,0,0,0,0,0,0,0,0,0,0,0,0,0,0,0,0,0,0,0,0,0,0,0,0,0,0,0,0,0,0,0,0,0,0,0,0,0,0,0,0,0,0,0,0,0,0,0,0,0,0,0,0,0,0,0,0,0,0,0,0,0,0,0,0,0,0,0,0,0,0,0,0,0,0,0,0,0,0,0,0,0,0,0,0,0,0,0,0,0,0,0,0,0,0,0,0,0,0,0,0,0,0,0,0,0,0,0,0,0,0,0,0,0,0,0,0,0,0,0
MAS,0,0,0,0,0,0,0,0,0,0,0,0,0,0,0,0,0,0,0,0,0,0,0,0,0,0,0,0,0,0,0,0,0,0,0,0,0,0,0,0,0,0,0,0,0,0,0,0,0,0,0,0,0,0,0,0,6,0,0,0,0,0,0,0,0,0,0,0,0,0,0,0,0,0,0,0,0,0,0,0,0,0,0,0,0,0,0,0,0,0,0,0,0,0,0,0,0,0,0,0,0,0,0,0,0,0,0,0,0,0,0,0,0,0,0,0,0,0,0,0,0,0,0,0,0,0,0,0,0,0,0,0,0,0,0,0,0,0,0,0,0,0,0,0,0,0,0,0,0,0,0,0,0,0,0,0,0,0,0,0,0,0,0,0,0,0,0,0,0,0,0,0,0,0,0,0,0,0,0,0,0,0,0,0,0,0,0,0,0,0,0,0,0,0,0,0,0,0,0,0,0,0,0,0,0,0,0,0,0,0,0,0,0,0,0,0,0,0,0,0,0,0,0,0,0,0,0,0,0,0,0,0,0,0,0,0,0,0,0,0,0,0,0,0,0,0,0,0,0,0,0,0,0,0,0,0,0,0,0,0,0,0,0,0,0,0,0,0,0,0,0,0,0,0,0,0,0,0,0,0,0,0,0,0,0,0,0,0,0,0,0,0,0,0,0,0,0,0,0,0,0,0,0,0,0,0,0,0,0,0,0,0,0,0,0,0,0,0,0,0,0,0,0,0,0,0,0,0,0,0,0,0,0,0,0,0,0,0,0,0,0,0,0,0,0,0,0,0,0,0,0,0,0,0,0,0,0,0,0,0,0,0,0,0,6,0,0,0,0,0,0,0,0,0,0,0,0,0,0,0,0,0,0,0,0,0,0,0,0,0,0,0,0,0,0,0,0,0,0,0,0,0,0,0,0,0,0,0,0,0,0,0,0,0,0,0,0,0,0,0,0,0
MBTWAN,50,49,0,0,0,0,0,0,0,0,0,0,31,32,33,0,31,109,0,0,109,0,0,61,61,63,194,0,0,0,54,62,0,59,64,0,52,0,65,58,0,66,66,46,0,0,0,0,0,0,0,138,29,0,0,0,39,38,0,74,29,0,0,112,0,0,0,40,39,0,67,0,0,49,50,50,31,18,38,37,37,0,45,0,80,81,0,0,0,9,0,48,43,44,0,0,0,55,0,0,0,0,61,0,0,30,0,57,56,0,0,77,0,0,0,0,0,74,77,0,75,0,0,0,0,0,0,0,0,0,0,0,0,0,76,0,0,0,0,0,42,40,1,0,0,0,0,0,0,0,0,54,0,0,0,0,0,0,0,40,0,138,0,0,0,0,14,0,0,0,113,115,0,0,0,0,0,0,0,72,70,0,0,0,34,34,0,0,0,0,91,0,0,0,0,0,0,151,20,19,20,18,0,35,40,41,0,0,68,0,0,0,0,47,48,48,0,0,0,0,0,0,0,49,0,0,0,0,0,0,0,12,0,0,0,0,0,0,0,0,0,2,44,0,0,45,54,0,0,0,0,0,0,0,0,0,86,0,0,46,0,0,0,0,0,0,0,0,0,0,46,0,0,0,62,124,0,0,0,0,0,0,8,0,0,0,61,0,0,0,0,0,0,155,0,0,51,0,0,0,98,0,50,54,55,55,53,51,53,52,52,0,0,57,151,151,0,0,0,0,31,0,0,0,0,0,0,0,0,76,0,76,75,0,0,0,0,0,46,0,0,0,0,37,0,37,72,38,37,0,0,0,70,0,27,0,24,0,0,29,29,0,25,24,0,0,0,0,0,23,0,0,0,0,0,0,0,0,0,55,0,0,0,51,0,0,0,0,35,105,0,56,59,0,0,0,0,52,0,0,0,0,0,0,0,0,0,7,0,0,0,0,0,0,0,0,0,0,0,0,0,0
MBTWAZ,51,50,0,0,0,0,0,0,0,0,0,0,33,34,34,0,33,110,0,0,110,0,0,62,63,65,196,0,0,0,55,63,0,61,65,0,53,0,66,59,0,67,67,44,0,0,0,0,0,0,0,139,31,0,0,0,40,39,0,75,30,0,0,113,0,0,0,41,41,0,66,0,0,49,50,50,30,17,39,39,37,0,46,0,81,82,0,0,0,10,0,48,44,46,0,0,0,57,0,0,0,0,63,0,0,32,0,58,57,0,0,78,0,0,0,0,0,76,79,0,77,0,0,0,0,0,0,0,0,0,0,0,0,0,75,0,0,0,0,0,42,40,3,0,0,0,0,0,0,0,0,55,0,0,0,0,0,0,0,38,0,139,0,0,0,0,12,0,0,0,114,116,0,0,0,0,0,0,0,73,71,0,0,0,35,35,0,0,0,0,93,0,0,0,0,0,0,152,19,18,21,19,0,37,42,43,0,0,69,0,0,0,0,46,48,48,0,0,0,0,0,0,0,50,0,0,0,0,0,0,0,13,0,0,0,0,0,0,0,0,2,0,44,0,0,45,56,0,0,0,0,0,0,0,0,0,86,0,0,48,0,0,0,0,0,0,0,0,0,0,46,0,0,0,63,125,0,0,0,0,0,0,6,0,0,0,60,0,0,0,0,0,0,156,0,0,50,0,0,0,100,0,50,53,55,54,52,51,53,51,52,0,0,56,152,152,0,0,0,0,32,0,0,0,0,0,0,0,0,78,0,77,76,0,0,0,0,0,47,0,0,0,0,35,0,35,72,36,35,0,0,0,71,0,28,0,25,0,0,30,30,0,27,26,0,0,0,0,0,22,0,0,0,0,0,0,0,0,0,56,0,0,0,53,0,0,0,0,36,107,0,57,60,0,0,0,0,53,0,0,0,0,0,0,0,0,0,5,0,0,0,0,0,0,0,0,0,0,0,0,0,0
MDA,36,36,0,0,0,0,0,0,0,0,0,0,49,51,49,0,49,141,0,0,141,0,0,91,92,94,208,0,0,0,38,44,0,43,44,0,37,0,43,42,0,45,45,47,0,0,0,0,0,0,0,173,39,0,0,0,28,28,0,44,36,0,0,145,0,0,0,66,65,0,29,0,0,19,18,18,22,31,47,47,20,0,44,0,52,52,0,0,0,39,0,9,43,44,0,0,0,42,0,0,0,0,44,0,0,42,0,42,40,0,0,48,0,0,0,0,0,105,109,0,106,0,0,0,0,0,0,0,0,0,0,0,0,0,35,0,0,0,0,0,3,5,44,0,0,0,0,0,0,0,0,42,0,0,0,0,0,0,0,51,0,173,0,0,0,0,50,0,0,0,148,149,0,0,0,0,0,0,0,42,41,0,0,0,21,23,0,0,0,0,123,0,0,0,0,0,0,186,56,56,34,35,0,56,42,43,0,0,42,0,0,0,0,22,20,20,0,0,0,0,0,0,0,42,0,0,0,0,0,0,0,37,0,0,0,0,0,0,0,0,44,44,0,0,0,1,42,0,0,0,0,0,0,0,0,0,45,0,0,45,0,0,0,0,0,0,0,0,0,0,6,0,0,0,44,158,0,0,0,0,0,0,47,0,0,0,24,0,0,0,0,0,0,191,0,0,18,0,0,0,130,0,11,16,17,15,13,12,14,17,16,0,0,21,186,186,0,0,0,0,45,0,0,0,0,0,0,0,0,108,0,47,45,0,0,0,0,0,72,0,0,0,0,58,0,57,115,54,56,0,0,0,101,0,31,0,33,0,0,33,32,0,32,33,0,0,0,0,0,58,0,0,0,0,0,0,0,0,0,39,0,0,0,42,0,0,0,0,17,137,0,42,42,0,0,0,0,42,0,0,0,0,0,0,0,0,0,47,0,0,0,0,0,0,0,0,0,0,0,0,0,0
MDB,0,0,0,0,0,0,0,0,0,0,0,0,0,0,0,0,0,0,0,0,0,0,0,0,0,0,0,0,4,0,0,0,0,0,0,0,0,0,0,0,0,0,0,0,0,0,0,0,0,0,0,0,0,0,0,0,0,0,0,0,0,0,0,0,0,0,0,0,0,0,0,0,0,0,0,0,0,0,0,0,0,0,0,0,0,0,0,0,0,0,0,0,0,0,0,0,0,0,0,0,0,0,0,0,0,0,0,0,0,0,0,0,0,0,0,0,0,0,0,0,0,0,0,0,0,0,0,0,0,0,0,0,0,0,0,0,0,0,0,0,0,0,0,0,0,0,0,0,0,0,0,0,0,0,0,0,0,0,0,0,0,0,0,0,0,0,0,0,0,0,0,0,0,0,0,0,0,0,0,0,0,0,0,0,0,0,0,0,0,0,0,0,0,0,0,0,0,0,0,0,0,0,0,0,0,0,0,0,0,0,0,0,0,0,0,0,0,0,0,0,0,0,0,0,0,0,0,0,0,0,0,0,0,0,0,0,0,0,0,0,0,0,0,0,0,0,0,0,0,0,0,0,0,0,0,0,0,0,0,0,0,0,0,0,0,0,0,0,0,0,0,0,0,0,0,0,0,0,0,0,0,0,0,0,0,0,0,0,0,0,0,0,0,0,0,0,0,0,0,0,0,0,0,0,0,0,0,0,0,0,0,0,0,0,0,0,0,0,0,0,0,0,0,0,0,0,0,0,0,0,0,0,0,0,0,0,0,0,0,0,0,0,0,0,0,0,0,0,0,0,0,0,0,0,0,0,0,0,0,0,0,0,0,0,0,0,0,0,0,0,0,0,0,0,0,0,0,0,0,0,5,0,0,0,0,0,0,0,0,0,0,0,0,0,0,0,0,0,0,0,0,0,0,0,0,0,0,0,0,0,0,0,0,0,0,0,0,0,0,0,0,0
MDK,0,0,0,0,0,0,0,0,0,0,0,0,0,0,0,0,0,0,0,0,0,0,0,0,0,0,0,0,0,0,0,0,0,0,0,0,0,0,0,0,0,0,0,19,0,0,0,0,0,0,0,0,0,0,0,0,0,0,0,0,0,0,0,0,0,0,0,0,0,0,0,0,0,0,0,0,0,0,0,0,0,0,0,0,0,0,0,0,0,0,0,0,0,0,0,0,0,0,0,0,0,0,0,0,0,0,0,0,0,0,0,0,0,0,0,0,0,0,0,0,0,0,0,0,0,0,0,0,0,0,0,0,0,0,0,0,0,0,0,0,0,0,0,0,0,0,0,0,0,0,0,0,0,0,0,0,0,0,0,0,0,0,0,0,0,0,0,0,0,0,0,0,0,0,0,0,0,0,0,0,0,0,0,0,0,0,0,0,0,0,0,0,0,0,0,0,0,0,0,0,0,0,0,0,0,0,0,0,0,0,0,0,0,0,0,0,0,0,0,0,0,0,0,0,0,0,0,0,0,0,0,0,0,0,0,0,0,0,0,0,0,0,0,0,0,0,0,0,0,0,0,0,0,0,0,0,0,0,0,0,0,0,0,0,0,0,0,0,0,0,0,0,0,0,0,0,0,0,0,0,0,0,0,0,0,0,0,0,0,0,0,0,0,0,0,0,0,0,0,0,0,0,0,0,0,0,0,0,0,0,0,0,0,0,0,0,0,0,0,0,0,0,0,0,0,0,0,0,0,0,0,0,0,0,0,0,0,0,0,0,0,0,0,0,0,0,0,0,0,0,0,0,0,0,0,0,0,0,0,0,0,0,0,0,0,0,0,0,0,0,0,0,0,0,0,0,0,0,0,0,0,0,0,0,0,0,0,0,0,0,0,0,0,0,0,0,0,0,0,0,0,0,0,0,0,0,0,0,0,0,0,0,0,0,0,0,0,0,0,0,0,0
MDO,37,37,0,0,0,0,0,0,0,0,0,0,50,52,50,0,50,142,0,0,142,0,0,92,93,95,209,0,0,0,39,45,0,44,45,0,39,0,44,44,0,46,46,46,0,0,0,0,0,0,0,174,40,0,0,0,29,29,0,44,37,0,0,146,0,0,0,67,66,0,28,0,0,18,17,17,22,31,48,49,19,0,45,0,53,53,0,0,0,39,0,8,44,45,0,0,0,43,0,0,0,0,45,0,0,43,0,43,42,0,0,49,0,0,0,0,0,106,110,0,107,0,0,0,0,0,0,0,0,0,0,0,0,0,34,0,0,0,0,0,4,6,44,0,0,0,0,0,0,0,0,43,0,0,0,0,0,0,0,50,0,174,0,0,0,0,50,0,0,0,149,150,0,0,0,0,0,0,0,43,42,0,0,0,23,24,0,0,0,0,124,0,0,0,0,0,0,187,56,56,35,36,0,58,43,44,0,0,43,0,0,0,0,20,19,19,0,0,0,0,0,0,0,44,0,0,0,0,0,0,0,38,0,0,0,0,0,0,0,0,45,45,1,0,0,0,43,0,0,0,0,0,0,0,0,0,44,0,0,46,0,0,0,0,0,0,0,0,0,0,5,0,0,0,45,159,0,0,0,0,0,0,47,0,0,0,23,0,0,0,0,0,0,192,0,0,16,0,0,0,131,0,9,15,16,14,12,11,12,16,15,0,0,19,187,187,0,0,0,0,46,0,0,0,0,0,0,0,0,109,0,48,46,0,0,0,0,0,74,0,0,0,0,57,0,56,115,53,56,0,0,0,102,0,32,0,34,0,0,34,34,0,33,34,0,0,0,0,0,58,0,0,0,0,0,0,0,0,0,40,0,0,0,43,0,0,0,0,18,138,0,43,44,0,0,0,0,43,0,0,0,0,0,0,0,0,0,47,0,0,0,0,0,0,0,0,0,0,0,0,0,0
MDSA,6,7,0,0,0,0,0,0,0,0,0,0,31,32,31,0,31,112,0,0,113,0,0,67,68,70,167,0,0,0,4,9,0,6,11,0,5,0,13,4,0,13,13,83,0,0,0,0,0,0,0,147,26,0,0,0,18,18,0,27,26,0,0,119,0,0,0,45,45,0,69,0,0,61,60,60,56,54,23,24,58,0,13,0,29,30,0,0,0,45,0,51,15,13,0,0,0,1,0,0,0,0,8,0,0,27,0,3,3,0,0,28,0,0,0,0,0,79,83,0,80,0,0,0,0,0,0,0,0,0,0,0,0,0,72,0,0,0,0,0,40,39,53,0,0,0,0,0,0,0,0,1,0,0,0,0,0,0,0,83,0,147,0,0,0,0,67,0,0,0,122,124,0,0,0,0,0,0,0,25,23,0,0,0,26,24,0,0,0,0,97,0,0,0,0,0,0,160,74,73,35,37,0,36,17,16,0,0,18,0,0,0,0,63,62,62,0,0,0,0,0,0,0,7,0,0,0,0,0,0,0,43,0,0,0,0,0,0,0,0,54,56,42,0,0,43,0,0,0,0,0,0,0,0,0,0,79,0,0,12,0,0,0,0,0,0,0,0,0,0,48,0,0,0,8,131,0,0,0,0,0,0,62,0,0,0,65,0,0,0,0,0,0,165,0,0,59,0,0,0,103,0,52,58,58,56,54,53,55,59,58,0,0,62,160,160,0,0,0,0,29,0,0,0,0,0,0,0,0,82,0,27,27,0,0,0,0,0,50,0,0,0,0,86,0,85,122,84,85,0,0,0,75,0,28,0,31,0,0,26,26,0,29,30,0,0,0,0,0,77,0,0,0,0,0,0,0,0,0,4,0,0,0,4,0,0,0,0,28,108,0,2,5,0,0,0,0,4,0,0,0,0,0,0,0,0,0,61,0,0,0,0,0,0,0,0,0,0,0,0,0,0
MES,0,0,0,0,0,0,0,0,0,0,0,0,0,0,0,0,0,0,0,0,0,0,0,0,0,0,0,0,0,0,0,0,0,0,0,0,0,0,0,0,0,0,0,0,0,0,0,0,0,0,0,0,0,0,0,0,0,0,0,0,0,0,0,0,0,0,0,0,0,0,0,0,0,0,0,0,0,0,0,0,0,0,0,0,0,0,0,0,0,0,0,0,0,0,0,0,0,0,0,0,0,0,0,0,0,0,0,0,0,0,0,0,0,0,0,0,0,0,0,0,0,0,0,0,0,0,0,0,0,0,0,0,0,0,0,0,0,0,0,0,0,0,0,0,0,0,0,0,0,0,0,0,0,0,0,0,0,0,0,0,0,0,0,0,0,0,0,0,0,0,0,0,0,0,0,0,0,0,0,0,0,0,0,0,0,0,0,0,0,0,0,0,0,0,0,0,0,0,0,0,0,0,0,0,0,0,0,0,0,0,0,0,0,0,0,0,0,0,0,0,0,0,0,0,0,0,0,0,0,0,0,0,0,0,0,0,0,0,0,0,0,0,0,0,0,0,0,0,0,0,0,0,0,6,0,0,0,0,0,0,0,0,0,0,0,0,0,0,0,0,0,0,0,0,0,0,0,0,0,0,0,0,0,0,0,0,0,0,0,0,0,0,0,0,0,0,0,0,0,0,0,0,0,0,0,0,0,0,0,0,0,0,0,0,0,0,0,0,0,0,0,0,0,0,0,0,0,0,0,0,0,0,0,0,0,0,0,0,0,0,0,0,0,0,0,0,0,0,0,0,0,0,0,0,0,0,0,0,0,0,0,0,0,0,0,0,0,0,0,0,0,7,0,0,0,0,0,0,0,0,0,0,0,0,0,0,0,0,0,0,0,0,0,0,0,0,0,0,0,0,0,0,0,0,0,0,0,0,0,0,0,0,0,0,0,0,0,0,0,0,0,0
MG,0,0,0,0,0,0,0,0,0,0,0,0,0,0,0,0,0,0,0,0,0,0,0,0,0,0,0,0,0,0,0,0,0,0,0,0,0,0,0,0,0,0,0,0,0,0,0,0,0,0,0,0,0,0,0,0,0,0,0,0,0,0,0,0,0,0,0,0,0,0,0,0,0,0,0,0,0,0,0,0,0,0,0,0,0,0,0,0,0,0,0,0,0,0,0,0,0,0,0,0,0,0,0,0,0,0,0,0,0,0,0,0,0,0,0,0,0,0,0,0,0,0,0,0,0,0,0,0,0,0,0,0,0,0,0,0,0,0,0,0,0,0,0,0,0,0,0,0,0,0,0,0,0,0,0,0,0,0,0,0,0,0,0,0,0,0,0,0,0,0,0,0,0,0,0,0,0,0,0,0,0,0,0,0,0,0,0,0,0,0,0,0,0,0,0,0,0,0,0,0,0,0,0,0,0,0,0,0,0,0,0,0,0,0,0,0,0,0,0,0,0,0,0,0,0,0,0,0,0,0,0,0,0,0,0,0,0,0,11,0,0,0,0,0,0,0,0,0,0,0,0,0,0,0,0,0,0,0,0,0,0,0,0,0,0,0,0,0,0,0,0,0,0,0,0,0,0,0,0,0,0,0,0,0,0,0,0,0,0,0,0,0,0,0,0,0,0,0,0,0,0,0,0,0,0,0,0,0,0,0,0,0,0,0,0,0,0,0,0,0,0,0,0,0,14,0,0,0,0,0,0,0,0,0,0,0,0,0,0,0,0,0,0,0,0,0,0,0,0,0,0,0,0,0,0,0,0,0,0,0,0,0,0,0,0,0,0,0,0,0,0,0,0,0,0,0,0,0,0,0,0,0,0,0,0,0,0,0,0,0,0,0,0,0,0,0,0,0,0,0,0,0,0,0,0,0,0,0,0,0,0,0,0,0,0,0,0,0,0,0,0,0
MMLH,0,0,0,0,0,0,0,0,0,0,0,0,0,0,0,0,0,0,0,0,0,0,0,0,0,0,0,0,0,0,0,0,0,0,0,0,0,0,0,0,0,0,0,0,0,0,0,0,0,0,0,0,0,0,0,0,0,0,0,0,0,0,0,0,0,0,0,0,0,0,0,0,0,0,0,0,0,0,0,0,0,0,0,0,0,0,0,0,5,0,0,0,0,0,0,0,0,0,0,0,0,0,0,0,0,0,0,0,0,0,0,0,0,0,0,0,0,0,0,0,0,0,0,0,0,0,0,0,0,0,0,0,0,0,0,0,0,0,0,0,0,0,0,0,0,0,0,0,0,0,0,0,0,0,0,0,0,0,0,0,0,0,0,0,0,0,0,0,0,0,0,0,0,0,0,0,0,0,0,0,0,0,0,0,0,0,0,0,0,0,0,0,0,0,0,0,0,0,0,0,0,0,0,0,0,0,0,0,0,0,0,0,0,0,0,0,0,0,0,0,0,0,0,0,0,0,0,0,0,0,0,0,0,0,0,0,0,0,0,0,0,0,0,0,0,0,0,0,0,0,0,0,0,0,0,0,0,0,0,0,0,0,0,0,8,0,0,0,0,0,0,0,0,0,0,0,0,0,0,0,0,0,0,0,0,0,0,0,0,0,0,0,0,0,0,0,0,0,0,0,0,0,0,0,0,0,0,0,0,0,0,0,0,0,0,0,0,0,0,0,0,0,0,0,0,0,0,0,0,0,0,0,0,0,0,0,0,0,0,0,0,0,0,0,0,0,0,0,0,0,0,0,0,0,0,0,0,0,0,0,0,0,0,0,0,0,0,0,0,0,0,0,0,0,0,0,0,0,0,0,0,0,0,0,0,0,0,0,0,0,0,0,0,0,0,0,0,0,0,0,0,0,0,0,0,0,0,0,0,0,0,0,0,0,0,0,0,0,0,0,0,0
MP,0,0,0,0,0,0,0,0,0,0,0,0,0,0,0,0,0,0,0,0,0,0,0,0,0,0,0,0,0,0,0,0,0,0,0,0,0,0,0,0,0,0,0,0,0,0,0,0,0,0,0,0,0,0,0,0,0,0,0,0,0,0,0,0,0,0,0,0,0,0,0,0,0,0,0,0,0,0,0,0,0,0,0,0,0,0,0,0,0,0,0,0,0,0,0,0,0,0,0,0,0,0,0,0,0,0,0,0,0,0,0,0,0,0,0,0,0,0,0,0,0,0,0,0,0,0,0,0,0,0,0,0,0,0,0,0,0,0,0,0,0,0,0,0,0,0,0,0,0,0,0,0,0,0,0,0,0,0,0,0,0,0,0,0,0,0,0,0,0,0,0,0,23,0,0,0,0,0,0,0,0,0,0,0,0,0,0,0,0,0,0,0,0,0,0,0,0,0,0,0,0,0,0,0,0,0,0,0,0,0,0,0,0,0,0,0,0,0,0,0,0,0,0,0,0,0,0,0,0,0,0,0,0,0,0,0,0,0,0,0,0,0,0,0,0,0,0,0,0,0,0,0,0,0,0,0,0,0,0,0,0,0,0,0,0,0,0,0,0,0,0,0,0,0,0,0,0,0,0,0,0,0,0,0,0,0,0,0,0,0,0,0,0,0,0,0,0,0,0,0,0,0,0,0,0,0,0,0,0,0,0,0,0,0,0,0,0,0,0,0,0,0,0,0,0,0,0,0,0,0,0,0,0,0,0,0,0,0,0,0,0,0,15,0,0,0,0,0,0,0,0,0,0,0,0,0,0,0,0,0,0,0,0,0,0,0,0,0,0,0,0,0,0,0,0,0,0,0,0,0,0,0,0,0,0,0,0,0,0,0,0,0,0,0,0,0,0,0,0,0,0,0,0,0,0,0,0,0,0,0,26,0,0,0,0,0,0,0,0,0,0,0
MRB,0,0,0,0,0,0,0,0,0,0,0,0,0,0,0,0,0,0,0,0,0,0,0,0,0,0,0,0,0,0,0,0,0,0,0,0,0,0,0,0,0,0,0,0,0,0,0,0,0,0,0,0,0,0,0,0,0,0,0,0,0,0,0,0,0,0,0,0,0,0,0,0,0,0,0,0,0,0,0,0,0,0,0,0,0,0,0,0,0,0,0,0,0,0,0,0,0,0,0,0,0,0,0,0,0,0,0,0,0,0,0,0,0,0,0,0,0,0,0,0,0,0,0,0,0,0,0,0,0,0,0,0,0,0,0,0,0,0,0,0,0,0,0,0,0,0,0,0,0,0,0,0,0,0,0,0,0,0,0,0,0,0,0,9,0,0,0,0,0,0,0,0,0,0,0,0,0,0,0,0,0,0,0,0,0,0,0,0,0,0,0,0,0,0,0,0,0,0,0,0,0,0,0,0,0,0,0,0,0,0,0,0,0,0,0,0,0,0,0,0,0,0,0,0,0,0,0,0,0,0,0,0,0,0,0,0,0,0,0,0,0,0,0,0,0,0,0,0,0,0,0,0,0,0,0,0,0,0,0,0,0,0,0,0,0,0,0,0,0,0,0,0,0,0,0,0,13,0,0,0,0,0,0,0,0,0,0,0,0,0,0,0,0,0,0,0,0,0,0,0,0,0,0,0,0,0,0,0,0,0,0,0,0,0,0,0,0,0,0,0,0,0,0,0,0,0,0,0,0,0,0,0,0,0,0,0,0,0,0,0,0,0,0,0,0,0,0,0,0,0,0,0,0,0,0,0,0,0,0,0,0,0,0,0,0,0,0,0,0,0,0,0,0,0,0,0,0,0,0,0,0,0,0,0,0,0,0,0,0,0,0,0,0,0,0,0,0,0,0,0,0,0,0,0,0,0,0,0,0,0,0,0,0,0,0,0,0,0,0,0,0,0
MRN,0,0,0,0,0,0,0,0,0,0,0,0,0,0,0,0,0,0,0,0,0,0,0,0,0,0,0,0,0,0,0,0,0,0,0,0,0,0,0,0,0,0,0,0,0,0,0,0,0,0,0,0,0,0,0,0,0,0,0,0,0,0,0,0,0,0,0,0,0,0,0,0,0,0,0,0,0,0,0,0,0,0,0,0,0,0,0,0,0,0,0,0,0,0,0,0,9,0,0,0,0,0,0,0,0,0,0,0,0,0,0,0,0,0,0,0,0,0,0,0,0,0,0,0,0,0,0,0,0,0,0,0,0,0,0,0,0,0,0,0,0,0,0,0,0,0,0,0,0,0,0,0,0,0,0,0,0,0,0,0,0,0,0,0,0,0,0,0,0,0,0,0,0,0,0,0,0,0,0,0,0,0,0,0,0,0,0,0,0,0,0,0,0,0,0,0,0,0,0,0,0,0,0,0,0,0,0,0,0,0,0,0,0,0,0,0,17,0,0,0,0,0,0,0,0,0,0,0,0,0,0,0,0,0,0,0,0,0,0,0,0,0,0,0,0,0,0,0,0,0,0,0,0,0,0,0,0,0,0,0,0,0,0,0,0,0,0,0,0,0,0,0,0,0,0,0,0,0,0,0,0,0,0,0,0,0,0,0,0,0,0,0,0,0,0,0,0,0,0,0,0,0,0,0,0,0,0,0,0,0,0,0,0,0,0,0,0,0,0,0,0,0,0,0,0,0,0,0,0,0,0,0,0,0,0,0,0,0,0,0,0,0,0,0,0,0,0,0,0,0,0,0,0,0,0,0,0,0,0,0,0,0,0,0,0,0,0,0,0,0,0,0,0,0,0,14,0,0,0,0,0,0,0,0,0,0,0,0,0,0,0,0,0,0,0,0,0,0,0,0,0,0,0,0,0,0,0,0,0,0,0,0,0,0,0,0,0,0,0,0,0,0
MT,0,0,0,0,0,0,0,0,0,0,0,0,0,0,0,0,0,0,0,0,0,0,0,0,0,0,0,0,0,0,0,0,0,0,0,0,0,0,0,0,0,0,0,0,0,0,0,0,0,0,0,0,0,0,0,0,0,0,0,0,0,0,0,0,0,0,0,0,0,0,0,0,0,0,0,0,0,0,0,0,0,0,0,0,0,0,0,0,0,0,0,0,0,0,0,0,0,0,0,0,0,0,0,0,0,0,0,0,0,0,0,0,0,0,0,0,0,0,0,0,0,0,0,0,0,0,0,0,0,0,0,0,0,0,0,0,0,0,0,0,0,0,0,0,0,0,0,0,0,0,0,0,0,0,0,0,0,0,0,0,0,0,0,0,0,0,0,0,0,0,0,0,0,0,0,0,0,0,0,0,0,0,0,0,0,0,0,0,0,0,0,0,0,0,0,0,0,0,0,0,0,0,0,0,0,0,0,0,0,0,0,0,0,0,0,0,0,0,0,0,0,0,0,0,0,0,0,0,0,0,0,0,0,0,0,0,0,0,0,0,0,0,0,0,0,0,0,6,0,0,0,0,0,0,0,3,0,0,0,0,0,0,0,0,0,0,0,0,0,0,0,0,0,0,0,0,0,0,0,0,0,0,0,0,0,0,0,0,0,0,0,0,0,0,0,0,0,0,0,0,0,0,0,0,0,0,0,0,0,0,0,0,0,0,0,0,0,0,0,0,0,0,0,0,0,0,0,0,0,0,0,0,0,0,0,0,0,0,0,0,0,0,0,0,0,0,0,0,0,0,0,0,0,0,0,0,0,0,0,0,0,0,0,0,0,0,0,0,0,0,0,0,0,0,0,0,0,0,0,0,0,0,0,0,0,0,0,0,0,0,0,0,0,0,0,0,0,0,0,0,0,0,0,0,0,0,0,0,0,0,0,0,0,0,0,0,0,0,0,0,0,0
MTH,0,0,0,0,0,0,0,0,0,0,0,0,0,0,0,0,0,0,0,0,0,0,0,0,0,0,0,0,0,0,0,0,0,0,0,0,0,0,0,0,0,0,0,0,0,0,0,0,0,0,0,0,0,0,0,0,0,0,0,0,0,0,0,0,0,0,0,0,0,0,0,0,0,0,0,0,0,0,0,0,0,0,0,0,0,0,0,0,0,0,0,0,0,0,0,0,0,0,0,0,0,0,0,0,0,0,0,0,0,0,0,0,0,0,0,0,0,0,0,0,0,0,0,0,0,0,0,0,0,0,0,0,0,0,0,0,0,0,0,0,0,0,0,0,0,0,0,0,0,0,0,0,0,0,0,0,0,0,0,0,0,0,0,0,0,0,0,0,0,0,0,0,0,2,0,0,0,0,0,0,0,0,0,0,0,0,0,0,0,0,0,0,0,0,0,0,0,0,0,0,0,0,0,0,0,0,0,0,0,0,0,0,0,0,0,0,0,0,0,0,0,0,0,0,1,0,0,0,0,0,0,0,0,0,0,0,0,0,0,0,0,0,0,0,0,0,0,0,0,0,0,0,0,0,0,0,0,0,0,0,0,0,0,0,0,0,0,0,0,0,0,0,0,0,0,0,0,0,0,0,0,0,0,0,0,0,0,0,0,0,0,0,0,0,0,0,0,0,0,0,0,0,0,0,0,0,0,0,0,0,0,0,0,0,0,0,0,0,0,0,0,0,0,0,0,0,0,0,0,0,0,0,0,0,0,0,0,0,0,0,0,0,0,0,0,0,0,0,0,0,0,0,0,0,0,0,0,0,0,0,0,0,0,0,0,0,0,0,0,0,0,0,0,0,0,0,0,0,0,0,0,0,0,0,0,0,0,0,0,0,0,0,0,0,0,0,0,0,0,0,0,0,0,0,0,0,0,0,0,0,0,0,0,0,0,0,0,0,0,0,0,0
MTN,0,0,0,0,0,0,0,0,0,0,0,0,0,0,0,0,0,0,0,0,0,0,0,0,0,0,0,0,0,0,0,0,0,0,0,0,0,0,0,0,0,0,0,0,4,0,0,0,0,0,0,0,0,0,0,0,0,0,0,0,0,0,0,0,0,0,0,0,0,0,0,0,0,0,0,0,0,0,0,0,0,0,0,0,0,0,0,0,0,0,0,0,0,0,0,0,0,0,0,0,0,0,0,0,0,0,0,0,0,0,0,0,0,0,0,0,0,0,0,0,0,0,0,0,0,0,0,0,0,0,0,0,0,0,0,0,0,0,0,0,0,0,0,0,0,0,0,0,0,0,0,0,0,0,0,0,0,0,0,0,0,0,0,0,0,0,0,0,0,0,0,0,0,0,0,0,0,0,0,0,0,0,0,0,0,0,0,0,0,0,0,0,0,0,0,0,0,0,0,0,0,0,0,0,0,0,0,0,0,0,0,0,0,0,0,0,0,0,0,0,0,0,0,0,0,0,0,0,0,0,0,0,0,0,0,0,0,0,0,0,0,0,0,0,0,0,0,0,0,0,0,0,0,3,0,0,0,0,0,0,0,0,0,0,0,0,0,0,0,0,0,0,0,0,0,0,0,0,0,0,0,0,0,0,0,0,0,0,0,0,0,0,0,0,0,0,0,0,0,0,0,0,0,0,0,0,0,0,0,0,0,0,0,0,0,0,0,0,0,0,0,0,0,0,0,0,0,0,0,0,0,0,0,0,0,0,0,0,0,0,0,0,0,0,0,0,0,0,0,0,0,0,0,0,0,0,0,0,0,0,0,0,0,0,0,0,0,0,0,0,0,0,0,0,0,0,0,0,0,0,0,0,0,0,0,0,0,0,0,0,0,0,0,0,0,0,0,0,0,0,0,0,0,0,0,0,0,0,0,0,0,0,0,0,0,0,0,0,0,0,0,0
MVT,75,75,0,0,0,0,0,0,0,0,0,0,93,95,94,0,93,185,0,0,186,0,0,136,137,139,245,0,0,0,75,76,0,77,76,0,75,0,74,77,0,75,75,66,0,0,0,0,0,0,0,218,83,0,0,0,71,70,0,65,80,0,0,190,0,0,0,111,110,0,20,0,0,38,37,37,57,70,91,91,50,0,85,0,73,72,0,0,0,83,0,39,85,85,0,0,0,79,0,0,0,0,77,0,0,86,0,78,76,0,0,69,0,0,0,0,0,150,154,0,151,0,0,0,0,0,0,0,0,0,0,0,0,0,11,0,0,0,0,0,48,50,86,0,0,0,0,0,0,0,0,79,0,0,0,0,0,0,0,75,0,218,0,0,0,0,88,0,0,0,193,194,0,0,0,0,0,0,0,64,65,0,0,0,66,67,0,0,0,0,168,0,0,0,0,0,0,231,92,92,79,80,0,101,85,85,0,0,69,0,0,0,0,42,39,39,0,0,0,0,0,0,0,82,0,0,0,0,0,0,0,81,0,0,0,0,0,0,0,0,86,86,45,0,0,44,79,0,0,0,0,0,0,0,0,0,0,0,0,86,0,0,0,0,0,0,0,0,0,0,41,0,0,0,77,203,0,0,0,0,0,0,87,0,0,0,26,0,0,0,0,0,0,236,0,0,36,0,0,0,175,0,37,32,31,32,34,35,33,35,34,0,0,30,231,231,0,0,0,0,90,0,0,0,0,0,0,0,0,152,0,68,66,0,0,0,0,0,117,0,0,0,0,85,0,84,152,79,83,0,0,0,146,0,76,0,78,0,0,78,77,0,77,78,0,0,0,0,0,93,0,0,0,0,0,0,0,0,0,75,0,0,0,81,0,0,0,0,61,181,0,78,77,0,0,0,0,80,0,0,0,0,0,0,0,0,0,87,0,0,0,0,0,0,0,0,0,0,0,0,0,0
MZ,0,0,0,0,0,0,0,0,0,0,0,0,0,0,0,0,0,0,0,0,0,0,0,0,0,0,0,0,0,0,0,0,0,0,0,0,0,0,0,0,0,0,0,0,0,0,0,0,0,0,0,0,0,0,0,0,0,0,0,0,0,0,0,0,0,0,0,0,0,0,0,0,0,0,0,0,0,0,0,0,0,0,0,0,0,0,0,0,0,0,0,0,0,0,0,0,0,0,0,0,0,0,0,0,0,0,0,0,0,0,0,0,0,0,0,0,0,0,0,0,0,0,0,0,0,0,0,0,0,0,0,0,0,0,0,0,0,0,0,0,0,0,0,0,0,0,0,0,0,0,0,0,0,0,0,0,0,0,0,0,0,0,0,0,0,0,0,0,0,0,0,0,0,0,0,0,0,0,0,0,0,0,0,0,0,0,0,0,0,0,0,0,0,0,0,0,0,0,0,0,0,0,0,0,0,0,0,0,0,12,0,0,0,0,0,0,0,0,0,0,0,0,0,0,0,0,0,0,0,0,0,0,0,0,0,0,0,0,0,0,0,0,0,0,0,0,0,0,0,0,0,0,0,0,0,0,0,0,0,0,0,0,0,0,0,0,0,0,0,0,0,0,0,0,0,0,0,0,0,0,0,0,0,0,0,0,0,0,0,0,0,0,0,0,0,0,0,0,0,0,0,0,0,0,0,0,0,0,0,0,0,0,0,0,0,0,0,0,0,0,0,0,0,0,0,0,0,0,0,0,0,0,0,0,0,0,0,0,0,0,0,0,0,0,0,0,0,0,0,0,0,0,0,0,0,0,0,0,0,0,0,0,0,0,0,0,0,0,0,0,0,0,0,0,0,0,0,0,0,0,0,0,0,0,0,0,0,0,0,0,0,0,0,0,0,0,0,0,0,0,10,0,0,0,0,0,0,0,0,0,0,0,0,0,0,0,0,0,0,0,0,0
NA,0,0,0,0,0,0,0,0,0,0,0,0,0,0,0,0,0,0,0,0,0,0,0,0,0,0,0,0,0,0,0,0,0,0,0,0,0,0,0,0,0,0,0,0,0,0,0,0,0,0,0,0,0,0,0,0,0,0,0,0,0,0,0,0,0,0,0,0,0,0,0,0,0,0,0,0,0,0,0,0,0,0,0,0,0,0,0,0,0,0,0,0,0,0,0,43,0,0,0,0,0,0,0,0,0,0,8,0,0,0,0,0,0,0,0,0,0,0,0,0,0,0,0,0,0,0,0,0,0,0,0,0,0,5,0,0,0,0,0,0,0,0,0,0,0,0,0,0,0,0,0,0,0,0,0,0,0,0,0,0,0,0,0,0,0,0,0,0,0,0,0,0,0,0,0,0,0,0,0,0,0,0,0,0,0,0,0,0,0,0,0,0,0,0,0,0,0,0,0,0,0,0,0,0,0,0,0,0,0,0,0,0,0,0,0,0,0,0,0,0,0,0,0,0,0,0,0,0,0,0,0,0,0,0,0,0,0,0,0,0,0,0,0,0,0,0,0,0,0,0,0,0,0,0,0,0,0,0,0,0,0,0,0,0,0,0,0,0,0,0,0,0,0,0,0,0,0,0,0,0,0,0,0,0,0,0,0,0,0,0,0,0,0,0,0,0,0,0,0,0,0,0,0,0,0,0,0,0,0,0,0,0,0,0,0,0,0,0,0,0,0,0,0,0,0,0,0,0,0,0,0,0,0,0,0,0,0,0,0,0,0,0,0,0,0,0,0,0,0,0,0,0,0,0,0,0,0,0,0,0,0,0,0,0,0,0,0,0,0,0,0,0,0,0,0,0,0,0,0,0,0,0,0,0,0,0,0,0,0,0,0,0,0,0,0,0,0,0,0,0,0,0,0,0,0,0,0,0,0,0,0,0,0,0,0,0,0,0,0,0,0,0
NDB,25,12,0,0,0,0,0,0,0,0,0,0,20,22,19,0,20,119,0,0,121,0,0,65,57,68,228,0,0,0,20,23,0,19,23,0,21,0,27,18,0,25,25,115,0,0,0,0,0,0,0,136,27,0,0,0,36,17,0,45,18,0,0,128,0,0,0,33,33,0,73,0,0,91,62,62,54,50,13,13,57,0,1,0,52,42,0,0,0,42,0,69,4,2,0,0,0,13,0,0,0,0,20,0,0,25,0,16,16,0,0,50,0,0,0,0,0,80,84,0,69,0,0,0,0,0,0,0,0,0,0,0,0,0,78,0,0,0,0,0,56,53,50,0,0,0,0,0,0,0,0,11,0,0,0,0,0,0,0,105,0,136,0,0,0,0,60,0,0,0,128,130,0,0,0,0,0,0,0,42,41,0,0,0,24,23,0,0,0,0,99,0,0,0,0,0,0,149,72,65,32,33,0,28,6,5,0,0,34,0,0,0,0,64,63,63,0,0,0,0,0,0,0,5,0,0,0,0,0,0,0,35,0,0,0,0,0,0,0,0,46,48,45,0,0,46,12,0,0,0,0,0,0,0,0,0,86,0,0,0,0,0,0,0,0,0,0,0,0,0,65,0,0,0,20,139,0,0,0,0,0,0,54,0,0,0,69,0,0,0,0,0,0,155,0,0,87,0,0,0,106,0,70,81,80,75,58,56,58,85,84,0,0,65,149,149,0,0,0,0,18,0,0,0,0,0,0,0,0,71,0,49,47,0,0,0,0,0,38,0,0,0,0,94,0,80,112,99,95,0,0,0,75,0,24,0,28,0,0,21,19,0,25,23,0,0,0,0,0,69,0,0,0,0,0,0,0,0,0,15,0,0,0,8,0,0,0,0,40,114,0,14,17,0,0,0,0,9,0,0,0,0,0,0,0,0,0,59,0,0,0,0,0,0,0,0,0,0,0,0,0,0
NH,0,0,0,0,0,0,0,0,0,0,0,0,0,0,0,0,0,0,0,0,0,0,0,0,0,0,0,0,0,0,0,0,0,0,0,0,0,0,0,0,0,0,0,0,0,0,0,0,0,0,0,0,0,0,0,0,0,0,0,0,0,0,0,0,0,0,0,0,0,0,0,0,0,0,0,0,0,0,0,0,0,0,0,0,0,0,0,0,0,0,0,0,0,0,0,0,0,0,0,0,0,0,0,0,0,0,0,0,0,0,0,0,0,0,0,0,0,0,0,0,0,0,0,0,0,0,0,0,0,0,0,0,0,0,0,0,0,0,0,0,0,0,0,0,0,0,0,0,0,0,0,0,0,0,0,0,0,0,0,0,0,0,0,0,0,0,0,0,0,0,0,0,0,0,0,0,0,0,0,0,0,0,0,0,0,0,0,0,0,0,0,0,0,0,6,0,0,0,0,0,0,0,0,0,0,0,0,0,0,0,0,0,0,0,0,0,0,0,0,0,0,0,0,0,0,0,0,0,0,0,0,0,0,0,0,0,0,0,0,0,0,0,0,0,0,0,0,0,0,0,0,0,0,0,0,0,0,0,0,0,0,0,0,0,0,0,0,0,0,0,0,0,0,0,0,0,0,0,0,0,0,0,0,0,0,0,0,0,0,0,0,0,0,0,0,0,0,0,0,0,0,0,0,0,0,0,0,0,0,0,0,0,0,0,0,0,0,0,0,0,0,0,0,0,0,0,0,0,3,0,0,0,0,0,0,0,0,0,0,0,0,0,0,0,0,0,0,0,0,0,0,0,0,0,0,0,0,0,0,0,0,0,0,0,0,0,0,0,0,0,0,0,0,0,0,0,0,0,0,0,0,0,0,0,0,0,0,0,0,0,0,0,0,0,0,0,0,0,0,0,0,0,0,0,0,0,0,0,0,0,0,0,0,0,0,0,0,0,0,0,0,0
NKK,0,0,0,0,0,0,0,0,0,0,0,0,0,0,0,10,0,0,0,0,0,0,0,0,0,0,0,0,0,0,0,0,0,0,0,0,0,0,0,0,0,0,0,0,0,0,0,0,0,0,0,0,0,0,0,0,0,0,0,0,0,0,0,0,0,0,0,0,0,0,0,0,0,0,0,0,0,0,0,0,0,0,0,0,0,0,0,0,0,0,0,0,0,0,0,0,0,0,0,0,0,0,0,0,0,0,0,0,0,0,0,0,0,0,0,0,0,0,0,0,0,0,0,0,0,0,0,0,0,0,0,0,0,0,0,0,0,0,0,0,0,0,0,0,0,0,0,0,0,0,0,0,0,0,0,0,0,0,0,0,0,0,0,0,0,0,0,0,0,0,0,0,0,0,0,0,0,0,0,0,0,0,0,0,0,0,0,0,0,0,0,0,0,0,0,0,0,0,0,0,0,0,0,0,0,0,0,0,0,0,0,0,0,0,0,0,0,0,0,0,0,0,0,0,0,0,0,0,0,0,0,0,0,0,0,0,0,0,0,0,0,0,0,0,0,0,0,0,0,0,0,0,0,0,0,0,0,0,0,0,0,0,0,0,0,0,0,0,0,0,0,0,0,0,0,0,0,0,0,0,0,0,0,0,0,0,0,9,0,0,0,0,0,0,0,0,0,0,0,0,0,0,0,0,0,0,0,0,0,0,0,0,0,0,0,0,0,0,0,0,0,0,0,0,0,0,0,0,0,0,0,0,0,0,0,0,0,0,0,0,0,0,0,0,0,0,0,0,0,0,0,0,0,0,0,0,0,0,0,0,0,0,0,0,0,0,0,0,0,0,0,0,0,0,0,0,0,0,0,0,0,0,0,0,0,0,0,0,0,0,0,0,0,0,0,0,0,0,0,0,0,0,0,0,0,0,0,0,0,0,0,0,0,0,0,0,0,0,0,0,0,0
NM,0,0,0,0,0,0,0,0,0,0,0,0,0,0,0,0,0,0,0,0,0,0,0,0,0,0,0,0,0,0,0,0,0,0,0,0,0,0,0,0,0,0,0,0,0,0,0,0,0,0,0,0,0,0,0,0,0,0,0,0,0,0,0,0,0,0,0,0,0,0,0,0,0,0,0,0,0,0,0,0,0,0,0,0,0,0,0,0,0,0,0,0,0,0,0,0,0,0,0,0,0,0,0,0,0,0,0,0,0,0,0,0,0,0,0,0,0,0,0,0,0,0,0,0,0,0,0,0,0,0,0,0,0,0,0,0,0,0,0,0,0,0,0,0,0,0,0,0,0,0,0,0,0,0,0,0,0,0,0,0,0,0,0,0,0,0,0,0,0,0,0,0,0,0,0,0,0,0,0,0,0,0,0,0,0,0,0,0,0,0,0,0,0,0,0,0,0,0,0,0,0,0,0,0,0,0,0,0,0,0,0,0,0,0,0,0,0,0,0,0,0,0,0,0,0,0,0,0,0,0,0,0,0,0,0,0,0,0,0,0,0,0,0,0,0,0,0,0,0,0,0,0,0,0,0,0,0,0,0,0,0,0,0,5,3,3,0,0,0,0,0,0,0,0,0,0,0,0,0,0,0,0,0,0,0,0,0,0,0,0,0,0,0,0,0,0,0,0,0,0,0,0,0,0,0,0,0,0,0,0,0,0,0,0,0,0,0,0,0,0,0,0,0,0,0,0,0,0,0,0,0,0,0,0,0,0,0,0,0,0,0,0,0,0,0,0,0,0,0,0,0,0,0,0,0,0,0,0,0,0,0,0,0,0,0,0,0,0,0,0,0,0,0,0,0,0,0,0,0,0,0,0,0,0,0,0,0,0,0,0,0,0,0,0,0,0,0,0,0,0,0,0,0,0,0,0,0,0,0,0,0,0,0,0,0,0,0,0,0,0,0,0
NMD,0,0,0,0,0,0,0,0,0,0,0,0,0,0,0,0,0,0,0,0,0,0,0,0,0,0,0,0,0,0,0,0,0,0,0,0,0,0,0,0,0,0,0,0,0,0,0,0,0,0,0,0,0,0,0,0,0,0,0,0,0,0,0,0,0,0,0,0,0,0,0,0,0,0,0,0,0,0,0,0,0,0,0,0,0,0,0,0,0,0,0,0,0,0,0,0,0,0,0,0,0,0,0,0,0,0,0,0,0,0,0,0,0,0,0,0,0,0,0,0,0,0,0,0,0,0,0,0,0,0,0,0,0,0,0,0,0,0,0,0,0,0,0,0,0,0,0,0,0,0,0,0,0,0,0,0,0,0,0,0,0,0,0,0,0,0,0,0,0,0,0,0,0,0,0,0,0,0,0,0,0,0,0,0,0,0,0,0,0,0,0,0,0,0,0,0,0,0,0,0,0,0,0,0,0,0,0,0,0,0,0,0,0,0,0,0,0,0,0,0,0,0,0,0,0,0,0,0,0,0,0,0,0,0,0,0,0,0,0,0,0,0,0,0,0,0,0,0,0,0,0,0,0,0,0,0,0,0,0,0,0,0,5,0,0,0,0,0,0,0,0,0,0,0,0,0,0,0,0,0,0,0,0,0,0,0,0,0,0,0,0,0,0,0,0,0,0,0,0,0,0,0,0,0,0,0,0,0,0,0,0,0,0,0,0,0,0,0,0,0,0,0,0,0,0,0,0,0,0,0,0,0,0,0,0,0,0,0,0,0,0,0,0,0,0,0,0,0,0,0,0,0,0,0,0,0,0,0,0,0,0,0,0,0,0,0,0,0,0,0,0,0,0,0,0,0,0,0,0,0,0,0,0,0,0,0,0,6,0,0,0,0,0,0,0,0,0,0,0,0,0,0,0,0,0,0,0,0,0,0,0,0,0,0,0,0,0,0,0,0,0,0
NMH,0,0,0,0,0,0,0,0,0,0,0,0,0,0,0,0,0,0,0,0,0,0,0,0,0,0,0,0,0,0,0,0,0,0,0,0,0,0,0,0,0,0,0,0,0,0,0,0,0,0,0,0,0,0,0,0,0,0,0,0,0,0,0,0,0,0,0,0,0,0,0,0,0,0,0,0,0,0,0,0,0,0,0,0,0,0,0,0,0,0,0,0,0,0,0,0,0,0,0,0,0,0,0,0,0,0,0,0,0,0,0,0,0,0,0,0,0,0,0,0,0,0,0,0,0,0,0,0,0,0,0,0,0,0,0,0,0,0,0,0,0,0,0,0,0,0,0,0,0,0,0,0,0,0,0,0,0,0,0,0,0,0,0,0,0,0,0,0,0,0,0,0,0,0,0,0,0,0,0,0,0,0,0,0,0,0,0,0,0,0,0,0,0,0,0,0,0,0,0,0,0,0,0,0,0,0,0,0,0,0,0,0,0,0,0,0,0,0,0,0,0,0,0,0,0,0,0,0,0,0,0,0,0,0,0,0,0,0,0,0,0,0,0,0,0,0,0,0,0,8,0,0,0,0,0,0,0,0,0,0,0,0,3,0,0,0,0,0,0,0,0,0,0,0,0,0,0,0,0,0,0,0,0,0,0,0,0,0,0,0,0,0,0,0,0,0,0,0,0,0,0,0,0,0,0,0,0,0,0,0,0,0,0,0,0,0,0,0,0,0,0,0,0,0,0,0,0,0,0,0,0,0,0,0,0,0,0,0,0,0,0,0,0,0,0,0,0,0,0,0,0,0,0,0,0,0,0,0,0,0,0,0,0,0,0,0,0,0,0,0,0,0,0,0,0,0,0,0,0,0,0,0,0,0,0,0,0,0,0,0,0,0,0,0,0,0,0,0,0,0,0,0,0,0,0,0,0,0,0,0,0,0,0,0,0,0,0,0,0,0,0,0
NML,0,0,0,0,0,0,0,0,0,0,0,0,0,0,0,0,0,0,0,0,0,0,0,0,0,0,0,0,0,0,0,0,0,0,0,0,0,0,0,0,0,0,0,0,0,0,0,0,0,0,0,0,0,0,0,0,0,0,0,0,0,0,0,0,0,0,0,0,0,0,0,0,0,0,0,0,0,0,0,0,0,0,0,0,0,0,0,0,0,0,0,0,0,0,0,0,0,0,0,0,0,0,0,0,0,0,0,0,0,0,0,0,0,0,0,0,0,0,0,0,0,0,0,0,0,0,0,0,0,0,0,0,0,0,0,0,0,7,0,0,0,0,0,0,0,0,0,0,0,0,0,0,0,0,0,0,0,0,0,0,0,0,0,0,0,0,0,0,0,0,0,0,0,0,0,0,0,0,0,0,0,0,0,0,0,0,0,0,0,0,0,0,0,0,0,0,0,0,0,0,0,0,0,0,0,0,0,0,0,0,0,0,0,0,0,0,0,0,0,0,0,0,0,0,0,0,0,0,0,0,0,0,0,0,0,0,0,0,0,0,0,0,0,0,0,0,0,0,0,0,0,0,0,0,0,0,0,0,0,0,0,0,3,0,0,0,0,0,0,0,0,0,0,0,0,0,0,0,0,0,0,0,0,0,0,0,0,0,0,0,0,0,0,0,0,0,0,0,0,0,0,0,0,0,0,0,0,0,0,0,0,0,0,0,0,0,0,0,0,0,0,0,0,0,0,0,0,0,0,0,0,0,0,0,0,0,0,0,0,0,0,0,0,0,0,0,0,0,0,0,0,0,0,0,0,0,0,0,0,0,0,0,0,0,0,0,0,0,0,0,0,0,0,0,0,0,0,0,0,0,0,0,0,0,0,0,0,0,0,0,0,0,0,0,0,0,0,0,0,0,0,0,0,0,0,0,0,0,0,0,0,0,0,0,0,0,0,0,0,0,0,0
NS,0,0,0,0,0,0,0,0,0,0,0,0,0,0,0,0,0,0,0,0,0,0,0,0,0,0,0,0,0,0,0,0,0,0,0,0,0,0,0,0,0,0,0,0,0,0,0,0,0,0,0,0,0,0,0,0,0,0,0,0,0,0,0,0,0,0,0,0,0,0,0,0,0,0,0,0,0,0,0,0,0,0,0,0,0,0,0,0,0,0,0,0,0,0,0,0,0,0,0,0,0,0,0,0,0,0,0,0,0,0,0,0,0,0,0,0,0,0,0,0,0,0,0,0,0,0,0,0,0,0,0,0,0,0,0,0,0,0,0,0,0,0,0,0,0,0,0,0,0,0,0,0,0,0,0,0,0,0,0,0,0,0,14,0,10,0,0,0,0,0,0,0,0,0,0,0,0,0,0,0,0,0,0,0,0,0,0,0,0,0,0,0,0,0,0,0,0,0,0,0,0,0,0,0,0,0,0,0,0,0,0,0,0,0,0,0,0,0,0,0,0,0,0,0,0,0,0,0,0,0,0,0,0,0,0,0,0,0,0,0,0,0,0,0,0,0,0,0,0,0,0,0,0,0,0,0,0,0,0,0,0,0,0,0,0,0,0,0,0,0,0,0,0,0,0,0,0,0,0,0,0,0,0,0,0,0,0,0,0,0,0,0,0,0,0,0,0,0,0,0,0,0,0,0,0,0,0,0,0,0,0,0,0,0,0,0,0,0,0,0,0,0,0,0,0,0,0,0,0,0,0,0,0,0,0,0,0,0,0,0,0,0,0,0,0,0,0,0,0,0,0,0,0,0,0,0,0,0,0,0,0,0,0,0,0,0,0,0,0,0,0,0,0,0,0,0,0,0,0,0,0,0,0,0,0,0,0,0,0,0,0,0,0,0,0,0,0,0,0,0,0,0,0,0,0,0,0,0,0,0,0,0,0,0,0,0,0,0,0,0,0,0
NSCH,0,0,0,0,0,0,0,0,0,0,0,0,0,0,0,0,0,0,0,0,0,0,0,0,0,0,0,0,0,0,0,0,0,0,0,0,0,0,0,0,0,0,0,0,0,0,0,0,0,0,0,0,0,0,0,0,0,0,0,0,0,0,0,0,0,0,0,0,0,0,0,0,0,0,0,0,0,0,0,0,0,0,0,0,0,0,0,0,0,0,0,0,0,0,0,0,0,0,0,0,0,0,0,0,0,0,0,0,0,0,0,0,0,0,0,0,0,0,0,0,0,0,0,0,0,0,0,0,0,0,0,0,0,0,0,0,0,0,0,0,0,0,0,0,0,0,0,0,0,0,0,0,0,0,0,0,0,0,0,0,0,0,0,0,0,0,0,0,0,0,0,0,0,0,0,0,0,0,0,0,0,0,0,0,0,0,0,0,0,0,0,0,0,0,0,0,0,0,0,0,0,0,0,0,0,0,0,0,0,0,0,0,0,0,0,0,0,0,0,0,0,0,0,0,0,0,0,0,0,0,0,0,0,0,0,0,0,0,0,0,0,0,0,0,0,0,0,0,0,0,0,0,0,0,0,0,0,0,0,0,0,0,0,0,0,0,0,0,0,0,0,0,0,0,0,0,0,0,0,0,0,0,0,0,0,0,0,0,0,0,0,0,0,0,0,0,0,0,0,0,0,0,0,0,0,0,0,0,0,0,0,0,0,0,0,0,0,0,0,0,0,0,0,0,0,0,0,0,0,0,0,0,0,0,0,0,0,0,0,0,0,0,0,0,0,0,0,0,0,0,0,0,0,0,0,0,0,0,0,0,0,0,0,0,0,0,0,0,0,0,0,0,0,0,0,0,0,0,0,0,0,0,0,0,0,0,0,0,0,0,0,0,0,0,0,0,0,0,15,0,0,0,0,0,0,0,0,0,0,0,0,0,0,0,0,0,0,0,0,0,0,0
NVD,0,0,0,0,0,0,0,0,0,0,0,0,0,0,0,0,0,0,0,0,0,0,0,0,0,0,0,0,0,0,0,0,0,0,0,0,0,0,0,0,0,0,0,0,0,0,0,0,0,0,0,0,0,0,0,0,0,0,0,0,0,0,0,0,0,0,0,0,0,0,0,0,0,0,0,0,0,0,0,0,0,0,0,0,0,0,0,0,0,0,0,0,0,0,0,0,0,0,0,0,0,0,0,0,0,0,0,0,0,0,0,0,0,0,0,0,0,0,0,0,0,0,0,0,0,0,0,0,0,0,0,0,0,0,0,0,0,0,0,0,0,0,0,0,0,0,0,0,0,0,0,0,0,0,0,0,0,0,0,0,0,0,0,0,0,0,0,0,0,0,0,0,0,0,0,0,0,0,0,0,0,0,0,0,0,0,0,0,0,0,0,0,0,0,0,0,0,0,0,0,0,0,0,0,0,0,0,0,0,0,0,0,0,0,0,0,0,0,0,0,0,0,0,0,0,0,0,0,0,0,0,0,0,0,0,0,0,0,0,0,0,0,0,0,0,0,0,0,0,0,0,0,0,0,0,0,0,0,0,0,0,0,0,0,0,0,0,0,0,0,0,0,0,0,0,0,0,0,0,0,0,0,0,0,0,0,0,0,0,15,0,0,0,0,0,0,0,0,0,0,0,0,0,0,0,0,0,0,0,0,0,0,0,0,0,0,0,0,0,0,0,0,0,0,0,0,0,0,0,0,0,0,0,0,0,0,0,0,0,0,0,0,0,0,0,0,0,0,0,0,0,0,0,0,0,0,0,0,0,0,0,0,0,0,0,0,0,0,0,0,0,0,0,0,0,0,0,0,0,0,0,0,0,0,0,0,0,0,0,11,0,0,0,0,0,0,0,0,0,0,0,0,0,0,0,0,0,0,0,0,0,0,0,0,0,0,0,0,0,0,0,0
NVP,0,0,0,0,0,0,0,0,0,0,0,0,0,0,0,0,0,0,0,0,0,0,0,0,0,0,0,0,0,0,0,0,0,0,0,0,0,0,0,0,0,0,0,0,0,0,0,0,0,0,0,0,0,0,0,0,0,0,0,0,0,0,0,0,0,0,0,0,0,0,0,0,0,0,0,0,0,0,0,0,0,0,0,0,0,0,0,0,0,0,0,0,0,0,0,0,0,0,0,0,0,0,0,0,0,0,0,0,0,0,0,0,0,0,0,0,0,0,0,0,0,0,0,0,0,0,0,0,0,0,0,0,0,0,0,0,0,0,0,0,0,0,0,0,0,0,0,0,0,0,0,0,0,0,0,0,0,0,0,0,0,0,0,0,0,0,0,0,0,6,0,0,0,0,0,0,0,0,0,0,0,0,0,0,0,0,0,0,0,0,0,0,0,0,0,0,0,0,0,0,0,0,0,0,0,0,0,0,0,0,0,0,0,0,0,0,0,0,0,0,0,0,0,0,0,0,0,0,0,0,0,0,0,0,0,0,0,0,0,0,0,0,0,0,0,0,0,0,0,0,0,0,0,0,0,0,0,0,0,0,0,0,0,0,0,0,0,0,0,0,0,0,0,0,0,0,0,0,0,0,0,0,0,0,0,0,0,0,0,0,0,0,0,0,0,0,0,0,0,0,0,0,0,0,0,0,0,0,0,0,0,0,0,0,0,0,0,0,0,0,0,0,0,0,0,0,0,0,0,0,0,0,0,0,12,0,0,0,0,0,0,0,0,0,0,0,0,0,0,0,0,0,0,0,0,0,0,0,0,0,0,0,0,0,0,0,0,0,0,0,0,0,0,0,0,0,0,0,0,0,0,0,0,0,0,0,0,0,0,0,0,0,0,0,0,0,0,0,0,0,0,0,0,0,0,0,0,0,0,0,0,0,0,0,0,0,0,0,0,0,0,0
NWK,56,42,0,0,0,0,0,0,0,0,0,0,54,62,55,0,54,159,0,0,161,0,0,105,97,108,268,0,0,0,61,71,0,67,50,0,60,0,75,68,0,51,51,65,0,0,0,0,0,0,0,178,50,0,0,0,44,34,0,74,41,0,0,168,0,0,0,71,70,0,24,0,0,26,12,12,20,31,65,53,16,0,64,0,84,57,0,0,0,59,0,4,49,50,0,0,0,48,0,0,0,0,50,0,0,53,0,70,65,0,0,79,0,0,0,0,0,120,124,0,111,0,0,0,0,0,0,0,0,0,0,0,0,0,31,0,0,0,0,0,9,12,67,0,0,0,0,0,0,0,0,48,0,0,0,0,0,0,0,75,0,178,0,0,0,0,50,0,0,0,168,170,0,0,0,0,0,0,0,71,72,0,0,0,27,29,0,0,0,0,139,0,0,0,0,0,0,191,89,55,49,50,0,68,59,60,0,0,79,0,0,0,0,16,14,14,0,0,0,0,0,0,0,49,0,0,0,0,0,0,0,40,0,0,0,0,0,0,0,0,46,46,6,0,0,5,48,0,0,0,0,0,0,0,0,0,41,0,0,65,0,0,0,0,0,0,0,0,0,0,0,0,0,0,50,179,0,0,0,0,0,0,48,0,0,0,18,0,0,0,0,0,0,195,0,0,22,0,0,0,146,0,5,16,15,10,7,6,8,20,19,0,0,15,191,191,0,0,0,0,51,0,0,0,0,0,0,0,0,112,0,78,76,0,0,0,0,0,78,0,0,0,0,86,0,54,115,81,85,0,0,0,115,0,41,0,45,0,0,44,38,0,42,38,0,0,0,0,0,57,0,0,0,0,0,0,0,0,0,45,0,0,0,48,0,0,0,0,25,154,0,49,49,0,0,0,0,72,0,0,0,0,0,0,0,0,0,76,0,0,0,0,0,0,0,0,0,0,0,0,0,0
O,0,0,0,0,0,0,0,0,0,0,0,0,0,0,0,0,0,0,0,0,0,0,0,0,0,0,0,0,0,0,0,0,0,0,0,0,0,0,0,0,0,0,0,0,0,0,0,0,0,0,0,0,0,0,0,0,0,0,0,0,0,0,0,0,0,0,0,0,0,0,0,0,0,0,0,0,0,0,0,0,0,0,0,0,0,0,0,0,0,0,0,0,0,0,0,0,0,0,0,0,0,0,0,0,0,0,0,0,0,0,0,0,0,0,0,0,0,0,0,0,0,0,0,0,0,0,0,0,0,0,0,0,0,0,0,0,0,0,0,0,0,0,0,0,0,0,0,0,0,0,0,0,0,0,0,0,0,0,0,0,0,0,0,0,0,0,0,0,0,0,0,0,0,0,0,0,0,0,0,0,0,0,0,0,0,0,0,0,0,0,0,0,0,0,0,0,0,0,0,0,0,0,0,0,0,0,0,0,0,0,0,0,0,0,0,0,0,0,0,0,0,0,0,0,0,0,0,0,0,0,0,0,0,0,0,0,0,0,0,0,0,0,0,0,0,0,0,0,0,0,0,0,0,0,0,0,0,0,0,0,0,0,0,0,0,0,0,0,0,0,0,0,0,0,0,0,0,0,0,0,0,2,0,0,0,0,0,0,0,0,0,0,0,0,0,0,0,0,0,0,0,0,0,0,0,0,0,0,0,0,0,0,10,0,0,0,0,0,0,0,0,0,0,0,0,0,0,0,0,0,0,0,0,0,0,0,0,0,0,0,0,0,0,0,0,0,0,0,0,0,0,0,0,0,0,0,0,0,0,0,0,0,0,0,0,0,0,0,0,0,0,0,0,0,0,0,0,0,0,0,0,0,0,0,0,0,0,0,0,0,0,0,0,0,0,0,0,0,0,0,0,0,0,0,0,0,0,0,0,0,0,0,0,0,0,0,0,0,0,0,0,0
OBD,0,0,0,0,0,0,0,0,0,0,0,0,0,0,0,0,0,0,0,0,0,0,0,0,0,0,0,0,0,0,0,0,0,0,0,0,0,0,0,0,0,0,0,0,0,0,0,0,0,0,0,0,0,0,0,0,0,0,0,0,0,0,0,0,0,0,0,0,0,0,0,0,0,0,0,0,0,0,0,0,0,0,0,0,0,0,0,0,0,0,0,0,0,0,0,0,0,0,0,0,0,0,0,0,0,0,0,0,0,0,0,0,0,0,0,0,0,0,0,0,0,0,0,0,0,0,0,0,0,0,0,0,0,0,0,0,0,0,0,0,0,0,0,0,0,0,0,0,0,0,0,0,0,0,0,0,0,0,0,0,0,0,0,0,0,0,0,0,0,0,0,0,0,0,0,0,0,0,0,0,0,0,0,0,0,0,13,0,0,0,0,0,0,0,0,0,0,0,0,0,0,0,0,0,0,0,0,7,0,0,0,0,0,0,0,0,0,0,0,0,0,0,0,0,0,0,0,0,0,0,0,0,0,0,0,0,0,0,0,0,0,0,0,0,0,0,0,0,0,0,0,0,0,0,0,0,0,0,0,0,0,0,0,0,0,0,0,0,0,0,0,0,0,0,0,0,0,0,0,0,0,0,0,0,0,0,0,0,0,0,0,0,0,0,0,0,0,0,0,0,0,0,0,0,0,0,0,0,0,0,0,0,0,0,0,0,0,0,0,0,0,0,0,0,0,0,0,0,0,0,0,0,0,0,0,0,0,0,0,0,0,0,0,0,0,0,0,0,0,0,0,0,0,0,0,0,0,0,0,0,0,0,0,0,0,0,0,0,0,0,0,0,0,0,0,0,0,0,0,0,0,0,0,0,0,0,0,0,0,0,0,0,0,0,0,0,0,0,0,0,0,0,0,0,0,0,0,0,0,0,0,0,0,0,0,0,0,0,0,0,0,0
ODB,0,0,0,0,0,0,0,0,0,0,0,0,0,0,0,0,0,0,0,0,0,0,0,0,0,0,0,0,0,0,0,0,0,0,0,0,0,0,0,0,0,0,0,0,0,0,0,0,0,0,0,0,0,0,0,0,0,0,0,0,0,0,0,0,0,0,0,0,0,0,0,0,0,0,0,0,0,0,0,0,0,0,0,0,0,0,0,0,0,0,0,0,0,0,0,0,0,0,0,0,0,0,0,0,0,0,0,0,0,0,0,0,0,0,0,0,0,0,0,0,0,0,0,0,0,0,0,0,0,0,0,0,0,0,0,0,0,0,0,0,0,0,0,0,0,0,0,0,0,0,0,0,0,0,0,0,0,0,0,0,0,0,0,0,0,0,0,0,0,0,0,0,0,0,0,0,0,0,0,0,0,0,0,0,0,0,0,0,0,0,0,0,0,0,0,0,0,0,0,0,0,0,0,0,0,0,0,0,0,0,0,0,0,0,0,0,0,0,0,0,0,0,0,0,0,0,0,0,0,0,0,0,0,0,0,0,0,0,0,0,0,0,0,0,0,0,0,0,0,0,0,0,0,0,0,0,0,0,0,0,0,0,0,0,0,0,0,0,0,0,0,0,0,0,0,0,0,0,0,0,0,0,0,0,0,0,0,0,0,0,0,0,0,0,0,0,0,0,0,9,0,0,0,0,0,0,0,0,0,0,0,0,0,0,0,0,0,0,0,0,0,0,0,0,0,0,0,0,0,0,0,0,0,0,0,0,0,0,0,0,0,0,0,0,0,0,0,0,0,0,0,0,0,0,0,0,0,0,0,0,0,0,0,0,0,0,0,0,0,0,0,0,0,0,0,0,0,0,0,0,0,0,0,0,0,0,0,0,0,0,0,0,0,0,0,0,0,0,0,0,0,0,0,0,0,0,0,0,0,0,0,0,0,0,0,0,0,0,10,0,0,0
ODS,12,13,0,0,0,0,0,0,0,0,0,0,39,40,39,0,39,118,0,0,119,0,0,74,75,77,168,0,0,0,8,1,0,2,3,0,9,0,5,4,0,5,5,87,0,0,0,0,0,0,0,153,34,0,0,0,24,24,0,19,33,0,0,125,0,0,0,53,52,0,69,0,0,63,62,62,60,60,31,32,61,0,21,0,21,22,0,0,0,52,0,52,23,21,0,0,0,7,0,0,0,0,1,0,0,35,0,5,6,0,0,20,0,0,0,0,0,86,90,0,87,0,0,0,0,0,0,0,0,0,0,0,0,0,70,0,0,0,0,0,42,42,60,0,0,0,0,0,0,0,0,9,0,0,0,0,0,0,0,88,0,153,0,0,0,0,74,0,0,0,129,130,0,0,0,0,0,0,0,19,16,0,0,0,31,29,0,0,0,0,103,0,0,0,0,0,0,166,81,80,42,44,0,44,25,24,0,0,11,0,0,0,0,65,64,64,0,0,0,0,0,0,0,15,0,0,0,0,0,0,0,50,0,0,0,0,0,0,0,0,62,63,44,0,0,45,8,0,0,0,0,0,0,0,0,0,77,0,0,20,0,0,0,0,0,0,0,0,0,0,50,0,0,0,0,138,0,0,0,0,0,0,69,0,0,0,66,0,0,0,0,0,0,172,0,0,61,0,0,0,109,0,53,58,59,57,55,54,55,60,59,0,0,63,166,166,0,0,0,0,37,0,0,0,0,0,0,0,0,88,0,20,20,0,0,0,0,0,57,0,0,0,0,92,0,91,130,89,91,0,0,0,82,0,35,0,38,0,0,33,33,0,36,37,0,0,0,0,0,84,0,0,0,0,0,0,0,0,0,7,0,0,0,12,0,0,0,0,32,114,0,6,3,0,0,0,0,12,0,0,0,0,0,0,0,0,0,68,0,0,0,0,0,0,0,0,0,0,0,0,0,0
ODZ,162,133,0,0,0,0,0,0,0,0,0,0,109,117,109,0,109,25,0,0,23,0,0,74,66,76,210,0,0,0,159,162,0,158,140,0,160,0,166,157,0,142,142,190,0,0,0,0,0,0,0,15,129,0,0,0,150,133,0,184,122,0,0,16,0,0,0,92,93,0,186,0,0,199,171,171,153,141,126,112,160,0,138,0,191,157,0,0,0,149,0,183,120,120,0,0,0,132,0,0,0,0,137,0,0,126,0,155,155,0,0,189,0,0,0,0,0,64,60,0,52,0,0,0,0,0,0,0,0,0,0,0,0,0,193,0,0,0,0,0,170,167,141,0,0,0,0,0,0,0,0,131,0,0,0,0,0,0,0,180,0,15,0,0,0,0,130,0,0,0,11,9,0,0,0,0,0,0,0,181,180,0,0,0,137,136,0,0,0,0,45,0,0,0,0,0,0,28,147,131,146,147,0,123,133,134,0,0,173,0,0,0,0,169,170,170,0,0,0,0,0,0,0,126,0,0,0,0,0,0,0,124,0,0,0,0,0,0,0,0,124,125,158,0,0,159,131,0,0,0,0,0,0,0,0,0,203,0,0,139,0,0,0,0,0,0,0,0,0,0,179,0,0,0,138,0,0,0,0,0,0,0,127,0,0,0,181,0,0,0,0,0,0,34,0,0,201,0,0,0,38,0,184,195,194,189,170,169,171,199,198,0,0,176,28,28,0,0,0,0,113,0,0,0,0,0,0,0,0,51,0,188,186,0,0,0,0,0,86,0,0,0,0,169,0,153,113,174,170,0,0,0,69,0,138,0,142,0,0,135,126,0,139,125,0,0,0,0,0,133,0,0,0,0,0,0,0,0,0,135,0,0,0,128,0,0,0,0,154,30,0,133,136,0,0,0,0,148,0,0,0,0,0,0,0,0,0,150,0,0,0,0,0,0,0,0,0,0,0,0,0,0
OMN,0,0,0,0,0,0,0,0,0,0,0,0,0,0,0,0,0,0,0,0,0,0,0,0,0,0,0,0,0,0,0,0,0,0,0,0,0,0,0,0,0,0,0,0,0,0,0,0,0,0,0,0,0,0,0,0,0,0,0,0,0,0,0,0,0,0,0,0,0,0,0,0,0,0,0,0,0,0,0,0,0,0,0,0,0,0,0,0,0,0,0,0,0,0,0,0,0,0,0,0,0,0,0,0,13,0,0,0,0,0,0,0,0,0,0,0,0,0,0,0,0,0,0,0,0,0,0,0,0,0,0,0,0,0,0,0,0,0,0,0,0,0,0,0,0,0,0,0,0,0,0,0,0,0,0,0,0,0,0,0,0,0,0,0,0,0,0,0,0,0,0,0,0,0,0,0,0,0,0,0,0,0,0,0,0,0,0,0,0,0,0,0,0,0,0,0,0,0,0,0,0,0,0,0,0,0,0,0,0,0,0,0,0,0,0,0,0,0,0,0,0,0,0,0,0,0,0,0,0,0,0,0,0,0,0,0,0,0,0,0,0,0,0,0,0,0,0,0,0,0,0,13,0,0,0,0,0,0,0,0,0,0,0,0,0,0,0,0,0,0,0,0,0,0,0,0,0,0,0,0,0,0,0,0,0,0,0,0,0,0,0,0,0,0,0,0,0,0,0,0,0,0,0,0,0,0,0,0,0,0,0,0,0,0,0,0,0,0,0,0,0,0,0,0,0,0,0,0,0,0,0,0,0,0,0,0,0,0,0,0,0,0,0,0,0,0,0,0,0,0,0,0,0,0,0,0,0,0,0,0,0,0,0,0,0,0,0,0,0,0,0,0,0,0,0,0,0,0,0,0,0,0,0,0,0,0,0,0,0,0,0,0,0,0,0,0,0,0,0,0,0,0,0,0,0,0,0,0,0,0,0,0,0,0,0,0,0,0,0,0,0,0
OST,0,0,0,0,0,0,0,0,0,0,0,0,0,0,0,0,0,0,0,0,0,0,0,0,0,0,0,0,0,0,0,0,0,0,0,0,0,0,0,0,0,0,0,0,0,0,0,0,0,0,0,0,0,0,0,0,0,0,0,0,0,0,0,0,0,0,0,0,0,0,0,0,0,0,0,0,0,0,0,0,0,0,0,0,0,0,0,0,0,0,0,0,0,0,0,0,0,0,0,0,0,0,0,0,0,0,0,0,0,0,0,0,0,0,0,0,0,11,0,0,0,0,0,0,0,0,0,0,0,0,0,0,0,0,0,0,0,0,0,0,0,0,0,0,0,0,0,0,0,0,0,0,0,0,0,0,0,0,0,0,0,0,0,0,0,0,0,0,0,0,0,0,0,0,0,0,0,0,0,0,0,0,0,0,0,0,0,0,0,0,0,0,0,0,0,0,0,0,0,0,0,0,0,0,0,0,0,0,0,0,0,0,0,0,0,0,0,0,0,0,0,0,0,0,0,0,0,0,0,0,0,0,0,0,0,0,0,0,0,0,0,0,0,0,0,0,0,0,0,0,0,0,0,0,0,0,0,0,0,0,0,0,0,0,0,0,0,0,0,0,0,0,0,0,0,0,0,0,0,0,0,0,0,0,0,0,0,0,0,0,0,0,0,0,0,0,0,0,0,0,0,0,0,0,0,0,0,0,0,0,0,0,0,0,0,0,0,0,0,0,0,0,0,0,0,0,0,0,0,0,0,0,0,0,0,0,0,0,0,0,0,0,0,0,0,0,0,0,0,0,0,0,0,0,0,0,0,0,0,0,0,0,0,0,0,0,0,0,0,0,0,0,0,0,0,0,0,0,0,0,0,0,0,0,0,0,0,0,0,0,0,0,0,8,0,0,0,0,0,0,0,0,0,0,0,0,0,0,0,0,0,0,0,0,0,0,0,0,0,0,0,0
OT,0,0,0,0,0,0,0,0,0,0,0,0,0,0,0,0,0,0,0,0,0,0,0,0,0,0,0,0,0,0,0,0,0,0,0,0,0,0,0,0,0,0,0,0,0,0,0,0,0,0,0,0,0,0,0,0,0,0,0,0,0,0,0,0,0,0,0,0,0,0,0,0,0,0,0,0,0,0,0,0,0,0,0,10,0,0,0,0,0,0,0,0,0,0,0,0,0,0,0,0,0,0,0,0,0,0,0,0,0,0,0,0,0,0,0,0,0,0,0,0,0,0,0,0,0,0,0,0,0,0,0,0,0,0,0,0,0,0,0,0,0,0,0,0,0,0,0,0,0,0,0,0,0,0,0,0,0,0,0,0,0,0,0,0,0,0,0,0,0,0,0,0,0,0,0,0,0,0,0,0,0,0,0,0,0,0,0,0,0,0,0,0,0,0,0,0,0,0,0,0,0,0,0,0,0,0,0,0,0,0,0,0,0,0,0,0,0,0,0,0,0,0,0,0,0,0,0,0,0,0,0,0,0,0,0,0,0,0,0,0,0,0,0,0,0,0,0,0,0,0,0,0,0,0,0,0,0,0,0,0,0,0,0,0,0,0,0,0,0,0,0,0,0,0,0,0,0,0,0,0,0,0,0,0,0,0,0,0,0,0,0,0,0,0,0,0,0,0,0,0,0,0,0,0,0,0,0,0,0,0,0,0,0,0,0,0,0,0,0,0,0,0,0,0,0,0,0,0,0,0,0,0,0,0,0,0,0,0,0,0,0,0,0,10,0,0,0,0,0,0,0,0,0,0,0,0,0,0,0,0,0,0,0,0,0,0,0,0,0,0,0,0,0,0,0,0,0,0,0,0,0,0,0,0,0,0,0,0,0,0,0,0,0,0,0,0,0,0,0,0,0,0,0,0,0,0,0,0,0,0,0,0,0,0,0,0,0,0,0,0,0,0
OTB,0,0,5,0,0,0,0,0,0,0,0,0,0,0,0,0,0,0,0,0,0,0,0,0,0,0,0,0,0,0,0,0,0,0,0,0,0,0,0,0,0,0,0,0,0,0,0,0,0,0,0,0,0,0,0,0,0,0,0,0,0,0,0,0,0,0,0,0,0,0,0,0,0,0,0,0,0,0,0,0,0,0,0,0,0,0,0,0,0,0,0,0,0,0,0,0,0,0,0,0,0,0,0,0,0,0,0,0,0,0,0,0,0,0,0,0,0,0,0,0,0,0,0,0,0,0,0,0,0,0,0,0,0,0,0,0,0,0,0,0,0,0,0,0,0,0,0,0,0,0,0,0,0,0,0,0,0,0,0,0,0,0,0,0,0,0,0,0,0,0,0,0,0,0,0,0,0,0,0,0,0,0,0,0,0,0,0,0,0,0,0,0,0,0,0,0,0,0,0,0,0,0,0,0,0,0,0,0,0,0,0,0,0,0,0,0,0,0,0,0,0,0,0,0,0,0,0,0,0,0,0,0,0,0,0,0,0,0,0,0,0,0,0,0,0,0,0,0,0,0,0,0,0,0,0,0,0,0,0,0,0,0,0,0,0,0,0,0,0,0,0,0,0,0,0,0,0,0,0,0,0,0,0,0,0,0,0,0,0,0,0,0,0,0,0,0,0,0,0,0,0,0,0,0,0,0,0,0,0,0,0,0,0,0,0,0,0,0,0,0,0,0,0,0,0,0,0,0,0,0,0,0,0,0,0,0,0,0,0,0,0,0,0,0,0,0,0,0,0,0,0,0,0,0,0,0,0,0,0,0,0,0,0,0,0,0,0,0,0,0,0,0,0,0,0,0,0,0,0,0,0,0,0,0,0,0,0,0,0,0,4,0,0,0,0,0,0,0,0,0,0,0,0,0,0,0,0,0,0,0,0,0,0,0,0,0,0,0,0,0,0,0
OVN,0,0,0,0,0,0,0,0,0,0,0,0,0,0,0,0,0,0,0,0,0,0,0,0,0,0,0,0,0,0,0,0,0,0,0,0,0,0,0,0,0,0,0,0,0,0,0,0,0,0,0,0,0,0,0,0,0,0,0,0,0,0,0,0,0,0,0,0,0,0,0,0,0,0,0,0,0,0,0,0,0,0,0,0,0,0,0,0,0,0,0,0,0,0,0,0,0,0,0,0,0,0,0,0,0,0,0,0,0,0,0,0,0,0,0,0,0,0,0,0,0,0,0,0,0,0,0,0,0,0,0,0,0,0,0,0,0,0,0,0,0,0,0,0,0,0,0,0,0,0,0,0,0,0,0,0,0,0,0,0,0,0,0,0,0,0,0,0,0,0,0,0,0,0,0,0,0,0,0,2,0,0,0,0,0,0,0,0,0,0,0,0,0,0,0,0,0,0,0,0,0,0,0,0,0,0,0,0,0,0,0,0,0,0,0,0,0,0,0,0,0,0,0,0,0,0,0,0,0,0,0,0,0,0,0,0,0,0,0,0,0,0,0,0,0,0,0,0,0,0,0,0,0,0,0,0,0,0,0,0,0,0,0,0,0,0,0,0,0,0,0,0,0,0,0,0,0,0,0,0,0,0,0,0,0,0,0,0,0,0,0,0,0,0,0,0,0,0,0,0,0,0,0,0,0,0,0,0,0,0,0,0,0,0,0,0,0,0,0,0,0,0,0,0,0,0,0,0,0,0,0,0,0,0,0,0,0,0,0,0,0,0,0,0,0,0,0,0,0,0,0,0,0,0,0,0,0,0,0,0,0,0,0,0,0,0,0,0,0,0,0,0,0,0,0,0,0,0,0,0,0,0,0,0,0,0,0,0,0,0,0,0,0,0,0,0,0,0,0,0,0,0,0,0,0,0,0,0,0,0,0,0,0,0,0,0,0,0,0,7,0,0
OW,0,0,0,0,0,0,0,0,0,0,0,0,0,0,0,0,0,0,0,0,0,0,0,0,0,0,0,0,0,0,0,0,0,0,0,0,0,0,0,0,0,0,0,0,0,0,0,0,0,0,0,0,0,0,0,0,0,0,0,0,0,0,0,0,0,0,0,0,0,0,0,0,0,0,0,0,0,0,0,0,0,0,0,0,0,0,0,0,0,0,0,0,0,0,0,0,0,0,0,0,0,0,0,0,0,0,0,0,0,0,0,0,0,0,0,0,0,0,0,0,0,0,0,0,0,0,0,0,0,0,0,0,0,0,0,0,0,0,0,0,0,0,0,0,0,0,0,0,0,0,0,0,0,0,0,0,0,0,0,0,0,0,0,0,0,0,0,0,0,0,0,0,0,0,0,0,0,0,0,0,0,0,0,0,0,0,0,0,0,0,0,0,0,0,0,0,0,0,0,0,0,0,0,0,0,0,0,0,0,0,0,0,0,0,0,0,0,0,0,0,0,0,0,0,0,0,0,0,0,0,0,0,0,0,0,0,0,0,0,0,0,0,0,0,0,0,0,0,0,0,0,0,0,0,0,0,0,0,0,0,0,0,0,0,0,0,0,0,0,0,0,2,0,0,0,0,0,0,0,0,0,0,0,0,0,0,0,0,0,0,0,0,0,0,0,0,0,0,13,0,0,0,0,0,0,0,0,0,0,0,0,0,0,0,0,0,0,0,0,0,0,0,0,0,0,0,0,0,0,0,0,0,0,0,0,0,0,0,0,0,0,0,0,0,0,0,0,0,0,0,0,0,0,0,0,0,0,0,0,0,0,0,0,0,0,0,0,0,0,0,0,0,0,0,0,0,0,0,0,0,0,0,0,0,0,0,0,0,0,0,0,0,0,0,0,0,0,0,0,0,0,0,0,0,0,0,0,0,0,0,0,0,0,0,0,0,0,0,0,0,0,0
OZBM,57,56,0,0,0,0,0,0,0,0,0,0,39,40,40,0,39,113,0,0,113,0,0,66,67,69,201,0,0,0,61,69,0,66,71,0,59,0,72,65,0,73,73,40,0,0,0,0,0,0,0,141,37,0,0,0,45,45,0,80,36,0,0,116,0,0,0,46,46,0,67,0,0,49,50,50,31,18,45,45,37,0,52,0,86,87,0,0,0,17,0,50,50,52,0,0,0,63,0,0,0,0,68,0,0,38,0,64,63,0,0,83,0,0,0,0,0,80,82,0,80,0,0,0,0,0,0,0,0,0,0,0,0,0,76,0,0,0,0,0,45,43,9,0,0,0,0,0,0,0,0,61,0,0,0,0,0,0,0,34,0,141,0,0,0,0,6,0,0,0,117,118,0,0,0,0,0,0,0,78,77,0,0,0,40,41,0,0,0,0,96,0,0,0,0,0,0,154,12,11,27,25,0,43,48,49,0,0,74,0,0,0,0,46,48,48,0,0,0,0,0,0,0,57,0,0,0,0,0,0,0,19,0,0,0,0,0,0,0,0,8,6,47,0,0,47,62,0,0,0,0,0,0,0,0,0,87,0,0,54,0,0,0,0,0,0,0,0,0,0,48,0,0,0,69,127,0,0,0,0,0,0,0,0,0,0,61,0,0,0,0,0,0,158,0,0,51,0,0,0,103,0,52,55,56,56,54,53,55,52,53,0,0,58,154,154,0,0,0,0,39,0,0,0,0,0,0,0,0,81,0,83,81,0,0,0,0,0,52,0,0,0,0,29,0,30,68,31,30,0,0,0,75,0,34,0,31,0,0,36,36,0,33,32,0,0,0,0,0,15,0,0,0,0,0,0,0,0,0,62,0,0,0,59,0,0,0,0,41,110,0,63,66,0,0,0,0,59,0,0,0,0,0,0,0,0,0,1,0,0,0,0,0,0,0,0,0,0,0,0,0,0
PMO,0,0,0,0,0,0,0,0,0,0,0,0,0,0,0,0,0,0,0,0,0,0,0,0,0,0,0,0,0,0,0,0,0,0,0,0,0,0,0,0,0,0,0,0,0,0,0,0,0,0,0,0,0,0,0,0,0,0,0,0,0,0,0,0,0,0,0,0,0,0,0,0,0,0,0,0,0,0,0,0,0,0,0,0,0,0,0,0,0,0,0,0,0,0,0,0,0,0,0,0,0,0,0,0,0,0,0,0,0,0,0,0,0,0,0,0,0,0,0,0,0,0,0,0,0,0,0,0,0,0,0,0,0,0,0,0,0,0,0,0,0,0,0,0,0,0,0,0,0,0,0,0,0,0,0,0,0,0,0,0,0,0,0,0,0,0,0,0,0,0,0,0,0,0,0,0,0,0,0,0,0,0,0,0,0,0,19,0,0,0,0,0,0,0,0,0,0,0,0,0,0,0,0,0,0,0,0,0,0,0,0,0,0,0,0,0,0,0,0,0,0,0,0,0,0,0,0,0,0,0,0,0,0,0,0,0,0,0,0,0,0,0,0,0,0,0,0,0,0,0,0,0,0,0,0,0,0,0,0,0,0,0,0,0,0,0,0,0,0,0,0,0,0,0,0,0,0,0,0,0,0,0,0,0,1,0,0,0,0,0,0,0,0,0,0,0,0,0,0,0,0,0,0,0,0,0,0,0,0,0,0,0,0,0,0,0,0,0,0,0,0,0,0,0,0,0,0,0,0,0,0,0,0,0,0,0,0,0,0,0,0,0,0,0,0,0,0,0,0,0,0,0,0,0,0,0,0,0,0,0,0,0,0,0,0,0,0,0,0,0,0,0,0,0,0,0,0,0,0,0,0,0,0,0,0,0,0,0,0,0,0,0,0,0,0,0,0,0,0,0,0,0,0,0,0,0,0,0,0,0,0,0,0,0,0,0,0,0,0,0,0,0
PMR,0,0,0,0,0,0,0,0,0,0,0,0,0,0,0,0,0,0,0,0,0,0,0,0,0,0,0,0,0,0,0,0,0,0,0,0,0,0,0,0,0,0,0,0,0,0,0,0,0,0,0,0,0,0,0,0,0,0,0,0,0,0,0,0,0,0,0,0,0,0,0,0,0,0,0,0,0,0,0,0,0,0,0,0,0,0,0,0,0,0,0,0,0,0,0,0,0,0,0,0,0,0,0,0,0,0,0,0,0,0,0,0,0,0,0,0,0,0,0,0,0,0,0,0,0,0,0,0,0,0,0,0,0,0,0,0,0,0,0,0,0,0,0,0,0,0,0,0,0,0,0,0,0,0,0,0,0,0,0,0,0,0,0,0,0,0,0,0,0,0,0,0,0,0,0,0,0,0,0,0,0,0,0,0,0,0,0,0,0,0,0,0,0,0,0,0,0,0,0,0,0,0,0,0,0,0,0,0,0,0,0,0,0,0,0,0,0,0,0,0,0,0,0,0,0,0,0,0,0,0,0,0,0,0,0,0,0,0,0,0,0,0,0,0,0,0,0,0,0,0,0,0,0,0,0,0,0,0,0,0,0,0,0,0,0,0,0,0,0,0,0,0,0,0,0,0,0,0,0,0,0,0,0,1,0,2,0,0,0,0,0,0,0,0,0,0,0,0,0,0,0,0,0,0,0,0,0,0,0,0,0,0,0,0,0,0,0,0,0,0,0,0,0,0,0,0,0,0,0,0,0,0,0,0,0,0,0,0,0,0,0,0,0,0,0,0,0,0,0,0,0,0,0,0,0,0,0,0,0,0,0,0,0,0,0,0,0,0,0,0,0,0,0,0,0,0,0,0,0,0,0,0,0,0,0,0,0,0,0,0,0,0,0,0,0,0,0,0,0,0,0,0,0,0,0,0,0,0,0,0,0,0,0,0,0,0,0,0,0,0,0,0
PMW,0,0,0,0,0,0,0,0,0,0,0,0,0,0,0,0,0,0,0,0,0,0,0,0,0,0,0,0,0,0,0,0,0,0,0,0,0,0,0,0,0,0,0,0,0,0,0,0,0,0,0,0,0,0,0,0,0,0,0,0,0,0,0,0,0,0,0,0,0,0,0,0,0,0,0,0,0,0,0,0,0,0,0,0,0,0,0,0,0,0,0,0,0,0,0,0,0,0,0,0,0,0,0,0,0,0,0,0,0,0,0,0,0,0,0,0,0,0,0,0,0,0,0,0,0,0,0,0,0,0,0,0,0,0,0,0,0,0,0,0,0,0,0,0,0,0,0,0,0,0,0,0,0,0,0,0,0,0,0,0,0,0,0,0,0,0,0,0,0,0,0,0,0,0,0,0,0,0,0,0,0,0,0,0,0,0,0,0,0,0,0,0,0,0,0,0,0,0,0,0,0,0,0,0,0,0,0,0,0,0,0,0,0,0,0,0,0,0,0,0,0,0,0,0,0,0,0,0,0,0,0,0,0,0,0,0,0,0,0,0,0,0,0,0,0,0,0,0,0,0,0,0,0,0,0,0,0,0,0,0,0,0,0,0,0,0,0,0,0,0,0,0,0,0,0,0,0,0,0,0,0,0,0,0,2,0,0,0,0,0,0,0,0,0,0,0,0,0,0,0,0,0,0,0,0,0,0,0,0,0,0,0,0,0,0,0,0,0,0,0,0,0,0,0,0,0,0,0,0,0,0,0,0,0,0,0,0,0,0,0,0,0,0,0,0,0,0,0,0,0,0,0,0,0,0,0,0,0,0,0,0,0,0,0,0,0,0,0,0,0,0,0,0,0,0,0,0,0,0,0,0,0,0,0,0,0,0,0,0,0,0,0,0,0,0,0,0,0,0,0,0,0,0,0,0,0,0,0,13,0,0,0,0,0,0,0,0,0,0,0,0,0
PS,60,59,0,0,0,0,0,0,0,0,0,0,72,74,73,0,72,164,0,0,164,0,0,114,115,117,232,0,0,0,61,65,0,65,65,0,61,0,64,65,0,66,66,42,0,0,0,0,0,0,0,195,63,0,0,0,52,52,0,60,60,0,0,168,0,0,0,89,89,0,6,0,0,12,11,11,31,44,71,71,24,0,68,0,69,68,0,0,0,58,0,16,67,68,0,0,0,65,0,0,0,0,66,0,0,65,0,65,63,0,0,64,0,0,0,0,0,128,132,0,129,0,0,0,0,0,0,0,0,0,0,0,0,0,15,0,0,0,0,0,27,29,61,0,0,0,0,0,0,0,0,65,0,0,0,0,0,0,0,50,0,195,0,0,0,0,62,0,0,0,170,172,0,0,0,0,0,0,0,59,59,0,0,0,46,47,0,0,0,0,146,0,0,0,0,0,0,209,66,66,56,57,0,80,66,67,0,0,61,0,0,0,0,16,13,13,0,0,0,0,0,0,0,66,0,0,0,0,0,0,0,57,0,0,0,0,0,0,0,0,61,60,24,0,0,23,65,0,0,0,0,0,0,0,0,0,26,0,0,69,0,0,0,0,0,0,0,0,0,0,18,0,0,0,66,181,0,0,0,0,0,0,61,0,0,0,0,0,0,0,0,0,0,213,0,0,10,0,0,0,154,0,14,8,7,9,11,13,11,10,9,0,0,4,209,209,0,0,0,0,69,0,0,0,0,0,0,0,0,131,0,63,62,0,0,0,0,0,96,0,0,0,0,60,0,59,126,55,58,0,0,0,124,0,55,0,56,0,0,57,56,0,55,56,0,0,0,0,0,67,0,0,0,0,0,0,0,0,0,62,0,0,0,66,0,0,0,0,41,160,0,65,65,0,0,0,0,66,0,0,0,0,0,0,0,0,0,61,0,0,0,0,0,0,0,0,0,0,0,0,0,0
PT,0,0,0,0,0,0,0,0,0,0,0,0,0,0,0,0,0,0,0,0,0,0,0,0,0,0,0,0,0,0,0,0,0,0,0,0,0,0,0,0,0,0,0,0,0,0,0,0,0,0,0,0,0,0,0,0,0,0,0,0,0,0,0,0,0,0,0,0,0,0,0,0,0,0,0,0,0,0,0,0,0,0,0,0,0,0,0,0,0,0,0,0,0,0,0,0,0,0,0,0,0,0,0,0,0,0,0,0,0,0,0,0,0,0,0,0,0,0,0,0,0,0,0,0,0,0,0,0,0,0,0,6,0,0,0,0,0,0,0,0,0,0,0,0,0,0,0,0,0,0,0,0,0,0,0,0,0,0,0,0,0,0,0,0,0,0,0,0,0,0,0,0,0,0,0,0,0,0,0,0,0,0,0,0,0,0,0,0,0,0,0,0,0,0,0,0,0,0,0,0,0,0,0,0,0,0,0,0,0,0,0,0,0,0,0,0,0,0,0,0,0,0,0,0,0,0,0,0,0,0,0,0,0,0,0,0,0,0,0,0,0,0,0,0,0,0,0,0,0,0,0,0,0,0,0,0,0,0,0,0,0,9,0,0,0,0,0,0,0,0,0,0,0,0,0,0,0,0,0,0,0,0,0,0,0,0,0,0,0,0,0,0,0,0,0,0,0,0,0,0,0,0,0,0,0,0,0,0,0,0,0,0,0,0,0,0,0,0,0,0,0,0,0,0,0,0,0,0,0,0,0,0,0,0,0,0,0,0,0,0,0,0,0,0,0,0,0,0,0,0,0,0,0,0,0,0,0,0,0,0,0,0,0,0,0,0,0,0,0,0,0,0,0,0,0,0,0,0,0,0,0,0,0,0,0,0,0,0,0,0,0,0,0,0,0,0,0,0,0,0,0,0,0,0,0,0,0,0,0,0,0,0,0,0,0,0,0,0,0,0,0,0
RAI,0,0,0,0,0,0,0,0,0,0,0,0,0,0,0,0,0,0,0,0,0,0,0,0,0,0,0,0,0,0,0,0,0,0,0,1,0,0,0,0,0,0,0,0,0,0,0,0,0,0,0,0,0,0,0,0,0,0,0,0,0,0,0,0,0,0,0,0,0,0,0,0,0,0,0,0,0,0,0,0,0,0,0,0,0,0,0,0,0,0,0,0,0,0,0,0,0,0,0,0,0,0,0,0,0,0,0,0,0,0,0,0,0,0,0,0,0,0,0,4,0,0,0,0,0,0,0,0,0,0,0,0,0,0,0,0,0,0,0,0,0,0,0,0,0,0,0,0,0,0,0,0,0,0,0,0,0,0,0,0,0,0,0,0,0,0,0,0,0,0,0,0,0,0,0,0,0,0,0,0,0,0,0,0,0,0,0,0,0,0,0,0,0,0,0,0,0,0,0,0,0,0,0,0,0,0,0,0,0,0,0,0,0,0,0,0,0,0,0,0,0,0,0,0,0,0,0,0,0,0,0,0,0,0,0,0,0,0,0,0,0,0,0,0,0,0,0,0,0,0,0,0,0,0,0,0,0,0,0,0,0,0,0,0,0,0,0,0,0,0,0,0,0,0,0,0,0,0,0,0,0,0,0,0,0,0,0,0,0,0,0,0,0,0,0,0,0,0,0,0,0,0,0,0,0,0,0,0,0,0,0,0,0,0,0,0,0,0,0,0,0,0,0,0,0,0,0,0,0,0,0,0,0,0,0,0,0,0,0,0,0,0,0,0,0,0,0,0,0,0,0,0,0,0,0,0,0,0,0,0,0,0,0,0,0,0,0,0,0,0,0,0,0,0,0,0,0,0,0,0,0,0,0,0,0,0,0,0,0,0,0,0,0,0,0,0,0,0,0,0,0,0,0,0,0,0,0,0,0,0,0,0,0,0,0,0,0,0,0,0,0,0
RAT,0,0,0,0,0,0,0,0,0,0,0,0,0,0,0,0,0,0,0,0,0,0,0,0,0,0,0,0,0,0,0,0,0,0,0,0,0,0,0,0,0,0,0,0,0,0,0,0,0,0,0,0,0,0,0,0,0,0,0,0,0,0,0,0,0,0,0,0,0,0,0,0,0,0,0,0,0,0,0,0,0,0,0,0,0,0,0,0,0,0,0,0,0,0,0,0,0,0,0,0,0,0,0,0,0,0,0,0,0,0,0,0,0,0,0,0,0,0,0,0,0,0,0,0,0,0,0,0,0,0,0,0,0,0,0,0,0,0,0,0,0,0,0,0,0,0,0,0,0,0,0,0,0,0,0,0,0,0,0,0,0,0,0,0,0,0,0,0,0,0,0,0,0,0,0,0,0,0,0,0,0,0,0,0,0,0,0,0,7,0,0,0,0,0,0,0,0,0,0,0,0,0,0,0,0,0,0,0,0,0,0,0,0,0,0,0,0,0,0,0,0,0,0,0,0,0,0,0,0,0,0,0,0,0,0,0,0,0,0,0,0,0,0,0,0,0,0,0,0,0,0,0,0,0,0,0,0,0,0,0,0,0,0,0,0,0,0,0,15,0,0,0,0,0,0,0,0,0,0,0,0,0,0,0,0,0,0,0,0,0,0,0,0,0,0,0,0,0,0,0,0,0,0,0,0,0,0,0,0,0,0,0,0,0,0,0,0,0,0,0,0,0,0,0,0,0,0,0,0,0,0,0,0,0,0,0,0,0,0,0,0,0,0,0,0,0,0,0,0,0,0,0,0,0,0,0,0,0,0,0,0,0,0,0,0,0,0,0,0,0,0,0,0,0,0,0,0,0,0,0,0,0,0,0,0,0,0,0,0,0,0,0,0,0,0,0,0,0,0,0,0,0,0,0,0,0,0,0,0,0,0,0,0,0,0,0,0,0,0,0,0,0
RB,0,0,0,0,0,0,0,0,0,0,0,0,0,0,0,0,0,0,0,0,0,0,0,0,0,0,0,0,0,0,0,0,0,0,0,0,0,0,0,0,0,0,0,0,0,0,0,0,0,0,15,0,0,0,0,0,0,0,0,0,0,0,0,0,0,0,0,0,0,0,0,0,0,0,0,0,0,0,0,0,0,0,0,0,0,0,0,0,0,0,0,0,0,0,0,0,0,0,0,0,0,0,0,0,0,0,0,0,0,0,0,0,0,0,0,0,0,0,0,0,0,0,0,0,0,0,0,0,0,0,0,0,0,0,0,0,0,0,0,0,0,0,0,0,0,0,0,0,0,0,0,0,0,0,0,0,0,0,0,0,0,0,0,0,0,0,0,0,0,0,0,0,0,0,0,0,0,0,0,0,0,0,0,0,0,0,0,0,0,0,0,0,0,0,0,0,0,0,0,0,0,0,0,0,0,0,0,0,0,0,0,4,0,0,0,0,0,0,0,0,0,0,0,0,0,0,0,0,0,0,0,0,0,0,0,0,0,0,0,0,0,0,0,0,0,0,0,0,0,0,0,0,0,0,0,0,0,0,0,0,0,0,0,0,0,0,0,0,0,0,0,0,0,0,0,0,0,0,0,0,0,0,0,0,0,0,0,0,0,0,0,0,0,0,0,0,0,0,0,0,0,0,0,0,0,0,0,0,0,0,0,0,0,0,0,0,0,0,0,0,0,0,0,0,0,0,0,0,0,0,0,0,0,0,0,0,0,0,0,0,0,0,0,0,0,0,0,0,0,0,0,0,0,0,0,0,0,0,0,0,0,0,0,0,0,0,0,0,0,0,0,0,0,0,0,0,0,0,0,0,0,0,0,0,0,0,0,0,0,0,0,0,0,0,0,0,0,0,0,0,0,0,0,0,0,0,0,0,0,0,0,0,0,0,0,0,0,0,0,0,0,0
RD,0,0,0,0,0,0,0,0,0,0,0,0,0,0,0,0,0,0,0,0,0,0,0,0,0,0,0,0,0,0,0,0,0,0,0,0,0,0,0,0,0,0,0,0,0,0,0,0,0,0,0,0,0,0,0,0,0,0,0,0,0,0,0,0,0,0,0,0,0,0,0,0,0,0,0,0,0,0,0,0,0,0,0,0,0,0,0,0,0,0,0,0,0,0,0,0,0,0,0,0,0,0,0,0,0,0,0,0,0,0,0,0,0,0,0,0,0,0,0,0,0,0,0,0,0,0,0,0,0,0,0,0,0,0,0,0,0,0,0,0,0,0,0,0,0,0,0,0,0,0,0,0,0,0,0,0,0,0,0,0,0,0,0,0,0,0,0,0,0,0,0,0,0,0,0,0,0,0,0,0,0,0,0,0,0,0,0,0,0,0,0,0,0,0,0,0,0,0,0,0,0,0,0,0,0,0,0,0,0,0,0,0,0,0,0,0,0,0,0,0,0,0,0,0,0,0,0,0,0,0,0,0,0,0,0,0,0,0,0,0,0,0,0,0,0,0,0,0,0,0,0,0,0,0,0,0,0,0,0,0,0,0,0,0,0,0,0,0,0,0,0,0,0,0,0,0,0,0,0,0,0,0,0,0,0,0,0,0,0,0,0,0,0,0,0,0,0,0,0,0,0,0,0,0,0,0,0,0,0,0,0,0,0,0,0,0,0,0,0,0,0,0,0,0,0,0,0,0,0,0,0,0,0,0,0,0,0,0,0,0,0,0,0,0,0,0,0,0,0,0,0,0,0,12,0,0,0,0,0,0,0,0,0,0,0,0,0,0,0,0,0,0,0,0,0,0,0,0,0,0,0,0,0,0,0,0,0,0,0,0,0,0,0,0,0,0,0,0,0,0,0,0,0,0,0,0,0,0,0,0,0,0,0,0,0,0,0,0,0,0,0,0
RH,0,0,0,0,0,0,0,0,0,0,0,0,0,0,0,0,0,0,0,0,0,0,0,0,0,0,0,0,0,0,0,0,0,0,0,0,0,0,0,0,0,0,0,0,0,0,0,0,0,0,0,0,0,0,0,0,0,0,0,0,0,0,0,0,0,0,0,0,0,0,0,0,0,0,0,0,0,0,0,0,0,0,0,0,0,0,0,0,0,0,0,0,0,0,0,0,0,0,0,0,0,0,0,0,0,0,0,0,0,0,8,0,0,0,0,0,0,0,0,0,0,0,0,0,0,0,0,0,0,0,0,0,0,0,0,0,0,0,0,0,0,0,0,0,0,0,0,0,0,0,0,0,0,0,0,0,0,0,0,0,0,0,0,0,0,0,0,0,0,0,0,0,0,0,0,0,0,0,0,0,0,0,0,0,0,0,0,0,0,0,0,0,0,0,0,0,0,0,0,0,0,0,0,0,0,0,0,0,0,0,0,0,0,0,0,0,0,0,0,0,0,0,0,0,0,0,0,0,0,0,0,0,0,0,0,0,0,0,0,0,0,0,0,0,0,0,0,0,0,0,0,0,0,0,0,0,0,0,0,0,0,0,0,0,0,0,0,0,0,0,0,0,0,0,0,0,0,0,0,0,0,0,0,0,0,0,0,0,0,0,0,0,0,0,0,0,0,0,0,0,0,0,0,0,0,0,0,0,0,0,0,0,0,0,0,0,0,0,0,0,0,0,0,0,0,0,0,0,0,0,0,0,0,0,0,0,0,0,0,0,0,0,0,0,0,0,0,0,0,0,0,0,0,0,0,0,0,0,0,0,0,0,0,0,0,0,0,0,0,0,0,0,0,0,0,0,5,0,0,0,0,0,0,0,0,0,0,0,0,0,0,0,0,0,0,0,0,0,0,0,0,0,0,0,0,0,0,0,0,0,0,0,0,0,0,0,0,0,0,0,0,0
RHEINE,167,167,0,0,0,0,0,0,0,0,0,0,143,141,142,0,143,54,0,0,53,0,0,100,99,97,123,0,0,0,169,173,0,170,174,0,168,0,177,169,0,176,176,197,0,0,0,0,0,0,0,19,153,0,0,0,167,167,0,191,156,0,0,47,0,0,0,125,126,0,219,0,0,202,203,203,185,172,147,146,191,0,155,0,190,191,0,0,0,155,0,198,154,154,0,0,0,166,0,0,0,0,171,0,0,150,0,168,169,0,0,191,0,0,0,0,0,87,83,0,86,0,0,0,0,0,0,0,0,0,0,0,0,0,226,0,0,0,0,0,188,186,154,0,0,0,0,0,0,0,0,165,0,0,0,0,0,0,0,188,0,19,0,0,0,0,160,0,0,0,44,42,0,0,0,0,0,0,0,190,188,0,0,0,171,169,0,0,0,0,69,0,0,0,0,0,0,8,160,160,157,157,0,135,153,154,0,0,183,0,0,0,0,201,202,202,0,0,0,0,0,0,0,160,0,0,0,0,0,0,0,156,0,0,0,0,0,0,0,0,155,156,191,0,0,192,165,0,0,0,0,0,0,0,0,0,236,0,0,155,0,0,0,0,0,0,0,0,0,0,195,0,0,0,172,34,0,0,0,0,0,0,158,0,0,0,213,0,0,0,0,0,0,0,0,0,203,0,0,0,62,0,200,205,206,205,203,201,203,204,204,0,0,209,8,8,0,0,0,0,146,0,0,0,0,0,0,0,0,84,0,191,191,0,0,0,0,0,119,0,0,0,0,180,0,181,132,185,181,0,0,0,91,0,160,0,158,0,0,158,159,0,159,158,0,0,0,0,0,162,0,0,0,0,0,0,0,0,0,170,0,0,0,162,0,0,0,0,175,58,0,167,170,0,0,0,0,163,0,0,0,0,0,0,0,0,0,157,0,0,0,0,0,0,0,0,0,0,0,0,0,0
RHN,0,0,0,0,0,0,0,0,0,0,0,0,0,0,0,0,0,0,0,0,0,0,0,0,0,0,0,0,0,0,0,0,0,0,0,0,0,0,0,0,0,0,0,0,0,0,0,0,0,0,0,0,0,0,0,0,0,0,0,0,0,0,0,0,0,0,0,0,0,0,0,0,0,0,0,0,0,0,0,0,0,0,0,0,0,0,0,0,0,0,0,0,0,0,0,0,0,0,0,0,0,0,0,0,0,0,0,0,0,0,0,0,0,0,0,0,0,0,0,0,0,0,0,0,0,0,0,0,0,0,0,0,0,0,0,0,0,0,0,0,0,0,0,0,0,0,0,0,0,0,0,0,0,0,0,0,0,0,0,0,0,0,0,0,0,0,0,0,0,0,0,0,0,0,0,0,0,0,0,0,0,0,0,0,0,0,0,0,0,0,0,0,0,0,0,0,0,0,0,0,0,0,0,0,0,0,0,0,0,0,0,0,0,0,0,0,0,0,0,0,0,0,0,0,0,0,0,0,0,0,0,0,0,0,0,0,0,0,0,0,0,0,0,0,0,0,0,0,0,0,0,0,0,0,0,0,0,0,0,0,0,0,0,0,0,0,0,0,0,0,0,0,0,0,0,0,0,0,0,0,0,0,0,0,0,0,0,0,0,0,0,0,0,0,0,0,0,0,0,0,0,0,0,0,0,0,0,0,0,0,0,0,0,0,0,0,0,0,0,0,0,0,0,0,0,0,0,0,0,0,0,0,0,0,0,0,0,0,0,0,0,0,0,0,0,0,0,0,0,0,0,0,0,0,0,0,0,0,0,0,0,0,0,0,0,0,0,0,0,0,0,0,0,0,9,0,0,0,0,0,0,0,0,0,0,0,0,0,0,0,0,0,0,0,0,0,0,0,0,0,0,0,0,0,0,0,0,0,0,0,0,0,0,0,0,0,0,0,0,0,0,0
RL,0,0,0,0,0,0,0,0,0,0,0,0,0,0,0,0,0,0,0,0,0,0,0,0,0,0,0,0,0,0,0,0,0,0,0,0,0,0,0,0,0,0,0,0,0,0,0,0,0,0,0,0,0,0,0,0,0,0,0,0,0,0,0,0,0,0,0,0,0,0,0,0,0,0,0,0,0,0,0,0,0,0,0,0,0,0,0,0,0,0,0,0,0,0,0,0,0,0,0,0,0,0,0,0,0,0,0,0,0,0,0,0,0,0,0,0,0,0,0,0,0,0,0,0,0,0,0,0,0,0,0,0,0,0,0,0,0,0,0,0,0,0,0,0,0,0,0,0,0,0,0,0,0,0,0,0,0,0,0,0,0,0,0,0,0,0,0,0,0,0,0,0,0,0,0,0,0,0,0,0,0,0,0,0,0,0,0,0,0,0,0,0,0,0,0,0,0,0,0,0,0,0,0,0,0,0,0,0,0,0,0,0,0,0,0,0,0,0,0,0,0,0,0,0,0,0,0,0,0,0,0,0,0,0,0,0,15,0,0,0,0,0,0,0,0,0,0,0,0,0,0,0,0,0,0,0,0,0,0,0,0,0,0,0,0,0,0,0,0,0,0,0,0,0,0,0,0,0,0,0,0,0,0,0,0,0,0,0,0,0,0,0,0,0,0,0,0,0,0,0,0,0,0,0,0,0,0,0,0,0,0,0,0,0,0,0,0,0,0,0,0,0,0,0,0,0,0,0,0,0,0,0,0,0,0,0,0,0,0,0,0,0,0,0,0,0,0,0,0,0,0,0,0,0,0,0,0,0,0,0,0,0,0,0,0,0,11,0,0,0,0,0,0,0,0,0,0,0,0,0,0,0,0,0,0,0,0,0,0,0,0,0,0,0,0,0,0,0,0,0,0,0,0,0,0,0,0,0,0,0,0,0,0,0,0,0,0,0,0,0,0,0
RLB,78,53,0,0,0,0,0,0,0,0,0,0,63,84,64,0,63,181,0,0,183,0,0,127,106,130,290,0,0,0,83,93,0,89,61,0,82,0,89,90,0,62,62,43,0,0,0,0,0,0,0,186,72,0,0,0,66,45,0,77,51,0,0,190,0,0,0,80,79,0,16,0,0,4,1,1,21,34,87,63,14,0,86,0,87,67,0,0,0,70,0,18,60,61,0,0,0,60,0,0,0,0,61,0,0,75,0,92,87,0,0,82,0,0,0,0,0,142,146,0,120,0,0,0,0,0,0,0,0,0,0,0,0,0,25,0,0,0,0,0,31,34,62,0,0,0,0,0,0,0,0,60,0,0,0,0,0,0,0,53,0,186,0,0,0,0,52,0,0,0,190,192,0,0,0,0,0,0,0,74,75,0,0,0,38,40,0,0,0,0,161,0,0,0,0,0,0,199,84,56,71,72,0,90,81,82,0,0,82,0,0,0,0,7,5,5,0,0,0,0,0,0,0,60,0,0,0,0,0,0,0,47,0,0,0,0,0,0,0,0,51,50,18,0,0,16,59,0,0,0,0,0,0,0,0,0,36,0,0,87,0,0,0,0,0,0,0,0,0,0,22,0,0,0,61,201,0,0,0,0,0,0,51,0,0,0,10,0,0,0,0,0,0,203,0,0,0,0,0,0,168,0,17,6,7,12,7,8,7,2,3,0,0,6,199,199,0,0,0,0,60,0,0,0,0,0,0,0,0,121,0,81,79,0,0,0,0,0,86,0,0,0,0,64,0,51,116,59,63,0,0,0,137,0,63,0,67,0,0,66,48,0,64,47,0,0,0,0,0,58,0,0,0,0,0,0,0,0,0,56,0,0,0,59,0,0,0,0,47,176,0,60,60,0,0,0,0,94,0,0,0,0,0,0,0,0,0,71,0,0,0,0,0,0,0,0,0,0,0,0,0,0
RM,0,0,0,0,0,0,0,0,0,0,0,0,0,0,0,0,0,0,0,0,0,0,0,0,0,0,0,0,0,0,0,0,0,0,0,0,0,0,0,0,0,0,0,0,0,0,0,0,0,0,0,0,0,0,0,0,0,0,0,0,0,0,0,0,0,0,0,0,0,0,0,0,0,0,0,0,0,0,0,0,0,0,0,0,0,0,0,0,0,0,0,0,0,0,0,0,0,0,0,0,0,0,0,0,0,0,0,0,0,0,0,0,0,0,0,0,0,0,0,0,0,0,0,0,16,0,0,0,0,0,0,0,0,0,0,0,0,0,0,0,0,0,0,0,0,0,0,0,0,0,0,0,0,0,0,0,0,0,0,0,0,0,0,0,0,0,0,0,0,0,0,0,0,0,0,0,0,0,0,0,0,0,0,0,0,0,0,0,0,0,0,0,0,0,0,0,0,0,0,0,0,0,0,0,0,0,0,0,0,0,0,0,0,0,0,0,0,0,0,0,0,0,0,0,0,0,0,0,0,0,0,0,0,0,0,0,0,0,0,0,0,0,0,0,0,0,0,0,0,0,0,0,0,0,0,0,0,0,0,0,0,0,0,0,0,0,0,0,0,0,0,0,0,0,0,0,0,0,0,0,0,0,0,0,0,0,0,0,0,0,0,0,0,0,0,0,0,0,0,0,0,0,0,0,0,0,0,0,0,0,0,0,0,0,0,0,0,0,0,0,0,0,0,0,0,0,0,6,0,0,0,0,0,0,0,0,0,0,0,0,0,0,0,0,0,0,0,0,0,0,0,0,0,0,0,0,0,0,0,0,0,0,0,0,0,0,0,0,0,0,0,0,0,0,0,0,0,0,0,0,0,0,0,0,0,0,0,0,0,0,0,0,0,0,0,0,0,0,0,0,25,0,0,0,0,0,0,0,0,0,0,0,0,0,0,0,0,0,0,0,0,0
RS,0,0,0,0,0,0,0,0,0,0,0,0,0,0,0,0,0,0,0,0,0,0,0,0,0,0,0,0,0,0,0,0,0,0,0,0,0,0,0,0,0,0,0,0,0,0,0,0,0,0,0,0,0,0,0,0,0,0,0,0,0,0,0,0,0,0,0,0,0,0,0,0,0,0,0,0,0,0,0,0,0,0,0,0,0,0,0,0,0,0,0,0,0,0,0,0,0,0,0,0,0,0,0,0,0,0,0,0,0,0,0,0,0,0,0,0,0,0,0,0,0,0,0,0,0,0,0,0,0,0,0,0,0,0,0,0,0,0,0,0,0,0,0,0,0,0,0,0,0,0,0,0,0,0,0,0,0,0,0,0,0,0,0,0,0,0,0,0,0,0,0,0,0,0,0,0,0,0,0,0,0,0,0,0,0,0,0,0,0,0,0,0,0,0,0,0,0,0,0,0,0,0,5,0,0,0,0,0,0,0,0,0,0,0,0,0,0,0,0,0,0,0,0,0,0,0,0,0,0,0,0,0,0,0,0,0,0,0,0,0,0,0,0,0,0,0,0,0,0,0,0,0,0,0,0,0,0,0,0,0,0,0,0,0,0,0,0,0,0,0,0,0,0,0,0,0,0,0,0,0,0,13,0,0,0,0,0,0,0,0,0,0,0,0,0,0,0,0,0,0,0,0,0,0,0,0,0,0,0,0,0,0,0,0,0,0,0,0,0,0,0,0,0,0,0,0,0,0,0,0,0,0,0,0,0,0,0,0,0,0,0,0,0,0,0,0,0,0,0,0,0,0,0,0,0,0,0,0,0,0,0,0,0,0,0,0,0,0,0,0,0,0,0,0,0,0,0,0,0,0,0,0,0,0,0,0,0,0,0,0,0,0,0,0,0,0,0,0,0,0,0,0,0,0,0,0,0,0,0,0,0,0,0,0,0,0,0,0,0,0,0,0
RSD,0,0,0,0,0,0,0,0,0,0,0,0,0,0,0,0,0,0,0,0,0,0,0,0,0,0,0,0,0,0,0,0,0,0,0,0,0,0,0,0,0,0,0,0,0,0,0,0,0,0,15,0,0,0,0,0,0,0,0,0,0,0,0,0,0,0,0,0,0,0,0,0,0,0,0,0,0,0,0,0,0,0,0,0,0,0,0,0,0,0,0,0,0,0,0,0,0,0,0,0,0,0,0,0,0,0,0,0,0,0,0,0,0,0,0,0,0,0,0,0,0,0,0,0,0,0,0,0,0,0,0,0,0,0,0,0,0,0,0,0,0,0,0,0,0,0,0,0,0,0,0,0,0,0,0,0,0,0,0,0,0,0,0,0,0,0,0,0,0,0,0,0,0,0,0,0,0,0,0,0,0,0,0,0,0,0,0,0,0,0,0,0,0,0,0,0,0,0,0,0,0,0,0,0,0,0,0,0,0,0,0,0,0,0,0,0,0,0,0,0,0,0,0,0,0,0,0,0,0,0,0,0,0,0,0,0,0,0,0,0,0,0,0,0,0,0,0,0,0,0,0,0,0,0,0,0,0,0,0,0,0,0,0,0,0,0,0,0,0,0,0,0,0,9,0,0,0,0,0,0,0,0,0,0,0,0,0,0,0,0,0,0,0,0,0,0,0,0,0,0,0,0,0,0,0,0,0,0,0,0,0,0,0,0,0,0,0,0,0,0,0,0,0,0,0,0,0,0,0,0,0,0,0,0,0,0,0,0,0,0,0,0,0,0,0,0,0,0,0,0,0,0,0,0,0,0,0,0,0,0,0,0,0,0,0,0,0,0,0,0,0,0,0,0,0,0,0,0,0,0,0,0,0,0,0,0,0,0,0,0,0,0,0,0,0,0,0,0,0,0,0,0,0,0,0,0,0,0,0,0,0,0,0,0,0,0,0,0,0,0,0,0
RSN,129,104,0,0,0,0,0,0,0,0,0,0,82,84,81,0,82,13,0,0,15,0,0,41,38,38,188,0,0,0,126,129,0,125,112,0,127,0,133,124,0,114,114,176,0,0,0,0,0,0,0,43,96,0,0,0,117,105,0,151,95,0,0,22,0,0,0,65,65,0,159,0,0,172,144,144,127,115,93,85,133,0,105,0,158,129,0,0,0,123,0,150,92,92,0,0,0,104,0,0,0,0,109,0,0,93,0,122,122,0,0,156,0,0,0,0,0,26,22,0,24,0,0,0,0,0,0,0,0,0,0,0,0,0,166,0,0,0,0,0,137,134,127,0,0,0,0,0,0,0,0,103,0,0,0,0,0,0,0,166,0,43,0,0,0,0,107,0,0,0,27,29,0,0,0,0,0,0,0,148,147,0,0,0,110,108,0,0,0,0,7,0,0,0,0,0,0,57,133,108,113,114,0,90,100,101,0,0,140,0,0,0,0,142,143,143,0,0,0,0,0,0,0,97,0,0,0,0,0,0,0,97,0,0,0,0,0,0,0,0,98,100,130,0,0,131,103,0,0,0,0,0,0,0,0,0,175,0,0,106,0,0,0,0,0,0,0,0,0,0,146,0,0,0,109,38,0,0,0,0,0,0,103,0,0,0,154,0,0,0,0,0,0,62,0,0,168,0,0,0,0,0,151,162,161,156,143,142,143,166,165,0,0,149,57,57,0,0,0,0,85,0,0,0,0,0,0,0,0,23,0,155,153,0,0,0,0,0,58,0,0,0,0,155,0,130,101,160,156,0,0,0,31,0,105,0,109,0,0,102,98,0,106,98,0,0,0,0,0,111,0,0,0,0,0,0,0,0,0,107,0,0,0,100,0,0,0,0,121,8,0,105,108,0,0,0,0,115,0,0,0,0,0,0,0,0,0,136,0,0,0,0,0,0,0,0,0,0,0,0,0,0
RSW,0,0,0,0,0,0,0,0,0,0,0,0,0,0,0,0,0,0,0,0,0,0,0,0,0,0,0,0,0,0,0,0,0,0,0,0,0,0,0,0,0,0,0,0,0,0,0,0,0,0,0,0,0,0,0,0,0,0,0,0,0,0,0,0,0,0,0,0,0,0,0,0,0,0,0,0,0,0,0,0,0,0,0,0,0,0,0,0,0,0,0,0,0,0,0,0,0,0,0,0,0,0,0,0,0,0,0,0,0,0,0,0,0,0,5,0,0,0,0,0,0,0,0,0,0,0,0,0,0,0,0,0,0,0,0,0,0,0,0,0,0,0,0,0,0,0,0,0,0,0,0,0,0,0,0,0,0,3,0,0,0,0,0,0,0,0,0,0,0,0,0,0,0,0,0,0,0,0,0,0,0,0,0,0,0,0,0,0,0,0,0,0,0,0,0,0,0,0,0,0,0,0,0,0,0,0,0,0,0,0,0,0,0,0,0,0,0,0,0,0,0,0,0,0,0,0,0,0,0,0,0,0,0,0,0,0,0,0,0,0,0,0,0,0,0,0,0,0,0,0,0,0,0,0,0,0,0,0,0,0,0,0,0,0,0,0,0,0,0,0,0,0,0,0,0,0,0,0,0,0,0,0,0,0,0,0,0,0,0,0,0,0,0,0,0,0,0,0,0,0,0,0,0,0,0,0,0,0,0,0,0,0,0,0,0,0,0,0,0,0,0,0,0,0,0,0,0,0,0,0,0,0,0,0,0,0,0,0,0,0,0,0,0,0,0,0,0,0,0,0,0,0,0,0,0,0,0,0,0,0,0,0,0,0,0,0,0,0,0,0,0,0,0,0,0,0,0,0,0,0,0,0,0,0,0,0,0,0,0,0,0,0,0,0,0,0,0,0,0,0,0,0,0,0,0,0,0,0,0,0,0,0,0,0,0,0,0,0,0,0,0,0
RTA,61,46,0,0,0,0,0,0,0,0,0,0,59,67,59,0,59,164,0,0,166,0,0,110,102,113,273,0,0,0,66,76,0,72,53,0,65,0,80,73,0,54,54,60,0,0,0,0,0,0,0,182,55,0,0,0,49,38,0,79,46,0,0,173,0,0,0,75,75,0,19,0,0,21,9,9,23,34,70,58,18,0,69,0,89,59,0,0,0,64,0,1,53,54,0,0,0,52,0,0,0,0,53,0,0,58,0,75,70,0,0,84,0,0,0,0,0,125,129,0,116,0,0,0,0,0,0,0,0,0,0,0,0,0,26,0,0,0,0,0,14,17,72,0,0,0,0,0,0,0,0,52,0,0,0,0,0,0,0,70,0,182,0,0,0,0,54,0,0,0,173,175,0,0,0,0,0,0,0,76,77,0,0,0,32,34,0,0,0,0,144,0,0,0,0,0,0,195,94,58,54,55,0,73,64,65,0,0,84,0,0,0,0,14,12,12,0,0,0,0,0,0,0,53,0,0,0,0,0,0,0,45,0,0,0,0,0,0,0,0,50,50,11,0,0,9,52,0,0,0,0,0,0,0,0,0,37,0,0,70,0,0,0,0,0,0,0,0,0,0,5,0,0,0,53,184,0,0,0,0,0,0,52,0,0,0,14,0,0,0,0,0,0,200,0,0,17,0,0,0,151,0,0,11,10,5,3,1,3,15,14,0,0,10,195,195,0,0,0,0,55,0,0,0,0,0,0,0,0,117,0,83,81,0,0,0,0,0,82,0,0,0,0,81,0,56,118,76,80,0,0,0,120,0,46,0,50,0,0,49,43,0,47,42,0,0,0,0,0,60,0,0,0,0,0,0,0,0,0,49,0,0,0,52,0,0,0,0,30,159,0,52,52,0,0,0,0,77,0,0,0,0,0,0,0,0,0,81,0,0,0,0,0,0,0,0,0,0,0,0,0,0
RTB,72,52,0,0,0,0,0,0,0,0,0,0,64,78,65,0,64,175,0,0,177,0,0,121,107,124,284,0,0,0,77,87,0,83,58,0,76,0,83,84,0,59,59,49,0,0,0,0,0,0,0,187,66,0,0,0,60,44,0,71,51,0,0,184,0,0,0,81,80,0,14,0,0,10,7,7,25,37,81,63,19,0,80,0,81,63,0,0,0,75,0,12,59,60,0,0,0,57,0,0,0,0,59,0,0,69,0,86,81,0,0,76,0,0,0,0,0,136,140,0,121,0,0,0,0,0,0,0,0,0,0,0,0,0,22,0,0,0,0,0,25,28,68,0,0,0,0,0,0,0,0,58,0,0,0,0,0,0,0,59,0,187,0,0,0,0,56,0,0,0,184,186,0,0,0,0,0,0,0,68,69,0,0,0,37,39,0,0,0,0,155,0,0,0,0,0,0,200,90,61,65,66,0,84,75,76,0,0,76,0,0,0,0,13,10,10,0,0,0,0,0,0,0,58,0,0,0,0,0,0,0,50,0,0,0,0,0,0,0,0,54,53,16,0,0,15,58,0,0,0,0,0,0,0,0,0,32,0,0,81,0,0,0,0,0,0,0,0,0,0,16,0,0,0,58,195,0,0,0,0,0,0,55,0,0,0,8,0,0,0,0,0,0,205,0,0,6,0,0,0,162,0,11,0,1,6,3,4,3,4,3,0,0,5,200,200,0,0,0,0,61,0,0,0,0,0,0,0,0,122,0,75,73,0,0,0,0,0,87,0,0,0,0,70,0,56,121,65,69,0,0,0,131,0,57,0,61,0,0,60,48,0,58,47,0,0,0,0,0,62,0,0,0,0,0,0,0,0,0,54,0,0,0,58,0,0,0,0,41,170,0,58,57,0,0,0,0,88,0,0,0,0,0,0,0,0,0,77,0,0,0,0,0,0,0,0,0,0,0,0,0,0
RTD,71,52,0,0,0,0,0,0,0,0,0,0,65,77,66,0,65,174,0,0,176,0,0,120,108,123,283,0,0,0,76,86,0,82,58,0,75,0,82,83,0,59,59,50,0,0,0,0,0,0,0,189,65,0,0,0,59,45,0,70,52,0,0,183,0,0,0,82,81,0,13,0,0,11,8,8,26,39,80,64,20,0,79,0,80,63,0,0,0,74,0,11,60,61,0,0,0,58,0,0,0,0,59,0,0,68,0,85,80,0,0,75,0,0,0,0,0,135,139,0,122,0,0,0,0,0,0,0,0,0,0,0,0,0,20,0,0,0,0,0,24,27,69,0,0,0,0,0,0,0,0,58,0,0,0,0,0,0,0,60,0,189,0,0,0,0,58,0,0,0,183,185,0,0,0,0,0,0,0,67,68,0,0,0,38,40,0,0,0,0,154,0,0,0,0,0,0,202,91,62,64,65,0,83,74,75,0,0,75,0,0,0,0,14,11,11,0,0,0,0,0,0,0,59,0,0,0,0,0,0,0,51,0,0,0,0,0,0,0,0,55,55,17,0,0,16,58,0,0,0,0,0,0,0,0,0,31,0,0,80,0,0,0,0,0,0,0,0,0,0,15,0,0,0,59,194,0,0,0,0,0,0,56,0,0,0,7,0,0,0,0,0,0,206,0,0,7,0,0,0,161,0,10,1,0,5,4,5,3,5,4,0,0,4,202,202,0,0,0,5,62,0,0,0,0,0,0,0,0,123,0,74,72,0,0,0,0,0,89,0,0,0,0,71,0,57,122,66,70,0,0,0,130,0,56,0,60,0,0,59,49,0,57,49,0,0,0,0,0,64,0,0,0,0,0,0,0,0,0,54,0,0,0,58,0,0,0,0,40,169,0,58,58,0,0,0,0,87,0,0,0,0,0,0,0,0,0,78,0,0,0,0,0,0,0,0,0,0,0,0,0,0
RTN,66,50,0,0,0,0,0,0,0,0,0,0,64,72,64,0,64,169,0,0,171,0,0,115,107,118,278,0,0,0,71,81,0,77,56,0,70,0,85,78,0,57,57,55,0,0,0,0,0,0,0,187,60,0,0,0,54,43,0,75,51,0,0,178,0,0,0,80,80,0,14,0,0,16,9,9,26,39,75,62,21,0,74,0,85,61,0,0,0,69,0,6,58,59,0,0,0,56,0,0,0,0,57,0,0,63,0,80,75,0,0,80,0,0,0,0,0,130,134,0,121,0,0,0,0,0,0,0,0,0,0,0,0,0,21,0,0,0,0,0,19,22,74,0,0,0,0,0,0,0,0,56,0,0,0,0,0,0,0,65,0,187,0,0,0,0,58,0,0,0,178,180,0,0,0,0,0,0,0,72,73,0,0,0,37,38,0,0,0,0,149,0,0,0,0,0,0,200,96,62,59,60,0,78,69,70,0,0,80,0,0,0,0,15,12,12,0,0,0,0,0,0,0,57,0,0,0,0,0,0,0,50,0,0,0,0,0,0,0,0,55,54,15,0,0,14,56,0,0,0,0,0,0,0,0,0,32,0,0,75,0,0,0,0,0,0,0,0,0,0,10,0,0,0,57,189,0,0,0,0,0,0,56,0,0,0,9,0,0,0,0,0,0,205,0,0,12,0,0,0,156,0,5,6,5,0,2,4,2,10,9,0,0,6,200,200,0,0,0,0,60,0,0,0,0,0,0,0,0,122,0,79,77,0,0,0,0,0,87,0,0,0,0,76,0,58,122,71,75,0,0,0,125,0,51,0,55,0,0,54,47,0,52,47,0,0,0,0,0,64,0,0,0,0,0,0,0,0,0,52,0,0,0,56,0,0,0,0,35,164,0,56,56,0,0,0,0,82,0,0,0,0,0,0,0,0,0,83,0,0,0,0,0,0,0,0,0,0,0,0,0,0
RTNG,49,48,0,0,0,0,0,0,0,0,0,0,61,63,62,0,61,153,0,0,153,0,0,104,105,106,221,0,0,0,50,55,0,54,55,0,50,0,54,54,0,56,56,43,0,0,0,0,0,0,0,185,52,0,0,0,41,41,0,52,49,0,0,158,0,0,0,78,78,0,16,0,0,10,9,9,25,37,60,60,19,0,57,0,60,60,0,0,0,49,0,5,56,57,0,0,0,54,0,0,0,0,55,0,0,54,0,54,52,0,0,56,0,0,0,0,0,118,121,0,119,0,0,0,0,0,0,0,0,0,0,0,0,0,23,0,0,0,0,0,15,18,53,0,0,0,0,0,0,0,0,54,0,0,0,0,0,0,0,49,0,185,0,0,0,0,56,0,0,0,160,162,0,0,0,0,0,0,0,50,50,0,0,0,35,36,0,0,0,0,136,0,0,0,0,0,0,198,61,61,46,46,0,69,55,56,0,0,51,0,0,0,0,15,12,12,0,0,0,0,0,0,0,55,0,0,0,0,0,0,0,48,0,0,0,0,0,0,0,0,53,52,13,0,0,12,54,0,0,0,0,0,0,0,0,0,34,0,0,58,0,0,0,0,0,0,0,0,0,0,7,0,0,0,55,170,0,0,0,0,0,0,54,0,0,0,11,0,0,0,0,0,0,203,0,0,7,0,0,0,143,0,3,3,4,2,0,1,1,6,5,0,0,8,198,198,0,0,0,0,58,0,0,0,0,0,0,0,0,120,0,55,53,0,0,0,0,0,85,0,0,0,0,58,0,57,120,53,56,0,0,0,113,0,44,0,45,0,0,46,45,0,44,45,0,0,0,0,0,62,0,0,0,0,0,0,0,0,0,51,0,0,0,55,0,0,0,0,30,149,0,54,54,0,0,0,0,55,0,0,0,0,0,0,0,0,0,54,0,0,0,0,0,0,0,0,0,0,0,0,0,0
RTNGO,48,47,0,0,0,0,0,0,0,0,0,0,60,62,61,0,60,152,0,0,152,0,0,102,103,105,219,0,0,0,49,54,0,53,54,0,49,0,53,53,0,55,55,43,0,0,0,0,0,0,0,184,50,0,0,0,40,40,0,51,47,0,0,156,0,0,0,77,76,0,18,0,0,11,9,9,24,35,59,59,18,0,56,0,59,60,0,0,0,48,0,4,55,56,0,0,0,53,0,0,0,0,54,0,0,53,0,53,51,0,0,55,0,0,0,0,0,116,120,0,117,0,0,0,0,0,0,0,0,0,0,0,0,0,25,0,0,0,0,0,14,16,51,0,0,0,0,0,0,0,0,53,0,0,0,0,0,0,0,49,0,184,0,0,0,0,55,0,0,0,158,160,0,0,0,0,0,0,0,49,49,0,0,0,33,35,0,0,0,0,134,0,0,0,0,0,0,197,60,60,45,45,0,68,54,54,0,0,51,0,0,0,0,14,12,12,0,0,0,0,0,0,0,54,0,0,0,0,0,0,0,46,0,0,0,0,0,0,0,0,51,51,12,0,0,11,53,0,0,0,0,0,0,0,0,0,35,0,0,56,0,0,0,0,0,0,0,0,0,0,6,0,0,0,54,169,0,0,0,0,0,0,53,0,0,0,13,0,0,0,0,0,0,201,0,0,8,0,0,0,142,0,1,4,5,4,1,0,2,6,5,0,0,9,197,197,0,0,0,0,57,0,0,0,0,0,0,0,0,119,0,54,53,0,0,0,0,0,84,0,0,0,0,58,0,56,119,52,56,0,0,0,112,0,43,0,44,0,0,44,44,0,43,44,0,0,0,0,0,61,0,0,0,0,0,0,0,0,0,50,0,0,0,53,0,0,0,0,29,148,0,53,53,0,0,0,0,53,0,0,0,0,0,0,0,0,0,53,0,0,0,0,0,0,0,0,0,0,0,0,0,0
RTNGW,49,49,0,0,0,0,0,0,0,0,0,0,62,64,63,0,62,154,0,0,154,0,0,104,105,107,221,0,0,0,51,55,0,55,55,0,50,0,54,54,0,56,56,43,0,0,0,0,0,0,0,186,52,0,0,0,42,41,0,52,49,0,0,158,0,0,0,79,78,0,16,0,0,11,9,9,25,37,61,61,20,0,57,0,60,60,0,0,0,49,0,6,57,57,0,0,0,55,0,0,0,0,56,0,0,55,0,55,53,0,0,56,0,0,0,0,0,118,122,0,119,0,0,0,0,0,0,0,0,0,0,0,0,0,23,0,0,0,0,0,16,18,53,0,0,0,0,0,0,0,0,55,0,0,0,0,0,0,0,49,0,186,0,0,0,0,56,0,0,0,160,162,0,0,0,0,0,0,0,50,50,0,0,0,35,37,0,0,0,0,136,0,0,0,0,0,0,199,61,61,46,47,0,70,56,56,0,0,52,0,0,0,0,15,12,12,0,0,0,0,0,0,0,56,0,0,0,0,0,0,0,48,0,0,0,0,0,0,0,0,53,53,14,0,0,12,55,0,0,0,0,0,0,0,0,0,33,0,0,58,0,0,0,0,0,0,0,0,0,0,8,0,0,0,55,171,0,0,0,0,0,0,55,0,0,0,11,0,0,0,0,0,0,203,0,0,7,0,0,0,143,0,3,3,3,2,1,2,0,6,5,0,0,7,199,199,0,0,0,0,59,0,0,0,0,0,0,0,0,120,0,55,53,0,0,0,0,0,86,0,0,0,0,58,0,57,121,53,57,0,0,0,114,0,44,0,46,0,0,46,46,0,45,46,0,0,0,0,0,63,0,0,0,0,0,0,0,0,0,51,0,0,0,55,0,0,0,0,31,150,0,55,55,0,0,0,0,55,0,0,0,0,0,0,0,0,0,54,0,0,0,0,0,0,0,0,0,0,0,0,0,0
RTST,76,53,0,0,0,0,0,0,0,0,0,0,63,82,64,0,63,179,0,0,181,0,0,125,106,128,288,0,0,0,81,91,0,87,60,0,80,0,87,88,0,61,61,45,0,0,0,0,0,0,0,186,70,0,0,0,64,44,0,75,51,0,0,188,0,0,0,80,79,0,15,0,0,6,3,3,22,35,85,63,16,0,84,0,85,66,0,0,0,72,0,16,59,60,0,0,0,59,0,0,0,0,60,0,0,73,0,90,85,0,0,80,0,0,0,0,0,140,144,0,120,0,0,0,0,0,0,0,0,0,0,0,0,0,24,0,0,0,0,0,29,32,64,0,0,0,0,0,0,0,0,59,0,0,0,0,0,0,0,55,0,186,0,0,0,0,53,0,0,0,188,190,0,0,0,0,0,0,0,72,73,0,0,0,37,39,0,0,0,0,159,0,0,0,0,0,0,199,86,58,69,70,0,88,79,80,0,0,80,0,0,0,0,9,6,6,0,0,0,0,0,0,0,59,0,0,0,0,0,0,0,48,0,0,0,0,0,0,0,0,52,51,17,0,0,16,59,0,0,0,0,0,0,0,0,0,35,0,0,85,0,0,0,0,0,0,0,0,0,0,20,0,0,0,60,199,0,0,0,0,0,0,52,0,0,0,10,0,0,0,0,0,0,204,0,0,2,0,0,0,166,0,15,4,5,10,6,6,6,0,1,0,0,5,199,199,0,0,0,0,60,0,0,0,0,0,0,0,0,121,0,79,77,0,0,0,0,0,87,0,0,0,0,66,0,52,117,61,65,0,0,0,135,0,61,0,65,0,0,64,47,0,62,47,0,0,0,0,0,59,0,0,0,0,0,0,0,0,0,55,0,0,0,59,0,0,0,0,45,174,0,59,59,0,0,0,0,92,0,0,0,0,0,0,0,0,0,73,0,0,0,0,0,0,0,0,0,0,0,0,0,0
RTZ,75,52,0,0,0,0,0,0,0,0,0,0,63,81,64,0,63,178,0,0,180,0,0,124,106,127,287,0,0,0,80,90,0,86,59,0,79,0,86,87,0,60,60,46,0,0,0,0,0,0,0,186,69,0,0,0,63,44,0,74,51,0,0,187,0,0,0,80,80,0,15,0,0,7,5,5,23,36,84,63,17,0,83,0,84,65,0,0,0,73,0,15,59,60,0,0,0,58,0,0,0,0,59,0,0,72,0,89,84,0,0,79,0,0,0,0,0,139,143,0,120,0,0,0,0,0,0,0,0,0,0,0,0,0,23,0,0,0,0,0,28,31,65,0,0,0,0,0,0,0,0,58,0,0,0,0,0,0,0,56,0,186,0,0,0,0,55,0,0,0,187,189,0,0,0,0,0,0,0,71,72,0,0,0,37,39,0,0,0,0,158,0,0,0,0,0,0,199,87,59,68,69,0,87,78,79,0,0,79,0,0,0,0,10,8,8,0,0,0,0,0,0,0,59,0,0,0,0,0,0,0,48,0,0,0,0,0,0,0,0,52,52,16,0,0,15,58,0,0,0,0,0,0,0,0,0,34,0,0,84,0,0,0,0,0,0,0,0,0,0,19,0,0,0,59,198,0,0,0,0,0,0,53,0,0,0,9,0,0,0,0,0,0,204,0,0,3,0,0,0,165,0,14,3,4,9,5,5,5,1,0,0,0,5,199,199,0,0,0,0,60,0,0,0,0,0,0,0,0,122,0,78,76,0,0,0,0,0,87,0,0,0,0,67,0,54,119,62,66,0,0,0,134,0,60,0,64,0,0,63,47,0,61,47,0,0,0,0,0,60,0,0,0,0,0,0,0,0,0,55,0,0,0,58,0,0,0,0,44,173,0,58,58,0,0,0,0,91,0,0,0,0,0,0,0,0,0,74,0,0,0,0,0,0,0,0,0,0,0,0,0,0
RV,0,0,0,0,0,0,0,0,0,0,0,0,0,0,0,0,0,0,0,0,0,0,0,0,0,0,0,0,0,0,0,0,0,0,0,0,0,0,0,0,0,0,0,0,0,0,0,0,0,0,0,0,0,0,0,0,0,0,0,0,0,0,0,0,0,0,0,0,0,0,0,0,0,0,0,0,0,0,0,0,0,0,0,0,0,0,0,0,0,0,0,0,0,0,0,0,0,0,0,0,0,0,0,0,0,0,0,0,0,0,0,0,0,0,0,0,0,0,0,0,0,0,0,0,0,0,0,0,0,0,0,0,0,0,0,0,0,0,0,0,0,0,0,0,0,0,0,0,0,0,0,0,0,0,0,0,0,0,0,0,0,0,0,0,0,0,0,0,0,0,0,0,0,0,0,0,0,0,0,0,0,0,0,0,0,0,0,0,0,0,0,0,0,0,0,0,0,0,0,0,0,0,0,0,0,0,0,0,0,0,0,0,0,0,0,0,0,0,0,0,0,0,0,0,0,0,0,0,0,0,0,0,0,0,0,0,0,0,0,0,0,0,0,0,0,0,0,0,0,0,0,0,0,0,0,0,0,0,0,0,0,0,0,0,0,0,0,0,0,0,0,0,0,0,0,0,0,0,0,0,0,0,0,0,0,0,0,0,0,0,0,0,0,0,0,0,0,0,0,0,0,0,0,0,0,0,0,0,0,0,0,0,0,0,0,0,0,0,0,0,0,0,0,0,0,0,0,7,0,0,0,0,0,0,0,0,0,0,0,0,0,0,0,0,0,0,0,0,0,9,0,0,0,0,0,0,0,0,0,0,0,0,0,0,0,0,0,0,0,0,0,0,0,0,0,0,0,0,0,0,0,0,0,0,0,0,0,0,0,0,0,0,0,0,0,0,0,0,0,0,0,0,0,0,0,0,0,0,0,0,0,0,0,0,0,0,0,0,0,0,0,0
RVS,0,0,0,0,0,0,0,0,0,0,0,0,0,0,0,0,0,0,0,0,0,0,0,0,0,0,0,0,0,0,0,0,0,0,0,0,0,0,0,0,0,0,0,0,0,0,0,0,0,0,0,0,0,0,0,0,0,0,0,0,0,0,0,0,0,0,0,0,0,0,0,0,0,0,0,0,0,0,0,0,0,0,0,0,0,0,0,0,0,0,0,0,0,0,0,0,0,0,0,0,0,0,0,0,0,0,0,0,0,0,0,0,0,0,0,0,0,0,0,0,0,0,0,0,0,0,0,0,0,0,0,0,0,0,0,0,0,0,0,0,0,0,0,0,0,0,0,0,0,0,0,0,0,0,0,0,0,0,0,0,0,0,0,0,0,0,0,0,0,0,0,0,0,0,0,0,0,0,0,0,0,0,0,0,0,0,0,0,0,0,0,0,0,0,0,0,0,0,0,0,0,0,0,0,0,0,0,0,0,0,0,0,0,0,0,0,0,0,0,0,0,0,0,0,0,0,0,0,0,0,0,0,0,0,0,0,0,0,0,0,0,0,0,0,0,0,0,0,0,0,0,0,0,0,0,0,0,0,0,0,0,0,0,0,0,0,0,0,0,0,0,10,0,0,0,0,0,0,0,0,0,0,0,0,0,0,0,0,0,0,0,0,0,0,0,0,0,0,0,0,0,0,0,0,0,0,0,0,0,0,0,0,0,0,0,0,0,0,0,0,0,0,0,0,0,0,0,0,0,0,0,0,0,0,0,0,0,0,0,0,0,0,0,0,0,0,0,0,0,0,0,0,0,0,0,0,0,0,0,0,0,0,0,0,0,0,0,0,0,0,0,0,0,0,0,0,0,0,0,0,0,0,0,0,0,0,0,8,0,0,0,0,0,0,0,0,0,0,0,0,0,0,0,0,0,0,0,0,0,0,0,0,0,0,0,0,0,0,0,0,0,0
RWHV,57,56,0,0,0,0,0,0,0,0,0,0,68,70,69,0,68,160,0,0,160,0,0,110,111,113,228,0,0,0,58,63,0,62,63,0,57,0,62,62,0,63,63,40,0,0,0,0,0,0,0,191,59,0,0,0,49,49,0,58,56,0,0,164,0,0,0,85,84,0,10,0,0,9,7,7,27,40,67,68,21,0,65,0,67,67,0,0,0,54,0,12,64,64,0,0,0,62,0,0,0,0,63,0,0,61,0,62,60,0,0,63,0,0,0,0,0,124,128,0,125,0,0,0,0,0,0,0,0,0,0,0,0,0,19,0,0,0,0,0,23,25,57,0,0,0,0,0,0,0,0,62,0,0,0,0,0,0,0,48,0,191,0,0,0,0,59,0,0,0,166,168,0,0,0,0,0,0,0,57,57,0,0,0,42,44,0,0,0,0,142,0,0,0,0,0,0,204,63,63,52,52,0,76,63,63,0,0,59,0,0,0,0,13,10,10,0,0,0,0,0,0,0,63,0,0,0,0,0,0,0,53,0,0,0,0,0,0,0,0,57,56,21,0,0,19,62,0,0,0,0,0,0,0,0,0,30,0,0,65,0,0,0,0,0,0,0,0,0,0,15,0,0,0,63,176,0,0,0,0,0,0,58,0,0,0,4,0,0,0,0,0,0,209,0,0,6,0,0,0,149,0,10,5,4,6,8,9,7,5,5,0,0,0,204,204,0,0,0,0,65,0,0,0,0,0,0,0,0,126,0,62,60,0,0,0,0,0,92,0,0,0,0,58,0,56,122,52,56,0,0,0,120,0,51,0,52,0,0,53,52,0,51,52,0,0,0,0,0,64,0,0,0,0,0,0,0,0,0,58,0,0,0,62,0,0,0,0,38,156,0,62,62,0,0,0,0,62,0,0,0,0,0,0,0,0,0,57,0,0,0,0,0,0,0,0,0,0,0,0,0,0
SALZBERGEN,161,161,0,0,0,0,0,0,0,0,0,0,138,136,137,0,138,47,0,0,47,0,0,95,94,92,116,0,0,0,163,167,0,164,168,0,163,0,171,163,0,170,170,194,0,0,0,0,0,0,0,13,148,0,0,0,162,162,0,185,151,0,0,41,0,0,0,120,121,0,214,0,0,198,199,199,181,168,141,141,187,0,149,0,184,185,0,0,0,151,0,193,149,149,0,0,0,161,0,0,0,0,166,0,0,145,0,162,163,0,0,185,0,0,0,0,0,81,78,0,80,0,0,0,0,0,0,0,0,0,0,0,0,0,221,0,0,0,0,0,184,181,150,0,0,0,0,0,0,0,0,159,0,0,0,0,0,0,0,185,0,13,0,0,0,0,157,0,0,0,38,37,0,0,0,0,0,0,0,184,182,0,0,0,166,164,0,0,0,0,63,0,0,0,0,0,0,0,157,157,152,152,0,130,148,148,0,0,177,0,0,0,0,197,197,197,0,0,0,0,0,0,0,154,0,0,0,0,0,0,0,152,0,0,0,0,0,0,0,0,151,152,186,0,0,187,160,0,0,0,0,0,0,0,0,0,231,0,0,149,0,0,0,0,0,0,0,0,0,0,191,0,0,0,166,28,0,0,0,0,0,0,154,0,0,0,209,0,0,0,0,0,0,8,0,0,199,0,0,0,57,0,195,200,202,200,198,197,199,199,199,0,0,204,0,0,0,0,0,0,141,0,0,0,0,0,0,0,0,79,0,185,185,0,0,0,0,0,114,0,0,0,0,177,0,178,132,182,179,0,0,0,86,0,155,0,153,0,0,153,154,0,154,153,0,0,0,0,0,159,0,0,0,0,0,0,0,0,0,164,0,0,0,157,0,0,0,0,170,52,0,161,164,0,0,0,0,157,0,0,0,0,0,0,0,0,0,154,0,0,0,0,0,0,0,0,0,0,0,0,0,0
SBG,161,161,0,0,0,0,0,0,0,0,0,0,138,136,137,0,138,47,0,0,47,0,0,95,94,92,116,0,0,0,163,167,0,164,168,0,163,0,171,163,0,170,170,194,0,0,0,0,0,0,0,13,148,0,0,0,162,162,0,185,151,0,0,41,0,0,0,120,121,0,214,0,0,198,199,199,181,168,141,141,187,0,149,0,184,185,0,0,0,151,0,193,149,149,0,0,0,161,0,0,0,0,166,0,0,145,0,162,163,0,0,185,0,0,0,0,0,81,78,0,80,0,0,0,0,0,0,0,0,0,0,0,0,0,221,0,0,0,0,0,184,181,150,0,0,0,0,0,0,0,0,159,0,0,0,0,0,0,0,185,0,13,0,0,0,0,157,0,0,0,38,37,0,0,0,0,0,0,0,184,182,0,0,0,166,164,0,0,0,0,63,0,0,0,0,0,0,0,157,157,152,152,0,130,148,148,0,0,177,0,0,0,0,197,197,197,0,0,0,0,0,0,0,154,0,0,0,0,0,0,0,152,0,0,0,0,0,0,0,0,151,152,186,0,0,187,160,0,0,0,0,0,0,0,0,0,231,0,0,149,0,0,0,0,0,0,0,0,0,0,191,0,0,0,166,28,0,0,0,0,0,0,154,0,0,0,209,0,0,0,0,0,0,8,0,0,199,0,0,0,57,0,195,200,202,200,198,197,199,199,199,0,0,204,0,0,0,0,0,0,141,0,0,0,0,0,0,0,0,79,0,185,185,0,0,0,0,0,114,0,0,0,0,177,0,178,132,182,179,0,0,0,86,0,155,0,153,0,0,153,154,0,154,153,0,0,0,0,0,159,0,0,0,0,0,0,0,0,0,164,0,0,0,157,0,0,0,0,170,52,0,161,164,0,0,0,0,157,0,0,0,0,0,0,0,0,0,154,0,0,0,0,0,0,0,0,0,0,0,0,0,0
SBK,0,0,0,0,0,0,0,0,0,0,0,0,0,0,0,0,0,0,0,0,0,0,0,0,0,0,0,0,0,0,0,0,0,0,0,0,0,0,0,0,0,0,0,0,0,0,0,0,0,0,0,0,0,0,0,0,0,0,0,0,0,0,0,0,0,0,0,0,0,0,0,0,0,0,0,0,0,0,0,0,0,0,0,0,0,0,0,0,0,0,0,0,0,0,0,0,0,0,0,0,0,0,0,0,0,0,0,0,0,0,0,0,0,0,0,0,0,0,0,0,0,0,0,0,0,0,0,0,0,0,0,0,0,0,0,0,0,0,0,0,0,0,0,0,0,0,3,0,0,0,0,0,0,0,0,0,0,0,0,0,0,0,0,0,0,0,0,0,0,0,0,0,0,0,0,0,0,0,0,0,0,0,0,0,0,0,0,0,0,0,0,0,0,0,0,0,0,0,0,0,0,0,0,0,0,0,0,0,0,0,0,0,0,0,0,0,0,0,0,0,0,0,0,0,0,0,0,0,0,0,0,0,0,0,0,0,0,0,0,0,0,0,0,0,0,0,0,0,0,0,0,0,0,0,0,0,0,0,0,0,0,0,0,0,0,0,0,0,0,0,0,0,0,0,0,0,0,0,0,0,0,0,0,0,0,0,0,0,0,0,0,0,0,0,0,0,0,0,0,0,0,0,0,0,0,0,0,0,0,0,0,0,0,0,0,0,0,0,0,0,0,0,0,0,0,0,0,0,2,0,0,0,0,0,0,0,0,0,0,0,0,0,0,0,0,0,0,0,0,0,0,0,0,0,0,0,0,0,0,0,0,0,0,0,0,0,0,0,0,0,0,0,0,0,0,0,0,0,0,0,0,0,0,0,0,0,0,0,0,0,0,0,0,0,0,0,0,0,0,0,0,0,0,0,0,0,0,0,0,0,0,0,0,0,0,0,0,0,0,0,0,0
SD,0,0,0,0,0,0,0,0,0,0,0,0,0,0,0,0,0,0,0,0,0,0,0,0,0,0,0,0,0,0,0,0,0,0,0,0,0,0,0,0,0,0,0,0,0,0,0,0,0,0,0,0,0,0,0,0,0,0,0,0,0,0,0,0,0,0,0,0,0,0,0,0,0,0,0,0,0,0,4,0,0,0,0,0,0,0,0,0,0,0,0,0,0,0,0,0,0,0,0,0,0,0,0,0,0,0,0,0,0,0,0,0,0,0,0,0,0,0,0,0,0,0,0,0,0,0,0,0,0,0,0,0,0,0,0,0,0,0,0,0,0,0,0,0,0,0,0,0,0,0,0,0,0,0,0,0,0,0,0,0,0,0,0,0,0,0,0,0,0,0,0,0,0,0,0,0,0,0,0,0,0,0,0,0,0,0,0,0,0,0,0,0,0,0,0,0,0,0,0,0,0,0,0,0,0,0,0,0,0,0,0,0,0,0,0,0,0,0,0,0,0,0,0,0,0,0,0,0,0,0,0,0,0,0,0,0,0,0,0,0,0,0,0,0,0,0,0,0,0,0,0,0,0,0,0,0,0,0,0,0,0,0,0,0,0,0,0,0,0,0,0,0,0,0,0,0,0,0,0,0,0,0,0,0,0,0,0,0,0,0,0,0,0,0,0,0,0,0,0,0,0,0,0,0,0,0,0,0,0,0,0,0,0,0,0,0,0,0,0,0,0,0,0,0,0,0,0,0,0,0,0,0,0,0,0,2,0,0,0,0,0,0,0,0,0,0,0,0,0,0,0,0,0,0,0,0,0,0,0,0,0,0,0,0,0,0,0,0,0,0,0,0,0,0,0,0,0,0,0,0,0,0,0,0,0,0,0,0,0,0,0,0,0,0,0,0,0,0,0,0,0,0,0,0,0,0,0,0,0,0,0,0,0,0,0,0,0,0,0,0,0,0
SDA,0,0,0,0,0,0,0,0,0,0,0,0,0,0,0,0,0,0,0,0,0,0,0,0,0,0,0,0,0,0,0,0,0,0,0,0,0,0,0,0,0,0,0,0,0,0,0,0,0,0,0,0,0,0,0,0,0,0,0,0,0,0,0,0,0,0,0,0,0,0,0,0,0,0,0,0,0,0,0,0,0,0,0,0,0,0,0,0,0,0,0,0,0,0,0,0,0,0,0,0,0,0,0,0,0,0,0,0,0,0,0,0,0,0,0,0,0,0,0,0,0,0,0,0,0,0,0,0,0,0,0,0,0,0,0,0,0,0,0,0,0,0,0,0,0,0,0,0,0,0,0,0,0,0,0,0,0,0,0,0,0,0,0,0,0,0,0,0,0,0,0,0,0,0,0,0,0,0,0,0,0,0,0,0,0,0,0,0,0,0,0,0,0,0,0,0,0,0,0,0,0,0,0,0,0,0,0,0,0,0,0,0,0,0,0,0,0,0,0,0,0,0,0,0,0,0,0,0,0,0,0,0,0,0,0,0,0,0,0,0,0,0,0,0,0,0,0,0,0,0,0,0,0,0,0,0,0,0,0,0,0,0,0,0,0,0,0,0,0,0,0,0,0,0,0,0,0,0,0,0,0,0,0,0,0,0,0,0,0,0,0,0,0,0,0,0,0,0,0,0,0,0,0,0,0,0,0,0,0,0,0,0,0,0,0,0,0,0,0,0,0,0,0,0,0,0,0,0,0,0,0,0,0,0,0,0,0,0,0,0,0,0,0,0,0,0,0,0,0,0,0,0,0,0,0,0,0,0,0,0,0,0,0,0,0,0,0,0,0,0,0,0,0,0,0,0,0,0,0,0,0,0,0,0,0,0,0,0,0,0,0,0,0,0,0,0,0,0,6,0,0,0,0,0,0,0,9,0,0,0,0,0,0,0,0,0,0,0,0,0,0,0
SDM,0,0,0,0,0,0,0,0,0,0,0,0,0,0,0,0,0,0,0,0,0,0,0,0,0,0,0,0,0,0,0,0,0,0,0,0,0,0,0,0,0,0,0,0,0,0,0,0,0,0,0,0,0,0,0,0,0,0,0,0,0,0,0,0,0,0,0,0,0,0,0,0,0,0,0,0,0,0,0,0,0,0,0,0,0,0,0,0,0,0,0,0,0,0,0,0,0,0,0,0,0,0,0,0,0,0,0,0,0,0,0,0,0,0,0,0,10,0,0,0,0,0,0,0,0,0,0,0,0,0,0,0,0,0,0,0,0,0,0,0,0,0,0,0,0,0,0,0,0,0,0,0,0,0,0,0,0,0,0,0,0,0,0,0,0,0,0,0,0,0,0,0,0,0,0,0,0,0,0,0,0,0,0,0,0,0,0,0,0,0,0,0,0,0,0,0,0,0,0,0,0,0,0,0,0,0,0,0,0,0,0,0,0,0,0,0,0,0,0,0,0,0,0,0,0,0,0,0,0,0,0,0,0,0,0,0,0,0,0,0,0,0,0,0,0,0,0,0,0,0,0,0,0,0,0,0,0,0,0,0,0,0,0,0,0,0,0,0,0,0,0,0,0,0,0,0,0,0,0,0,0,0,0,0,0,0,0,0,0,0,0,0,0,0,0,0,0,0,0,0,0,0,0,0,5,0,0,0,0,0,0,0,0,0,0,0,0,0,0,0,0,0,0,0,0,0,0,0,0,0,0,0,0,0,0,0,0,0,0,0,0,0,0,0,0,0,0,0,0,0,0,0,0,0,0,0,0,0,0,0,0,0,0,0,0,0,0,0,0,0,0,0,0,0,0,0,0,0,0,0,0,0,0,0,0,0,0,0,0,0,0,0,0,0,0,0,0,0,0,0,0,0,0,0,0,0,0,0,0,0,0,0,0,0,0,0,0,0,0,0,0,0
SDN,26,25,0,0,0,0,0,0,0,0,0,0,4,5,4,0,4,95,0,0,96,0,0,46,47,49,168,0,0,0,30,37,0,35,40,0,28,0,41,33,0,42,42,71,0,0,0,0,0,0,0,128,6,0,0,0,21,21,0,54,9,0,0,100,0,0,0,21,20,0,74,0,0,60,60,60,47,39,7,6,52,0,16,0,57,58,0,0,0,23,0,53,14,16,0,0,0,30,0,0,0,0,36,0,0,4,0,32,31,0,0,56,0,0,0,0,0,60,64,0,61,0,0,0,0,0,0,0,0,0,0,0,0,0,80,0,0,0,0,0,43,41,29,0,0,0,0,0,0,0,0,28,0,0,0,0,0,0,0,67,0,128,0,0,0,0,45,0,0,0,103,105,0,0,0,0,0,0,0,52,50,0,0,0,24,23,0,0,0,0,78,0,0,0,0,0,0,141,51,50,15,16,0,11,12,13,0,0,46,0,0,0,0,60,60,60,0,0,0,0,0,0,0,22,0,0,0,0,0,0,0,21,0,0,0,0,0,0,0,0,31,32,45,0,0,46,29,0,0,0,0,0,0,0,0,0,90,0,0,18,0,0,0,0,0,0,0,0,0,0,51,0,0,0,37,113,0,0,0,0,0,0,39,0,0,0,69,0,0,0,0,0,0,146,0,0,60,0,0,0,85,0,55,61,62,60,58,57,59,60,60,0,0,65,141,141,0,0,0,0,0,0,0,0,0,0,0,0,0,62,0,55,55,0,0,0,0,0,27,0,0,0,0,67,0,67,94,67,67,0,0,0,56,0,14,0,14,0,0,12,13,0,14,14,0,0,0,0,0,54,0,0,0,0,0,0,0,0,0,31,0,0,0,25,0,0,0,0,28,91,0,31,34,0,0,0,0,25,0,0,0,0,0,0,0,0,0,38,0,0,0,0,0,0,0,0,0,0,0,0,0,0
SDT,0,0,0,0,0,0,0,0,0,0,0,0,0,0,0,0,0,0,0,0,0,0,0,0,0,0,0,0,0,0,0,0,0,0,0,0,0,0,0,0,0,0,0,0,0,0,0,0,0,0,0,0,0,0,0,0,0,0,0,0,0,0,0,0,0,0,0,0,0,0,0,0,0,0,0,0,0,0,0,0,0,0,0,0,0,0,0,0,0,0,0,0,0,0,0,0,0,0,0,10,0,0,0,0,0,0,0,0,0,0,0,0,0,0,0,0,0,0,0,0,0,0,0,0,0,0,0,0,0,0,0,0,0,0,0,0,0,0,0,0,0,0,0,0,0,0,0,0,0,0,0,0,16,0,0,0,0,0,0,0,0,0,0,0,0,0,0,0,0,0,0,0,0,0,0,0,0,0,0,0,0,0,0,0,0,0,0,0,0,0,0,0,0,0,0,0,0,0,0,0,0,0,0,0,0,0,0,0,0,0,0,0,0,0,0,0,0,0,0,0,0,0,0,0,0,0,0,0,0,0,0,0,0,0,0,0,0,0,0,0,0,0,0,0,0,0,0,0,0,0,0,0,0,0,0,0,0,0,0,0,0,0,0,0,0,0,0,0,0,0,0,0,0,0,0,0,0,0,0,0,0,0,0,0,0,0,0,0,0,0,0,0,0,0,0,0,0,0,0,0,0,0,0,0,0,0,0,0,0,0,0,0,0,0,0,0,0,0,0,0,0,0,0,0,0,0,0,0,0,0,0,0,0,0,0,0,0,0,0,0,0,0,0,0,0,0,0,0,0,0,0,0,0,0,0,0,0,0,0,0,0,0,0,0,0,0,0,0,0,0,0,0,0,0,0,0,0,0,0,0,0,0,0,0,0,0,0,0,0,0,0,0,0,0,0,0,0,0,0,0,0,0,0,0,0,0,0,0,0,0,0,0,0,0,0,0,0,0,0,0,0,0
SGN,0,0,0,0,0,0,0,0,0,0,0,0,0,0,0,0,0,0,0,0,0,0,11,0,0,0,0,0,0,0,0,0,0,0,0,0,0,0,0,0,0,0,0,0,0,0,0,0,0,0,0,0,0,0,0,0,0,0,0,0,0,0,0,0,0,0,0,0,0,0,0,0,0,0,0,0,0,0,0,0,0,0,0,0,0,0,0,0,0,0,0,0,0,0,0,0,0,0,0,0,0,0,0,0,0,0,0,0,0,0,0,0,0,0,0,0,0,0,0,0,0,0,0,0,0,0,0,0,0,0,0,0,0,0,0,0,0,0,0,0,0,0,0,0,0,0,0,0,0,0,0,0,0,0,0,0,0,0,0,0,0,0,0,0,0,0,0,0,0,0,0,0,0,0,0,0,0,0,0,0,0,0,0,0,0,0,0,0,0,0,0,0,0,0,0,0,0,0,0,0,0,0,0,0,0,0,0,15,0,0,0,0,0,0,0,0,0,0,0,0,0,0,0,0,0,0,0,0,0,0,0,0,0,0,0,0,0,0,0,0,0,0,0,0,0,0,0,0,0,0,0,0,0,0,0,0,0,0,0,0,0,0,0,0,0,0,0,0,0,0,0,0,0,0,0,0,0,0,0,0,0,0,0,0,0,0,0,0,0,0,0,0,0,0,0,0,0,0,0,0,0,0,0,0,0,0,0,0,0,0,0,0,0,0,0,0,0,0,0,0,0,0,0,0,0,0,0,0,0,0,0,0,0,0,0,0,0,0,0,0,0,0,0,0,0,0,0,0,0,0,0,0,0,0,0,0,0,0,0,0,0,0,0,0,0,0,0,0,0,0,0,0,0,0,0,0,0,0,0,0,0,0,0,0,0,0,0,0,0,0,0,0,0,0,0,0,0,0,0,0,0,0,0,0,0,0,0,0,0,0,0,0,0,0,0,0,0,0,0,0,0,0
SHL,0,0,0,0,0,0,0,0,0,0,0,0,0,0,0,0,0,0,0,0,0,0,0,0,0,0,0,0,0,0,0,0,9,0,0,10,0,0,0,0,0,0,0,0,0,0,0,0,0,0,0,0,0,0,0,0,0,0,0,0,0,0,0,0,0,0,0,0,0,0,0,0,0,0,0,0,0,0,0,0,0,0,0,0,0,0,0,0,0,0,0,0,0,0,0,0,0,0,0,0,0,0,0,0,0,0,0,0,0,0,0,0,0,0,0,0,0,0,0,0,0,0,0,0,0,0,0,0,0,0,0,0,0,0,0,0,0,0,0,0,0,0,0,0,0,0,0,0,0,0,0,0,0,0,0,0,0,0,0,0,0,0,0,0,0,0,0,0,0,6,0,0,0,0,0,0,0,0,0,0,0,0,0,0,0,0,0,0,0,0,0,0,0,0,0,0,0,0,0,0,0,0,0,0,0,0,0,0,0,0,0,0,0,0,0,0,0,0,0,0,0,0,0,0,0,0,0,0,0,0,0,0,0,0,0,0,0,0,0,0,0,0,0,0,0,0,0,0,0,0,0,0,0,0,0,0,0,0,0,0,0,0,0,0,0,0,0,0,0,0,0,0,0,0,0,0,0,0,0,0,0,0,0,0,0,0,0,0,0,0,0,0,0,0,0,0,0,0,0,0,0,0,0,0,0,0,0,0,0,0,0,0,0,0,0,0,0,0,0,0,0,0,0,0,0,0,0,0,0,0,0,0,0,0,0,0,0,0,0,0,0,0,0,0,0,0,0,0,0,0,0,0,0,0,0,0,0,0,0,0,0,0,0,0,0,0,0,0,0,0,0,0,0,0,0,0,0,0,0,0,0,0,0,0,0,0,0,0,0,0,0,0,0,0,0,0,0,0,0,0,0,0,0,0,0,0,0,0,0,0,0,0,0,0,0,0,0,0,0,0,0,0
SK,0,0,0,0,0,0,0,0,0,0,0,0,0,0,0,0,0,0,0,0,0,0,0,0,0,0,0,0,0,0,0,0,0,0,0,0,0,0,0,0,0,0,0,0,0,0,0,0,0,0,0,0,0,0,0,0,0,0,0,0,0,0,0,0,0,0,0,0,0,0,0,0,0,0,0,0,0,0,0,0,0,0,0,0,0,0,0,0,0,0,0,0,0,0,0,0,0,0,0,0,0,0,0,0,0,0,0,0,0,0,0,0,0,0,0,0,0,0,0,0,0,0,0,0,0,0,0,0,0,0,0,0,0,0,0,0,0,0,0,0,0,0,0,0,0,0,0,0,0,0,0,0,0,0,0,0,0,0,0,0,0,0,0,0,0,0,0,0,0,0,0,0,0,0,0,0,0,0,0,0,0,0,0,0,0,0,0,0,0,0,0,0,0,0,0,0,0,0,0,0,0,0,0,0,0,0,0,0,0,0,4,0,0,0,0,0,0,0,0,0,0,0,0,0,0,0,0,0,0,0,0,0,0,0,0,0,0,0,0,0,0,0,0,0,0,0,0,0,14,0,0,0,0,0,0,0,0,0,0,0,0,0,0,0,0,0,0,0,0,0,0,0,0,0,0,0,0,0,0,0,0,0,0,0,0,0,0,0,0,0,0,0,0,0,0,0,0,0,0,0,0,0,0,0,0,0,0,0,0,0,0,0,0,0,0,0,0,0,0,0,0,0,0,0,0,0,0,0,0,0,0,0,0,0,0,0,0,0,0,0,0,0,0,0,0,0,0,0,0,0,0,0,0,0,0,0,0,0,0,0,0,0,0,0,0,0,0,0,0,0,0,0,0,0,0,0,0,0,0,0,0,0,0,0,0,0,0,0,0,0,0,0,0,0,0,0,0,0,0,0,0,0,0,0,0,0,0,0,0,0,0,0,0,0,0,0,0,0,0,0,0,0
SLOE,0,0,0,0,0,0,0,0,0,0,0,0,0,0,0,0,0,0,0,0,0,0,0,0,0,0,0,0,0,0,0,0,0,0,0,0,0,0,0,0,0,0,0,92,0,0,0,0,0,0,0,0,0,0,0,0,0,0,0,0,0,0,0,0,0,0,0,0,0,0,0,0,0,0,0,0,0,0,0,0,0,0,0,0,0,0,0,0,0,0,0,0,0,0,0,0,0,0,0,0,0,0,0,0,0,0,0,0,0,0,0,0,0,0,0,0,0,0,0,0,0,0,0,0,0,0,0,0,0,0,0,0,0,0,0,0,0,0,0,0,0,0,0,0,0,0,0,0,0,0,0,0,0,0,0,0,0,0,0,0,0,0,0,0,0,0,0,0,0,0,0,0,0,0,0,0,0,0,0,0,0,0,0,0,0,0,0,0,0,0,0,0,0,0,0,0,0,0,0,0,0,0,0,0,0,0,0,0,0,0,0,0,0,0,0,0,0,0,0,0,0,0,0,0,0,0,0,0,0,0,0,0,0,0,0,0,0,0,0,0,0,0,0,0,0,0,0,0,0,0,0,0,0,0,0,0,0,0,0,0,0,0,0,0,0,0,0,0,0,0,0,0,0,0,0,0,0,0,0,0,0,0,0,0,0,0,0,0,0,0,0,0,0,0,0,0,0,0,0,0,0,0,0,0,0,0,0,0,0,0,0,0,0,0,0,0,0,0,0,0,0,0,0,0,0,0,1,0,0,0,0,0,0,0,0,0,0,0,0,0,0,0,0,0,0,0,0,0,0,0,0,0,0,0,0,0,0,0,0,0,0,0,0,0,0,0,0,0,0,0,0,0,0,0,0,0,0,0,0,0,0,0,0,0,0,0,0,0,0,0,0,0,0,0,0,0,0,0,0,0,0,0,0,0,0,0,0,0,0,0,0,0,0,0,0,0,0,0,0,0,0,0
SLOHST,0,0,0,0,0,0,0,0,0,0,0,0,0,0,0,0,0,0,0,0,0,0,0,0,0,0,0,0,0,0,0,0,0,0,0,0,0,0,0,0,0,0,0,0,0,0,0,0,0,0,0,0,0,0,0,0,0,0,0,0,0,0,0,0,0,0,0,0,0,0,0,0,0,0,0,0,0,0,0,0,0,0,0,0,0,0,0,0,0,0,0,0,0,0,0,0,0,0,0,0,0,0,0,0,0,0,0,0,0,0,0,0,0,0,0,0,0,0,0,0,0,0,0,0,0,0,0,0,0,0,0,0,0,0,0,0,0,0,0,0,0,0,0,0,0,0,0,0,0,0,0,0,0,0,0,0,0,0,0,0,0,0,0,0,0,0,0,0,0,0,0,0,0,0,0,0,0,0,0,0,0,0,0,0,0,0,0,0,0,0,0,0,0,0,0,0,0,0,0,0,0,0,0,0,0,0,0,0,0,0,0,0,0,0,0,0,0,0,0,0,0,0,0,0,0,0,0,0,0,0,0,0,0,0,0,0,0,0,0,0,0,0,0,0,0,0,0,0,0,0,0,0,0,0,0,0,0,0,0,0,0,0,0,0,0,0,0,0,0,0,0,0,0,0,0,0,0,0,0,0,0,0,0,0,0,0,0,0,0,0,0,0,0,0,0,0,0,0,0,0,0,0,0,0,0,0,0,0,0,0,0,0,0,0,0,0,0,0,0,0,0,0,0,0,0,1,0,0,0,0,0,0,0,0,0,0,0,0,0,0,0,0,0,0,0,0,0,0,0,0,0,0,0,0,0,0,0,0,0,0,0,0,0,0,0,0,0,0,0,0,0,0,0,0,0,0,0,0,0,0,0,0,0,0,0,0,0,0,0,0,0,0,0,0,0,0,0,0,0,0,0,0,0,0,0,0,0,0,0,0,0,0,0,0,0,0,0,0,0,0,0,0
SM,0,0,0,0,0,0,0,0,0,0,0,0,0,0,0,0,0,0,0,0,0,0,0,0,0,0,0,0,0,0,0,0,0,0,0,0,0,0,0,0,0,0,0,0,0,0,0,0,0,0,0,0,0,0,0,0,0,0,0,0,0,0,0,0,0,0,0,0,0,0,0,0,0,0,0,0,0,0,0,0,0,0,0,0,0,0,0,0,0,0,0,0,0,0,0,0,0,0,0,0,0,0,0,0,0,0,0,0,0,0,0,0,0,0,0,0,0,0,0,0,0,0,0,0,0,0,0,0,0,0,0,0,0,0,0,0,0,0,0,0,0,0,0,0,0,0,0,0,0,0,0,0,0,0,0,0,0,0,0,0,0,0,0,0,0,0,0,0,0,0,0,0,0,0,0,0,0,0,0,0,0,0,0,0,0,0,0,0,0,0,0,0,0,0,0,0,0,0,0,0,0,0,0,0,0,0,0,0,0,0,0,0,0,0,0,0,0,0,0,0,0,0,0,0,0,0,0,0,0,0,0,0,0,0,0,0,0,0,0,0,0,0,0,0,0,0,0,0,0,0,0,0,0,0,0,0,0,0,0,0,0,0,0,0,0,0,0,0,0,0,0,0,0,0,0,0,0,0,0,0,0,0,0,0,0,0,0,0,0,0,0,0,0,0,0,0,0,6,0,0,0,0,0,0,0,0,0,0,0,0,0,7,0,0,0,0,0,0,0,0,0,0,0,0,0,0,0,0,0,0,0,0,0,0,0,0,0,0,0,0,0,0,0,0,0,0,0,0,0,0,0,0,0,0,0,0,0,0,0,0,0,0,0,0,0,0,0,0,0,0,0,0,0,0,0,0,0,0,0,0,0,0,0,0,0,0,0,0,0,0,0,0,0,0,0,0,0,0,0,0,0,0,0,0,0,0,0,0,0,0,0,0,0,0,0,0,0,0,0,0,0,0
SN,0,0,0,0,0,0,0,0,0,0,0,0,0,0,0,0,0,0,0,0,0,0,0,0,0,0,0,0,0,0,0,0,0,0,0,0,0,0,0,0,0,0,0,0,0,0,0,0,0,0,0,0,0,0,0,0,0,0,0,0,0,0,0,0,0,0,0,0,0,0,0,0,0,0,0,0,0,0,0,0,0,0,0,0,0,0,0,0,0,0,0,0,0,0,0,0,0,0,0,0,0,0,0,0,0,0,0,0,0,0,0,0,0,0,0,0,0,0,0,0,0,0,0,0,0,0,0,0,0,0,0,0,0,0,0,0,0,0,0,0,0,0,0,0,0,0,0,0,0,0,0,0,0,0,0,0,0,0,0,0,0,0,0,0,0,0,0,0,0,0,0,0,0,0,0,0,0,0,0,0,0,0,0,0,0,0,0,0,0,0,0,0,0,0,0,0,0,0,0,0,0,0,0,0,0,0,0,0,0,0,0,0,0,0,0,0,0,0,0,0,0,0,0,0,0,0,0,0,0,0,0,0,0,0,0,0,0,0,0,0,0,0,0,0,0,0,0,0,0,0,0,0,0,0,0,0,0,0,0,0,3,0,0,0,0,0,0,0,0,0,0,0,0,0,0,0,0,0,0,0,0,0,0,0,0,0,0,0,0,0,0,0,0,0,0,0,0,0,0,0,0,0,0,0,0,0,0,0,0,0,0,0,0,0,0,0,2,0,0,0,0,0,0,0,0,0,0,0,0,0,0,0,0,0,0,0,0,0,0,0,0,0,0,0,0,0,0,0,0,0,0,0,0,0,0,0,0,0,0,0,0,0,0,0,0,0,0,0,0,0,0,0,0,0,0,0,0,0,0,0,0,0,0,0,0,0,0,0,0,0,0,0,0,0,0,0,0,0,0,0,0,0,0,0,0,0,0,0,0,0,0,0,0,0,0,0,0,0,0,0,0,0
SPA,83,82,0,0,0,0,0,0,0,0,0,0,59,57,58,0,59,33,0,0,34,0,0,16,15,14,128,0,0,0,85,89,0,87,91,0,84,0,94,86,0,93,93,122,0,0,0,0,0,0,0,66,69,0,0,0,83,83,0,108,72,0,0,38,0,0,0,42,42,0,136,0,0,121,121,121,105,92,62,62,111,0,70,0,108,109,0,0,0,74,0,115,70,70,0,0,0,83,0,0,0,0,88,0,0,66,0,84,85,0,0,108,0,0,0,0,0,3,1,0,2,0,0,0,0,0,0,0,0,0,0,0,0,0,143,0,0,0,0,0,105,103,75,0,0,0,0,0,0,0,0,81,0,0,0,0,0,0,0,115,0,66,0,0,0,0,85,0,0,0,41,42,0,0,0,0,0,0,0,107,105,0,0,0,87,85,0,0,0,0,16,0,0,0,0,0,0,79,88,87,74,74,0,51,69,70,0,0,100,0,0,0,0,120,120,120,0,0,0,0,0,0,0,76,0,0,0,0,0,0,0,75,0,0,0,0,0,0,0,0,76,78,108,0,0,109,82,0,0,0,0,0,0,0,0,0,152,0,0,71,0,0,0,0,0,0,0,0,0,0,112,0,0,0,88,51,0,0,0,0,0,0,81,0,0,0,131,0,0,0,0,0,0,84,0,0,121,0,0,0,23,0,117,122,123,122,120,119,120,121,122,0,0,126,79,79,0,0,0,0,62,0,0,0,0,0,0,0,0,0,0,108,108,0,0,0,0,0,35,0,0,0,0,108,0,109,90,112,110,0,0,0,7,0,76,0,75,0,0,75,75,0,76,75,0,0,0,0,0,90,0,0,0,0,0,0,0,0,0,86,0,0,0,78,0,0,0,0,91,30,0,83,86,0,0,0,0,79,0,0,0,0,0,0,0,0,0,81,0,0,0,0,0,0,0,0,0,0,0,0,0,0
SPM,0,0,0,0,0,0,0,0,0,0,0,0,0,0,0,0,0,0,0,0,0,0,0,0,0,0,0,0,0,0,0,0,0,0,0,0,0,0,0,0,0,0,0,0,0,0,0,0,0,0,0,0,0,0,0,0,0,0,0,0,0,0,0,0,0,0,0,0,0,0,0,0,0,0,0,0,0,0,0,0,0,0,0,0,0,0,0,0,0,0,0,0,0,0,0,0,0,0,0,0,0,0,0,0,0,0,0,0,0,0,0,0,0,0,0,0,0,0,0,0,0,0,0,0,0,0,0,0,0,0,0,0,0,0,0,0,0,0,0,0,0,0,0,0,0,0,0,0,0,0,0,0,0,0,0,0,0,0,0,0,0,0,0,0,0,0,0,0,0,0,0,0,0,2,0,0,0,0,0,0,0,0,0,0,0,0,0,0,0,0,0,0,0,0,0,0,0,0,0,0,0,0,0,0,0,0,0,0,0,0,0,0,0,0,0,0,0,0,0,0,0,0,0,0,0,0,0,0,0,0,0,0,0,0,0,0,0,0,0,0,0,0,0,0,0,0,0,0,0,0,0,0,0,0,0,0,0,0,0,0,0,0,0,0,0,0,0,0,0,0,0,0,0,0,0,0,0,0,0,0,0,0,0,0,0,0,0,0,0,0,0,0,0,0,0,0,0,0,0,0,0,0,0,0,0,0,0,0,0,0,0,0,0,0,0,0,0,0,0,0,0,0,0,0,0,0,0,0,0,0,0,0,0,0,0,0,0,0,0,0,0,0,0,0,0,0,0,0,0,0,0,0,0,0,0,0,0,0,0,0,0,0,0,0,0,0,0,0,0,0,0,0,0,0,0,0,0,0,0,0,0,0,0,0,0,0,0,0,0,0,0,0,0,0,0,0,0,0,0,0,0,0,0,0,0,0,6,0,0,0,0,0,0,0,0,0,0,0,0,0,0,0
SPTN,41,30,0,0,0,0,0,0,0,0,0,0,58,71,58,0,58,168,0,0,170,0,0,114,95,117,277,0,0,0,36,26,0,30,17,0,37,0,22,31,0,15,15,124,0,0,0,0,0,0,0,172,74,0,0,0,53,38,0,4,50,0,0,177,0,0,0,72,72,0,65,0,0,85,63,63,68,71,62,52,67,0,50,0,6,5,0,0,0,83,0,82,42,41,0,0,0,26,0,0,0,0,20,0,0,74,0,33,36,0,0,1,0,0,0,0,0,129,133,0,106,0,0,0,0,0,0,0,0,0,0,0,0,0,64,0,0,0,0,0,69,72,91,0,0,0,0,0,0,0,0,28,0,0,0,0,0,0,0,134,0,172,0,0,0,0,88,0,0,0,177,179,0,0,0,0,0,0,0,7,8,0,0,0,42,42,0,0,0,0,148,0,0,0,0,0,0,185,113,93,73,74,0,77,55,54,0,0,15,0,0,0,0,68,65,65,0,0,0,0,0,0,0,34,0,0,0,0,0,0,0,65,0,0,0,0,0,0,0,0,76,77,47,0,0,48,27,0,0,0,0,0,0,0,0,0,68,0,0,49,0,0,0,0,0,0,0,0,0,0,78,0,0,0,20,188,0,0,0,0,0,0,83,0,0,0,63,0,0,0,0,0,0,191,0,0,81,0,0,0,155,0,83,75,74,79,55,54,55,79,78,0,0,62,185,185,0,0,0,0,55,0,0,0,0,0,0,0,0,108,0,0,2,0,0,0,0,0,77,0,0,0,0,135,0,101,147,140,136,0,0,0,124,0,65,0,69,0,0,68,49,0,66,53,0,0,0,0,0,97,0,0,0,0,0,0,0,0,0,25,0,0,0,31,0,0,0,0,70,163,0,26,22,0,0,0,0,40,0,0,0,0,0,0,0,0,0,100,0,0,0,0,0,0,0,0,0,0,0,0,0,0
SPTZ,39,29,0,0,0,0,0,0,0,0,0,0,57,69,57,0,57,166,0,0,168,0,0,112,95,115,275,0,0,0,34,24,0,28,17,0,35,0,20,29,0,15,15,122,0,0,0,0,0,0,0,172,72,0,0,0,51,37,0,2,49,0,0,175,0,0,0,72,71,0,64,0,0,83,62,62,66,69,60,51,65,0,48,0,8,7,0,0,0,81,0,80,41,40,0,0,0,26,0,0,0,0,20,0,0,72,0,31,34,0,0,3,0,0,0,0,0,127,131,0,106,0,0,0,0,0,0,0,0,0,0,0,0,0,62,0,0,0,0,0,67,70,89,0,0,0,0,0,0,0,0,28,0,0,0,0,0,0,0,132,0,172,0,0,0,0,86,0,0,0,175,177,0,0,0,0,0,0,0,5,6,0,0,0,41,41,0,0,0,0,146,0,0,0,0,0,0,185,111,92,71,72,0,75,53,52,0,0,13,0,0,0,0,66,64,64,0,0,0,0,0,0,0,34,0,0,0,0,0,0,0,64,0,0,0,0,0,0,0,0,75,76,45,0,0,46,27,0,0,0,0,0,0,0,0,0,66,0,0,47,0,0,0,0,0,0,0,0,0,0,76,0,0,0,20,186,0,0,0,0,0,0,81,0,0,0,62,0,0,0,0,0,0,191,0,0,79,0,0,0,153,0,81,73,72,77,53,53,53,77,76,0,0,60,185,185,0,0,0,0,55,0,0,0,0,0,0,0,0,108,0,2,0,0,0,0,0,0,77,0,0,0,0,133,0,100,146,138,134,0,0,0,122,0,63,0,67,0,0,66,48,0,64,52,0,0,0,0,0,95,0,0,0,0,0,0,0,0,0,24,0,0,0,31,0,0,0,0,68,161,0,25,22,0,0,0,0,38,0,0,0,0,0,0,0,0,0,98,0,0,0,0,0,0,0,0,0,0,0,0,0,0
SRN,0,0,0,0,0,0,0,0,0,0,0,0,0,0,0,0,0,0,0,0,0,0,0,0,0,0,0,0,0,0,0,0,0,0,0,0,0,0,0,0,0,0,0,0,0,0,0,0,0,0,0,0,0,0,0,0,0,0,0,0,0,0,0,0,0,0,0,0,0,0,0,0,0,0,0,0,0,0,0,0,0,0,0,0,0,0,0,0,0,0,0,0,0,0,0,0,0,0,0,0,0,0,0,0,0,0,0,0,0,0,0,0,0,0,0,0,0,0,0,0,0,0,0,0,5,0,0,0,0,0,0,0,0,0,0,0,0,0,0,0,0,0,0,0,0,0,0,0,0,0,0,0,0,0,0,0,0,0,0,0,0,0,0,0,0,0,0,0,0,0,0,0,0,0,0,0,0,0,0,0,0,0,0,0,0,0,0,0,0,0,0,0,0,0,0,0,0,0,0,0,0,0,0,0,0,0,0,0,0,0,0,0,0,0,0,0,0,0,0,0,0,0,0,0,0,0,0,0,0,0,0,0,0,0,0,0,0,0,0,0,0,0,0,0,0,0,0,0,0,0,0,0,0,0,0,0,0,0,0,0,0,0,0,0,0,0,0,0,0,0,0,0,0,0,0,0,0,0,0,0,0,0,0,0,0,0,0,0,0,0,0,0,0,0,0,0,0,0,0,0,0,0,0,0,0,0,0,0,0,0,0,0,0,0,0,0,0,0,0,0,0,0,0,0,0,0,0,0,0,0,0,0,0,0,0,0,8,0,0,0,0,0,0,0,0,0,0,0,0,0,0,0,0,0,0,0,0,0,0,0,0,0,0,0,0,0,0,0,0,0,0,0,0,0,0,0,0,0,0,0,0,0,0,0,0,0,0,0,0,0,0,0,0,0,0,0,0,0,0,0,0,0,0,0,0,0,0,0,0,0,0,0,0,0,0,0,0,0,0,0,0,0
SSH,0,0,0,0,0,0,0,0,0,0,0,0,0,0,0,0,0,0,0,0,0,0,0,0,0,0,0,0,0,0,0,0,0,0,0,0,0,0,0,0,0,0,0,0,0,0,0,0,0,0,0,0,0,0,0,0,0,0,0,0,0,0,0,0,0,0,0,0,0,0,0,0,0,0,0,0,0,0,0,0,0,0,0,0,0,0,0,0,0,0,0,0,0,0,0,0,0,0,0,0,0,0,0,0,0,0,0,0,0,0,0,0,0,0,0,0,0,0,0,0,0,0,0,0,0,0,0,0,0,0,0,0,0,0,0,0,0,0,0,0,0,0,0,0,0,0,0,0,0,0,0,0,0,0,0,0,0,0,0,0,0,0,0,0,0,0,0,0,0,0,0,0,0,0,0,0,0,0,0,0,0,0,0,0,0,0,0,0,0,0,0,0,0,0,0,0,0,0,0,0,0,0,0,0,0,0,0,0,0,0,0,0,0,0,0,0,0,0,0,0,0,0,0,0,0,0,0,0,0,0,7,0,0,0,0,0,0,0,0,0,0,0,0,0,0,0,0,0,0,0,0,0,0,0,0,0,0,0,0,0,0,0,0,0,0,0,0,0,0,12,0,0,0,0,0,0,0,0,0,0,0,0,0,0,0,0,0,0,0,0,0,0,0,0,0,0,0,0,0,0,0,0,0,0,0,0,0,0,0,0,0,0,0,0,0,0,0,0,0,0,0,0,0,0,0,0,0,0,0,0,0,0,0,0,0,0,0,0,0,0,0,0,0,0,0,0,0,0,0,0,0,0,0,0,0,0,0,0,0,0,0,0,0,0,0,0,0,0,0,0,0,0,0,0,0,0,0,0,0,0,0,0,0,0,0,0,0,0,0,0,0,0,0,0,0,0,0,0,0,0,0,0,0,0,0,0,0,0,0,0,0,0,0,0,0,0,0,0,0,0,0,0
ST,0,0,0,0,0,0,0,0,0,0,0,0,0,0,0,0,0,0,0,0,0,0,0,0,0,0,0,0,0,0,0,0,0,0,0,0,0,0,0,0,0,0,0,0,0,0,0,0,0,0,0,0,0,0,0,0,0,0,0,0,0,0,0,0,0,0,0,0,0,0,0,0,0,0,0,0,0,0,0,0,0,0,0,0,0,0,0,0,0,0,0,0,0,0,0,0,0,0,0,0,0,0,0,0,0,0,0,0,0,0,0,0,0,0,0,0,0,0,0,0,0,0,0,0,0,0,0,0,0,0,0,0,0,0,0,0,0,0,0,0,0,0,0,0,0,0,0,0,0,0,0,0,0,0,0,0,0,0,0,0,0,0,0,0,0,0,0,0,0,0,0,0,0,0,0,0,0,0,0,0,0,0,0,0,0,0,0,0,0,0,0,0,0,0,0,0,0,0,0,0,0,0,0,0,0,0,0,0,0,0,0,0,0,0,0,0,0,0,0,0,0,0,0,0,0,0,0,0,0,0,0,0,0,0,0,0,0,0,0,0,0,0,0,0,0,0,0,0,0,0,0,0,0,0,0,0,0,0,0,0,0,0,0,0,0,0,0,0,0,0,0,0,0,0,0,0,0,0,0,0,0,0,0,0,0,0,0,0,0,0,0,0,0,0,0,0,0,0,0,0,0,0,0,0,0,0,0,0,0,0,0,0,0,0,0,0,0,2,0,0,0,0,0,0,0,0,0,0,0,0,0,0,0,0,0,0,0,0,0,0,1,0,0,0,0,0,0,0,0,0,0,0,0,0,0,0,0,0,0,0,0,0,0,0,0,0,0,0,0,0,0,0,0,0,0,0,0,0,0,0,0,0,0,0,0,0,0,0,0,0,0,0,0,0,0,0,0,0,0,0,0,0,0,0,0,0,0,0,0,0,0,0,0,0,0,0,0,0,0,0,0,0
STD,0,0,0,0,0,0,0,0,0,0,0,0,0,0,0,0,0,0,0,0,0,0,0,0,0,0,0,0,0,0,0,0,0,0,0,0,0,0,0,0,0,0,0,0,0,0,0,0,0,0,0,0,0,0,0,0,0,0,0,0,0,0,0,0,0,0,0,0,0,0,0,0,0,0,0,0,0,0,0,0,0,0,0,0,0,0,0,0,0,0,0,0,0,0,0,0,0,0,0,0,0,0,0,0,0,0,0,0,0,0,0,0,0,0,0,0,0,0,0,0,0,0,0,0,0,0,0,0,0,0,0,0,0,0,0,0,0,0,0,0,0,0,0,0,0,0,5,0,0,0,0,0,0,0,0,0,0,0,0,0,0,0,0,0,0,0,0,0,0,0,0,0,0,0,0,0,0,0,0,0,0,0,0,0,0,0,0,0,0,0,0,0,0,0,0,0,0,0,0,0,0,0,0,0,0,0,0,0,0,0,0,0,0,0,0,0,0,0,0,0,0,0,0,0,0,0,0,0,0,0,0,0,0,0,0,0,0,4,0,0,0,0,0,0,0,0,0,0,0,0,0,0,0,0,0,0,0,0,0,0,0,0,0,0,0,0,0,0,0,0,0,0,0,0,0,0,0,0,0,0,0,0,0,0,0,0,0,0,0,0,0,0,0,0,0,0,0,0,0,0,0,0,0,0,0,0,0,0,0,0,0,0,0,0,0,0,0,0,0,0,0,0,0,0,0,0,0,0,0,0,0,0,0,8,0,0,0,0,0,0,0,0,0,0,0,0,0,0,0,0,0,0,0,0,0,0,0,0,0,0,0,0,0,0,0,0,0,0,0,0,0,0,0,0,0,0,0,0,0,0,0,0,0,0,0,0,0,0,0,0,0,0,0,0,0,0,0,0,0,0,0,0,0,0,0,0,0,0,0,0,0,0,0,0,0,0,0,0,0,0,0,0
STM,0,0,0,0,0,0,0,0,0,0,0,0,0,0,0,0,0,0,0,0,0,0,0,0,0,0,0,0,0,0,0,0,0,0,0,0,0,0,0,0,0,0,0,0,0,0,8,0,0,0,0,0,0,0,0,0,0,0,0,0,0,0,0,0,0,0,0,0,0,0,0,0,0,0,0,0,0,0,0,0,0,0,0,0,0,0,0,0,0,0,0,0,0,0,0,0,0,0,0,0,0,0,0,0,0,0,0,0,0,0,0,0,0,0,0,0,0,0,0,0,0,0,0,0,0,0,0,0,0,0,0,0,0,0,0,0,0,0,0,0,0,0,0,0,0,0,0,0,0,0,0,0,0,0,0,0,0,0,0,0,0,0,0,0,0,0,0,0,0,0,0,0,0,0,0,0,0,0,0,0,0,0,0,0,0,0,0,0,0,0,0,0,0,0,0,0,0,0,0,0,0,0,0,0,0,0,0,0,0,0,0,0,0,0,0,0,0,0,0,0,0,0,0,0,0,0,0,0,0,0,0,0,0,0,5,0,0,0,0,0,0,0,0,0,0,0,0,0,0,0,0,0,0,0,0,0,0,0,0,0,0,0,0,0,0,0,0,0,0,0,0,0,0,0,0,0,0,0,0,0,0,0,0,0,0,0,0,0,0,0,0,0,0,0,0,0,0,0,0,0,0,0,0,0,0,0,0,0,0,0,0,0,0,0,0,0,0,0,0,0,0,0,0,0,0,0,0,0,0,0,0,0,0,0,0,0,0,0,0,0,0,0,0,0,0,0,0,0,0,0,0,0,0,0,0,0,0,0,0,0,0,0,0,0,0,0,0,0,0,0,0,0,0,0,0,0,0,0,0,0,0,0,0,0,0,0,0,0,0,0,0,0,0,0,0,0,0,0,0,0,0,0,0,0,0,0,0,0,0,0,0,0,0,0,0,0,0,0,0,0,0,0
STO,50,49,0,0,0,0,0,0,0,0,0,0,24,22,23,0,24,68,0,0,69,0,0,19,20,22,149,0,0,0,53,58,0,55,60,0,51,0,62,54,0,62,62,91,0,0,0,0,0,0,0,101,34,0,0,0,48,48,0,76,37,0,0,73,0,0,0,7,7,0,101,0,0,86,86,86,71,60,28,27,77,0,37,0,77,79,0,0,0,42,0,80,36,37,0,0,0,51,0,0,0,0,57,0,0,31,0,52,53,0,0,77,0,0,0,0,0,33,36,0,34,0,0,0,0,0,0,0,0,0,0,0,0,0,108,0,0,0,0,0,70,68,45,0,0,0,0,0,0,0,0,49,0,0,0,0,0,0,0,85,0,101,0,0,0,0,57,0,0,0,76,77,0,0,0,0,0,0,0,75,73,0,0,0,52,50,0,0,0,0,51,0,0,0,0,0,0,114,62,61,40,40,0,16,35,36,0,0,68,0,0,0,0,85,86,86,0,0,0,0,0,0,0,43,0,0,0,0,0,0,0,41,0,0,0,0,0,0,0,0,46,47,72,0,0,74,50,0,0,0,0,0,0,0,0,0,117,0,0,38,0,0,0,0,0,0,0,0,0,0,78,0,0,0,57,86,0,0,0,0,0,0,52,0,0,0,96,0,0,0,0,0,0,119,0,0,86,0,0,0,58,0,82,87,89,87,85,84,86,87,87,0,0,92,114,114,0,0,0,0,27,0,0,0,0,0,0,0,0,35,0,77,77,0,0,0,0,0,0,0,0,0,0,81,0,82,86,83,82,0,0,0,28,0,41,0,40,0,0,40,40,0,41,40,0,0,0,0,0,65,0,0,0,0,0,0,0,0,0,53,0,0,0,46,0,0,0,0,56,64,0,51,55,0,0,0,0,46,0,0,0,0,0,0,0,0,0,51,0,0,0,0,0,0,0,0,0,0,0,0,0,0
STV,0,0,0,0,0,0,0,0,0,0,0,0,0,0,0,0,0,0,0,0,0,0,0,0,0,0,0,0,0,0,0,0,0,0,0,0,0,0,0,0,0,0,0,0,0,0,0,0,0,0,0,0,0,0,0,0,0,0,0,0,0,0,0,0,0,0,0,0,0,0,0,0,0,0,0,0,0,0,0,0,0,0,0,0,0,0,0,0,0,0,0,0,0,0,0,0,0,0,0,0,0,0,0,0,0,0,0,0,0,0,0,0,0,0,0,0,0,0,0,0,0,0,0,0,0,0,0,0,0,0,0,0,0,0,0,0,0,0,0,0,0,0,0,0,0,0,0,0,0,0,0,0,0,0,0,0,0,0,0,0,0,0,0,0,0,0,0,0,0,0,0,0,0,0,0,0,0,0,0,0,0,0,0,0,0,0,0,0,0,9,0,0,0,0,0,0,0,0,0,0,0,0,0,0,0,0,0,0,0,0,0,0,0,0,0,0,0,0,0,0,0,0,0,0,0,0,0,0,0,0,0,0,0,0,0,0,0,0,0,0,0,0,0,0,0,0,0,0,0,0,0,0,0,0,0,0,0,0,0,0,0,0,0,0,0,0,0,0,0,0,0,0,0,0,0,0,0,0,0,0,0,0,0,0,0,0,0,0,0,0,0,0,0,0,0,0,0,0,0,0,0,0,0,0,0,0,0,0,0,0,0,0,0,0,0,0,0,0,0,0,0,0,0,0,0,0,0,0,0,0,0,0,0,0,0,0,0,0,0,0,0,0,0,0,0,0,0,0,0,0,0,0,0,0,0,0,0,0,0,0,0,0,0,0,0,0,0,0,0,0,0,0,0,0,0,0,0,0,0,0,0,0,0,0,0,0,0,0,0,0,0,0,0,0,0,0,0,0,0,0,0,0,0,0,0,0,0,0,0,0,0,0,0,0,0,0,0,0,0,0,0,0
STZ,0,0,0,0,0,0,0,0,0,0,0,0,0,0,0,0,0,0,0,0,0,0,0,0,0,0,0,0,0,0,0,0,0,0,0,0,0,0,0,0,0,0,0,0,0,0,0,0,0,0,0,0,0,0,0,0,0,0,0,0,0,0,0,0,0,0,0,0,0,0,0,0,0,0,0,0,0,0,0,0,0,0,0,0,0,0,0,0,0,0,0,0,0,0,0,0,0,0,0,0,0,0,0,0,0,6,0,0,0,0,0,0,0,0,0,0,0,0,0,0,0,0,0,0,0,0,0,0,0,0,0,0,0,0,0,0,0,0,0,0,0,0,0,0,0,0,0,0,0,0,0,0,0,0,0,0,0,0,0,0,0,0,0,0,0,0,0,0,0,0,0,0,0,0,0,0,0,0,0,0,0,0,0,0,0,0,0,0,0,0,0,0,0,0,0,0,0,0,0,0,0,0,0,0,0,0,0,0,0,0,0,0,0,0,0,0,0,0,0,0,0,0,0,0,0,0,0,0,0,0,0,0,0,0,0,0,0,0,0,0,0,0,0,0,0,0,0,0,0,0,0,0,0,0,0,0,0,0,0,0,0,0,0,0,0,0,0,0,0,0,0,0,0,0,0,0,0,0,0,0,0,0,0,0,0,0,0,0,0,0,0,0,0,0,0,0,0,0,0,0,0,0,0,0,0,0,0,0,0,0,0,0,0,0,0,0,0,0,0,0,0,0,0,0,0,0,0,0,0,0,0,0,0,0,0,1,0,0,0,0,0,0,0,0,0,0,0,0,0,0,0,0,0,0,0,0,0,0,0,0,0,0,0,0,0,0,0,0,0,0,0,0,0,0,0,0,0,0,0,0,0,0,0,0,0,0,0,0,0,0,0,0,0,0,0,0,0,0,0,0,0,0,0,0,0,0,0,0,0,0,0,0,0,0,0,0,0,0,0,0,0,0
SWD,0,0,0,0,0,0,0,0,0,0,0,0,0,0,0,0,0,0,0,0,0,0,0,0,0,0,0,0,0,0,0,0,0,0,0,0,0,0,0,0,0,0,0,0,0,0,5,0,0,0,0,0,0,0,0,0,0,0,0,0,0,0,0,0,0,0,0,0,0,0,0,0,0,0,0,0,0,0,0,0,0,0,0,0,0,0,0,0,0,0,0,0,0,0,0,0,0,0,0,0,0,0,0,0,0,0,0,0,0,0,0,0,0,0,0,0,0,0,0,0,0,0,0,0,0,0,0,0,0,0,0,0,0,0,0,0,0,0,0,0,0,0,0,0,0,0,0,0,8,0,0,0,0,0,0,0,0,0,0,0,0,0,0,0,0,0,0,0,0,0,0,0,0,0,0,0,0,0,0,0,0,0,0,0,0,0,0,0,0,0,0,0,0,0,0,0,0,0,0,0,0,0,0,0,0,0,0,0,0,0,0,0,0,0,0,0,0,0,0,0,0,0,0,0,0,0,0,0,0,0,0,0,0,0,0,0,0,0,0,0,0,0,0,0,0,0,0,0,0,0,0,0,0,0,0,0,0,0,0,0,0,0,0,0,0,0,0,0,0,0,0,0,0,0,0,0,0,0,0,0,0,0,0,0,0,0,0,0,0,0,0,0,0,0,0,0,0,0,0,0,0,0,0,0,0,0,0,0,0,0,0,0,0,0,0,0,0,0,0,0,0,0,0,0,0,0,0,0,0,0,0,0,0,0,0,0,0,0,0,0,0,0,0,0,0,0,0,0,0,0,0,0,0,0,0,0,0,0,0,0,0,0,0,0,0,0,0,0,0,0,0,0,0,0,0,0,0,0,0,0,0,0,0,0,0,0,0,0,0,0,0,0,0,0,0,0,0,0,0,5,0,0,0,0,0,0,0,0,0,0,0,0,0,0,0,0,0,0,0,0,0,0
SWK,0,0,0,0,0,0,0,0,0,0,0,0,0,0,0,0,0,0,0,0,0,0,0,0,0,0,0,0,0,0,0,0,0,0,0,0,0,0,0,0,0,0,0,0,0,0,0,0,0,0,0,0,0,0,0,0,0,0,0,0,0,0,0,0,0,0,0,0,0,0,0,0,0,0,0,0,0,0,0,0,0,0,0,0,0,0,0,0,0,0,0,0,0,0,0,0,0,0,0,0,0,0,0,0,0,0,0,0,0,0,0,0,0,0,0,0,0,0,0,0,0,0,0,0,0,0,0,0,0,0,0,0,0,0,0,0,0,0,0,0,0,0,0,0,0,0,0,0,0,0,0,0,0,0,0,0,0,0,0,0,0,0,0,0,0,0,0,0,0,0,0,0,0,0,0,0,0,0,0,0,0,0,0,0,0,0,0,0,0,0,0,0,0,0,0,0,0,0,0,0,0,0,0,0,0,0,0,0,0,0,0,0,0,0,0,0,0,0,0,0,0,0,0,0,0,0,0,0,0,0,0,0,0,0,0,0,0,0,0,0,0,0,0,0,0,0,0,0,0,0,15,0,0,0,0,0,0,0,0,0,0,0,0,0,0,0,0,0,0,0,0,0,0,0,0,0,0,0,0,0,0,0,0,0,0,0,0,0,0,0,0,0,0,0,0,0,0,0,0,0,0,0,0,0,0,0,0,0,0,0,0,0,0,0,0,0,0,0,0,0,0,0,0,0,0,0,0,0,0,0,0,0,0,0,0,0,0,0,0,0,0,0,0,0,0,0,0,0,0,0,0,0,0,0,0,0,0,0,0,0,0,0,0,0,0,0,0,0,0,0,0,0,0,0,0,0,0,0,0,0,0,0,0,0,0,0,0,0,0,0,0,0,0,0,0,0,0,0,0,0,0,0,15,0,0,0,0,0,0,0,0,0,0,0,0,0,0,0,0,0,0,0
TB,94,79,0,0,0,0,0,0,0,0,0,0,68,91,69,0,68,168,0,0,170,0,0,131,95,134,297,0,0,0,99,109,0,105,93,0,98,0,113,106,0,95,95,21,0,0,0,0,0,0,0,165,79,0,0,0,82,68,0,131,62,0,0,163,0,0,0,76,76,0,65,0,0,60,51,51,35,32,94,73,39,0,93,0,138,107,0,0,0,52,0,82,77,78,0,0,0,87,0,0,0,0,91,0,0,82,0,108,103,0,0,136,0,0,0,0,0,129,133,0,108,0,0,0,0,0,0,0,0,0,0,0,0,0,75,0,0,0,0,0,95,98,44,0,0,0,0,0,0,0,0,85,0,0,0,0,0,0,0,11,0,165,0,0,0,0,24,0,0,0,158,160,0,0,0,0,0,0,0,128,127,0,0,0,61,62,0,0,0,0,148,0,0,0,0,0,0,177,22,21,62,61,0,97,88,89,0,0,120,0,0,0,0,45,48,48,0,0,0,0,0,0,0,82,0,0,0,0,0,0,0,46,0,0,0,0,0,0,0,0,37,35,58,0,0,57,86,0,0,0,0,0,0,0,0,0,85,0,0,94,0,0,0,0,0,0,0,0,0,0,86,0,0,0,92,169,0,0,10,0,0,0,29,0,0,0,60,0,0,0,0,0,0,180,0,0,64,0,0,0,155,0,81,70,71,76,58,58,58,66,67,0,0,58,177,177,0,0,0,0,67,0,0,0,0,0,0,0,0,108,0,135,133,0,0,0,0,0,81,0,0,0,0,0,0,2,3,5,1,0,0,0,134,0,70,0,66,0,0,73,61,0,69,57,0,0,0,0,0,18,0,0,0,0,0,0,0,0,0,85,0,0,0,83,0,0,0,0,86,163,0,87,89,0,0,0,0,103,0,0,0,0,0,0,0,0,0,35,0,0,0,0,0,0,0,0,0,0,0,0,0,0
TBG,0,0,0,0,0,0,0,0,0,0,0,0,0,0,0,0,0,0,0,0,0,0,0,0,0,0,0,0,0,0,0,0,0,0,0,0,0,0,0,0,0,0,0,0,0,0,0,0,0,0,0,0,0,0,0,0,0,0,0,0,0,0,0,0,0,0,0,0,0,0,0,0,0,0,0,0,0,0,0,0,0,0,0,0,0,0,0,0,0,0,0,0,0,0,0,0,0,0,0,0,0,0,0,0,0,0,0,0,0,0,0,0,0,0,0,0,0,0,0,0,0,0,0,0,0,0,0,0,0,0,0,0,0,0,0,0,0,0,0,0,0,0,0,2,0,0,0,0,0,0,0,0,0,0,0,0,0,0,0,0,0,0,0,0,0,0,0,0,0,0,0,0,0,0,0,0,0,0,0,0,0,0,0,0,0,0,0,0,0,0,0,0,0,0,0,0,0,0,0,0,0,0,0,0,0,0,0,0,0,0,0,0,0,0,0,0,0,0,0,0,0,0,0,0,0,0,0,0,0,0,0,0,0,0,0,0,0,0,0,0,0,0,0,0,0,0,0,0,0,0,0,0,0,0,0,0,0,0,0,0,0,0,0,0,0,0,0,0,0,0,0,0,0,0,0,0,0,0,0,0,0,0,0,0,0,0,0,0,0,0,0,0,0,0,0,0,0,0,0,0,0,0,0,0,0,0,0,0,0,0,0,0,0,0,0,0,0,0,0,0,0,0,0,0,0,0,0,0,0,0,0,0,0,0,0,0,0,0,0,0,0,0,0,0,0,0,0,0,0,0,0,0,0,0,0,0,0,0,0,0,0,0,0,0,0,0,0,0,0,0,0,0,0,0,0,0,0,0,0,0,0,0,8,0,0,0,0,0,0,0,0,0,0,0,0,0,0,0,0,0,0,0,0,0,0,0,0,0,0,0,0,0,0,0,0,0,0,0,0,0,0,0
TBGE,80,79,0,0,0,0,0,0,0,0,0,0,68,69,69,0,68,140,0,0,140,0,0,95,96,97,231,0,0,0,84,91,0,89,93,0,82,0,93,88,0,94,94,20,0,0,0,0,0,0,0,166,64,0,0,0,68,67,0,98,62,0,0,142,0,0,0,76,76,0,64,0,0,48,49,49,34,31,73,73,38,0,78,0,105,106,0,0,0,44,0,54,76,78,0,0,0,86,0,0,0,0,91,0,0,65,0,87,86,0,0,102,0,0,0,0,0,108,110,0,108,0,0,0,0,0,0,0,0,0,0,0,0,0,74,0,0,0,0,0,56,55,38,0,0,0,0,0,0,0,0,85,0,0,0,0,0,0,0,10,0,166,0,0,0,0,24,0,0,0,142,144,0,0,0,0,0,0,0,96,95,0,0,0,61,62,0,0,0,0,123,0,0,0,0,0,0,178,21,22,53,51,0,72,74,75,0,0,94,0,0,0,0,44,46,46,0,0,0,0,0,0,0,82,0,0,0,0,0,0,0,46,0,0,0,0,0,0,0,0,37,35,57,0,0,56,85,0,0,0,0,0,0,0,0,0,84,0,0,80,0,0,0,0,0,0,0,0,0,0,54,0,0,0,91,153,0,0,0,0,0,0,30,0,0,0,59,0,0,0,0,0,0,181,0,0,51,0,0,0,130,0,56,56,57,58,57,56,57,52,54,0,0,56,178,178,0,0,0,0,67,0,0,0,0,0,0,0,0,109,0,101,100,0,0,0,0,0,82,0,0,0,0,2,0,0,70,5,1,0,0,0,104,0,59,0,56,0,0,61,61,0,57,57,0,0,0,0,0,19,0,0,0,0,0,0,0,0,0,84,0,0,0,83,0,0,0,0,59,137,0,87,89,0,0,0,0,83,0,0,0,0,0,0,0,0,0,31,0,0,0,0,0,0,0,0,0,0,0,0,0,0
TBI,119,118,0,0,0,0,0,0,0,0,0,0,92,92,93,0,92,109,0,0,108,0,0,85,85,86,216,0,0,0,123,131,0,128,133,0,121,0,134,127,0,135,135,90,0,0,0,0,0,0,0,122,96,0,0,0,109,109,0,145,97,0,0,106,0,0,0,86,86,0,131,0,0,114,115,115,96,84,100,99,102,0,110,0,150,151,0,0,0,80,0,116,108,110,0,0,0,123,0,0,0,0,130,0,0,96,0,125,124,0,0,148,0,0,0,0,0,90,90,0,90,0,0,0,0,0,0,0,0,0,0,0,0,0,141,0,0,0,0,0,113,111,73,0,0,0,0,0,0,0,0,122,0,0,0,0,0,0,0,80,0,122,0,0,0,0,65,0,0,0,104,105,0,0,0,0,0,0,0,143,141,0,0,0,106,106,0,0,0,0,96,0,0,0,0,0,0,132,60,60,90,88,0,90,106,107,0,0,138,0,0,0,0,110,112,112,0,0,0,0,0,0,0,116,0,0,0,0,0,0,0,83,0,0,0,0,0,0,0,0,72,72,115,0,0,115,122,0,0,0,0,0,0,0,0,0,152,0,0,112,0,0,0,0,0,0,0,0,0,0,115,0,0,0,130,113,0,0,0,0,0,0,68,0,0,0,126,0,0,0,0,0,0,132,0,0,116,0,0,0,101,0,118,121,122,122,120,119,121,117,119,0,0,122,132,132,0,0,0,0,94,0,0,0,0,0,0,0,0,90,0,147,146,0,0,0,0,0,86,0,0,0,0,3,0,70,0,75,71,0,0,0,88,0,97,0,94,0,0,98,98,0,96,94,0,0,0,0,0,19,0,0,0,0,0,0,0,0,0,124,0,0,0,119,0,0,0,0,107,108,0,124,127,0,0,0,0,119,0,0,0,0,0,0,0,0,0,68,0,0,0,0,0,0,0,0,0,0,0,0,0,0
TBR,99,77,0,0,0,0,0,0,0,0,0,0,68,96,69,0,68,173,0,0,175,0,0,136,98,139,302,0,0,0,104,114,0,110,91,0,103,0,118,111,0,93,93,16,0,0,0,0,0,0,0,169,84,0,0,0,87,66,0,136,62,0,0,168,0,0,0,78,77,0,59,0,0,55,45,45,31,30,99,73,34,0,98,0,143,104,0,0,0,57,0,77,76,78,0,0,0,85,0,0,0,0,89,0,0,87,0,113,108,0,0,141,0,0,0,0,0,134,138,0,111,0,0,0,0,0,0,0,0,0,0,0,0,0,69,0,0,0,0,0,90,93,49,0,0,0,0,0,0,0,0,84,0,0,0,0,0,0,0,6,0,169,0,0,0,0,26,0,0,0,163,165,0,0,0,0,0,0,0,133,132,0,0,0,59,60,0,0,0,0,153,0,0,0,0,0,0,182,27,25,67,66,0,102,93,94,0,0,125,0,0,0,0,39,42,42,0,0,0,0,0,0,0,81,0,0,0,0,0,0,0,46,0,0,0,0,0,0,0,0,38,36,54,0,0,53,84,0,0,0,0,0,0,0,0,0,79,0,0,99,0,0,0,0,0,0,0,0,0,0,81,0,0,0,89,174,0,0,0,0,0,0,31,0,0,0,55,0,0,0,0,0,0,185,0,0,59,0,0,0,160,0,76,65,66,71,53,52,53,61,62,0,0,52,182,182,0,0,0,0,67,0,0,0,0,0,0,0,0,112,0,140,138,0,0,0,0,0,83,0,0,0,0,5,0,5,75,0,4,0,0,0,139,0,75,0,71,0,0,78,60,0,74,56,0,0,0,0,0,23,0,0,0,0,0,0,0,0,0,83,0,0,0,82,0,0,0,0,91,168,0,85,87,0,0,0,0,108,0,0,0,0,0,0,0,0,0,40,0,0,0,0,0,0,0,0,0,0,0,0,0,0
TBU,95,78,0,0,0,0,0,0,0,0,0,0,68,92,69,0,68,169,0,0,171,0,0,132,96,135,298,0,0,0,100,110,0,106,92,0,99,0,114,107,0,94,94,20,0,0,0,0,0,0,0,166,80,0,0,0,83,67,0,132,62,0,0,164,0,0,0,76,76,0,63,0,0,59,49,49,34,31,95,73,38,0,94,0,139,106,0,0,0,53,0,81,76,78,0,0,0,86,0,0,0,0,91,0,0,83,0,109,104,0,0,137,0,0,0,0,0,130,134,0,109,0,0,0,0,0,0,0,0,0,0,0,0,0,73,0,0,0,0,0,94,97,45,0,0,0,0,0,0,0,0,85,0,0,0,0,0,0,0,10,0,166,0,0,0,0,25,0,0,0,159,161,0,0,0,0,0,0,0,129,128,0,0,0,60,61,0,0,0,0,149,0,0,0,0,0,0,179,23,23,63,62,0,98,89,90,0,0,121,0,0,0,0,43,46,46,0,0,0,0,0,0,0,81,0,0,0,0,0,0,0,46,0,0,0,0,0,0,0,0,37,35,56,0,0,56,85,0,0,0,0,0,0,0,0,0,83,0,0,95,0,0,0,0,0,0,0,0,0,0,85,0,0,0,91,170,0,0,0,0,0,0,30,0,0,0,58,0,0,0,0,0,0,181,0,0,63,0,0,0,156,0,80,69,70,75,56,56,57,65,66,0,0,56,179,179,0,0,0,0,67,0,0,0,0,0,0,0,0,110,0,136,134,0,0,0,0,0,82,0,0,0,0,1,0,1,71,4,0,0,0,0,135,0,71,0,67,0,0,74,61,0,70,57,0,0,0,0,0,20,0,0,0,0,0,0,0,0,0,84,0,0,0,83,0,0,0,0,87,164,0,86,88,0,0,0,0,104,0,0,0,0,0,0,0,0,0,36,0,0,0,0,0,0,0,0,0,0,0,0,0,0
TG,0,0,0,0,0,0,0,0,0,0,0,0,0,0,0,0,0,0,0,0,0,0,0,0,0,0,0,0,0,0,0,0,0,0,0,0,0,0,0,0,0,0,0,0,0,0,0,0,0,0,0,0,0,0,0,0,0,0,0,0,0,0,0,0,0,0,0,0,0,0,0,0,0,0,0,0,0,0,0,0,0,0,0,0,0,0,0,0,0,0,0,0,0,0,0,0,0,0,0,0,0,0,0,0,0,0,0,0,0,0,0,0,0,0,0,0,0,0,0,0,0,0,0,0,0,0,0,0,0,0,0,0,0,0,0,0,0,0,0,0,0,0,0,0,0,0,0,0,0,0,0,0,0,0,0,0,0,0,0,0,0,0,0,0,0,0,0,0,0,0,0,0,0,0,0,0,0,0,0,0,0,0,0,0,0,0,0,0,0,0,0,0,0,0,0,0,0,0,0,0,0,0,0,0,0,0,0,0,0,0,0,0,0,0,0,0,0,0,0,0,0,0,0,0,0,0,0,0,0,0,0,0,0,0,0,0,0,0,0,0,0,0,0,0,0,0,0,0,0,0,0,0,0,0,0,0,0,0,0,0,0,0,0,0,0,0,0,0,0,0,0,0,0,0,0,0,0,0,0,0,0,0,0,0,0,0,0,0,0,0,0,0,0,0,0,0,0,0,0,0,0,0,0,0,0,0,0,0,0,0,0,9,0,0,0,0,0,0,0,0,0,0,0,0,0,0,0,0,0,0,0,0,0,0,0,0,0,0,0,0,0,0,0,0,0,0,0,0,0,0,0,0,0,0,0,0,0,0,0,0,0,0,0,0,0,0,0,0,0,0,0,0,4,0,0,0,0,0,0,0,0,0,0,0,0,0,0,0,0,0,0,0,0,0,0,0,0,0,0,0,0,0,0,0,0,0,0,0,0,0,0,0,0,0,0,0,0,0,0,0,0,0
TL,0,0,0,0,0,0,0,0,0,0,0,0,0,0,0,0,0,0,0,0,0,0,0,0,0,0,0,0,0,0,0,0,0,0,0,0,0,0,0,0,0,0,0,0,0,0,0,0,0,0,0,0,0,0,0,0,0,0,0,0,0,0,0,0,0,0,0,0,0,0,0,0,0,0,0,0,0,0,0,0,0,0,0,0,0,0,0,0,0,0,0,0,0,0,0,0,0,0,0,0,0,0,0,0,0,0,0,0,0,0,0,0,0,0,0,0,0,0,0,0,0,0,0,0,0,0,0,0,0,0,0,0,0,0,0,0,0,0,0,0,0,0,0,0,0,0,0,0,0,0,0,0,0,0,0,0,0,0,0,0,0,0,0,0,0,0,0,0,0,0,0,0,0,0,0,0,0,0,0,0,0,0,0,0,0,0,0,0,0,0,0,0,0,0,0,0,0,0,0,0,0,0,0,0,0,0,0,0,0,0,0,0,0,0,0,0,0,0,0,0,0,0,14,0,0,0,0,0,0,0,0,0,0,0,0,0,0,0,0,0,0,0,0,0,0,0,0,0,0,0,0,0,0,0,0,0,0,0,0,0,0,0,0,0,0,0,0,0,0,0,0,0,0,0,0,0,0,0,0,0,0,0,0,0,0,0,0,0,0,0,0,0,0,0,0,0,0,0,0,0,0,0,0,0,0,0,0,0,0,0,0,0,0,0,0,0,0,0,0,0,0,0,0,0,0,0,0,0,0,0,0,0,0,0,0,0,0,0,0,0,0,0,0,0,0,0,0,0,0,0,0,3,0,0,0,0,0,0,0,0,0,0,0,0,0,0,0,0,0,0,0,0,0,0,0,0,0,0,0,0,0,0,0,0,0,0,0,0,0,0,0,0,0,0,0,0,0,0,0,0,0,0,0,0,0,0,0,0,0,0,0,0,0,0,0,0,0,0,0,0,0,0
TPSW,0,0,0,0,0,0,0,0,0,0,0,0,0,0,0,0,0,0,0,0,0,0,0,0,0,0,0,0,0,0,0,0,0,0,0,0,0,0,0,0,0,0,0,0,0,0,0,0,0,0,0,0,0,0,0,0,0,0,0,0,0,0,0,0,0,0,0,0,0,0,0,0,0,0,0,0,0,0,0,0,0,0,0,0,0,0,0,0,0,0,0,0,0,0,0,0,0,0,0,0,0,0,0,0,0,0,0,0,0,0,0,0,0,0,0,0,0,0,0,0,0,0,0,0,0,0,0,0,0,0,0,0,0,0,0,0,0,0,0,0,0,0,10,0,0,0,0,0,0,0,0,0,0,0,0,0,0,0,0,0,0,0,0,0,0,0,0,0,0,0,0,0,0,0,0,0,0,0,0,0,0,0,0,0,0,0,0,0,0,0,0,0,0,0,0,0,0,0,0,0,0,0,0,0,0,0,0,0,0,0,0,0,0,0,0,0,0,0,0,0,0,0,0,0,0,0,0,0,0,0,0,0,0,0,0,0,0,0,0,0,0,0,0,0,0,0,0,0,0,0,0,0,0,0,0,0,0,0,0,0,0,0,0,0,0,0,0,0,0,0,0,0,0,0,0,0,0,0,0,0,0,0,0,0,0,0,0,0,0,0,0,0,0,0,0,0,0,0,0,0,0,0,0,0,0,0,0,0,0,0,0,0,0,0,0,0,0,0,0,0,0,0,0,0,0,0,0,0,0,0,0,0,0,0,0,0,0,0,0,0,0,0,0,0,0,0,0,0,0,0,3,0,0,0,0,0,0,0,0,0,0,0,0,0,0,0,0,0,0,0,0,0,0,0,0,0,0,0,0,0,0,0,0,0,0,0,0,0,0,0,0,0,0,0,0,0,0,0,0,0,0,0,0,0,0,0,0,0,0,0,0,0,0,0,0,0,0,0,0,0,0,0
TWL,98,76,0,0,0,0,0,0,0,0,0,0,52,53,52,0,52,44,0,0,46,0,0,10,9,7,176,0,0,0,95,98,0,94,85,0,96,0,102,93,0,87,87,155,0,0,0,0,0,0,0,72,65,0,0,0,86,76,0,120,65,0,0,53,0,0,0,35,36,0,129,0,0,141,114,114,98,86,62,55,104,0,74,0,127,103,0,0,0,92,0,119,63,64,0,0,0,77,0,0,0,0,82,0,0,62,0,91,91,0,0,125,0,0,0,0,0,5,9,0,5,0,0,0,0,0,0,0,0,0,0,0,0,0,136,0,0,0,0,0,106,103,100,0,0,0,0,0,0,0,0,75,0,0,0,0,0,0,0,145,0,72,0,0,0,0,80,0,0,0,58,60,0,0,0,0,0,0,0,117,116,0,0,0,80,79,0,0,0,0,24,0,0,0,0,0,0,86,112,81,82,83,0,59,69,70,0,0,109,0,0,0,0,113,114,114,0,0,0,0,0,0,0,69,0,0,0,0,0,0,0,68,0,0,0,0,0,0,0,0,70,71,101,0,0,102,75,0,0,0,0,0,0,0,0,0,146,0,0,75,0,0,0,0,0,0,0,0,0,0,115,0,0,0,82,69,0,0,0,0,0,0,75,0,0,0,124,0,0,0,0,0,0,91,0,0,137,0,0,0,31,0,120,131,130,125,113,112,114,135,134,0,0,120,86,86,0,0,0,0,56,0,0,0,0,0,0,0,0,7,0,124,122,0,0,0,0,0,28,0,0,0,0,134,0,104,88,139,135,0,0,0,0,0,74,0,78,0,0,71,68,0,75,68,0,0,0,0,0,85,0,0,0,0,0,0,0,0,0,79,0,0,0,72,0,0,0,0,90,39,0,77,80,0,0,0,0,84,0,0,0,0,0,0,0,0,0,109,0,0,0,0,0,0,0,0,0,0,0,0,0,0
UST,0,0,0,0,0,0,0,0,0,0,0,0,0,0,0,0,0,0,0,0,0,0,0,0,0,0,0,0,0,0,0,0,0,0,0,0,0,0,0,0,0,0,0,0,0,0,0,0,0,9,0,0,0,0,0,0,0,0,0,0,0,0,0,0,0,0,0,0,0,0,0,0,0,0,0,0,0,0,0,0,0,0,0,0,0,0,0,0,0,0,0,0,0,0,0,0,0,0,0,0,0,0,0,0,0,0,0,0,0,0,0,0,0,0,0,0,0,0,0,0,0,0,0,0,0,0,0,0,0,0,0,0,0,0,0,0,0,0,0,0,0,0,0,0,0,0,0,0,0,0,0,0,0,0,0,0,0,0,0,0,0,0,0,0,0,0,0,0,0,0,0,0,0,0,0,0,0,0,0,0,0,0,0,0,0,0,0,0,0,0,0,0,0,0,0,0,0,0,0,0,0,0,0,0,0,0,0,0,0,0,0,0,0,0,0,0,0,0,0,0,0,0,0,0,0,0,0,0,0,0,0,0,0,0,0,0,0,0,0,0,0,0,0,0,0,0,0,0,0,0,0,0,0,0,0,0,0,0,0,0,0,0,0,0,0,0,0,0,0,0,0,0,0,0,0,0,0,0,0,0,0,0,0,0,0,0,0,0,0,0,0,12,0,0,0,0,0,0,0,0,0,0,0,0,0,0,0,0,0,0,0,0,0,0,0,0,0,0,0,0,0,0,0,0,0,0,0,0,0,0,0,0,0,0,0,0,0,0,0,0,0,0,0,0,0,0,0,0,0,0,0,0,0,0,0,0,0,0,0,0,0,0,0,0,0,0,0,0,0,0,0,0,0,0,0,0,0,0,0,0,0,0,0,0,0,0,0,0,0,0,0,0,0,0,0,0,0,0,0,0,0,0,0,0,0,0,0,0,0,0,0,0,0,0,0,0,0,0,0,0,0,0
UT,24,22,0,0,0,0,0,0,0,0,0,0,18,21,18,0,18,118,0,0,120,0,0,64,61,67,227,0,0,0,29,39,0,35,37,0,28,0,43,36,0,39,39,91,0,0,0,0,0,0,0,142,9,0,0,0,12,12,0,61,5,0,0,127,0,8,0,35,34,0,60,0,0,67,46,46,34,28,24,18,38,0,23,0,68,54,0,0,0,18,0,45,18,20,0,0,0,29,0,0,0,0,35,0,0,12,0,38,33,0,0,66,0,0,0,0,0,79,83,0,75,0,0,0,0,0,0,0,0,0,0,0,0,0,66,0,0,0,0,0,32,29,26,0,0,0,0,0,0,0,0,27,0,0,0,0,0,0,0,81,0,142,0,0,0,0,40,0,0,0,127,129,0,0,0,0,0,0,0,58,57,0,0,0,11,10,0,0,0,0,98,0,0,0,0,0,0,155,48,45,8,9,0,27,18,19,0,0,50,0,0,0,0,46,46,46,0,0,0,0,0,0,0,23,0,0,0,0,0,0,0,15,0,0,0,0,0,0,0,0,27,28,31,0,0,32,28,0,0,0,0,0,0,0,0,0,76,0,0,24,0,0,0,0,0,0,0,0,0,0,41,0,0,0,35,138,0,0,0,0,0,0,34,0,0,0,55,0,0,0,0,0,0,160,0,0,63,0,0,0,105,0,46,57,56,51,44,43,44,61,60,0,0,51,155,155,0,0,0,0,14,0,0,0,0,0,0,0,0,76,0,65,63,0,0,0,0,0,41,0,0,0,0,70,0,59,97,75,71,0,0,0,74,0,0,0,4,4,0,3,2,0,1,3,2,0,0,0,0,49,0,0,0,0,0,0,0,0,0,28,0,0,0,25,0,0,0,0,16,113,0,29,32,0,0,0,0,33,0,0,0,0,0,0,0,0,0,35,0,0,0,0,0,0,0,0,0,0,0,0,0,0
UTG,0,0,0,0,0,0,0,0,0,0,0,0,0,0,0,0,0,0,0,0,0,0,0,0,0,0,0,0,0,0,0,0,0,0,0,0,0,0,0,0,0,0,0,0,0,0,0,0,0,0,0,0,0,0,0,0,0,0,0,0,0,0,0,0,0,0,0,0,0,0,0,0,0,0,0,0,0,0,0,0,0,0,0,0,0,0,0,5,0,0,0,0,0,0,0,0,0,0,0,0,0,0,0,0,0,0,0,0,0,0,0,0,0,0,0,0,0,0,0,0,0,0,0,0,0,0,0,0,0,0,0,0,0,0,0,0,0,0,0,0,0,0,0,0,0,0,0,0,0,0,0,0,0,0,0,0,0,0,0,0,0,0,0,0,0,0,0,0,0,0,0,0,0,0,0,4,0,0,0,0,0,0,0,0,0,0,0,0,0,0,0,0,0,0,0,0,0,0,0,0,0,0,0,0,0,0,0,0,0,0,0,0,0,0,0,0,0,6,0,0,0,0,0,0,0,0,0,0,0,0,0,0,0,0,0,0,0,0,0,0,0,0,0,0,0,0,0,0,0,0,0,0,0,0,0,0,0,0,0,0,0,0,0,0,0,0,0,0,0,0,0,0,0,0,0,0,0,0,0,0,0,0,0,0,0,0,0,0,0,0,0,0,0,0,0,0,0,0,0,0,0,0,0,0,0,0,0,0,0,0,0,0,0,0,0,0,0,0,0,0,0,0,0,0,0,0,0,0,0,0,0,0,0,0,0,0,0,0,0,0,0,0,0,0,0,0,0,0,0,0,0,0,0,0,0,0,0,0,0,0,0,0,0,0,0,0,0,0,0,0,0,0,0,0,0,0,0,0,0,0,0,0,0,0,0,0,0,0,0,0,0,0,0,0,0,0,0,0,0,0,0,0,0,0,0,0,0,0,0,0,0,0,0,0,0,0,0,0,0,0,0,0
UTLN,28,25,0,0,0,0,0,0,0,0,0,0,17,25,18,0,17,122,0,0,124,0,0,68,59,71,231,0,0,0,33,43,0,39,40,0,32,0,47,40,0,42,42,87,0,0,0,0,0,0,0,140,13,0,0,0,16,15,0,65,6,0,0,131,0,0,0,33,33,0,61,0,0,71,47,47,34,26,28,18,38,0,27,0,72,58,0,0,0,14,0,49,20,22,0,0,0,32,0,0,0,0,38,0,0,16,0,42,37,0,0,70,0,0,0,0,0,83,87,0,73,0,0,0,0,0,0,0,0,0,0,0,0,0,68,0,0,0,0,0,36,33,22,0,0,0,0,0,0,0,0,30,0,0,0,0,0,0,0,77,0,140,0,0,0,0,37,0,0,0,131,133,0,0,0,0,0,0,0,62,61,0,0,0,14,13,0,0,0,0,102,0,0,0,0,0,0,153,44,42,4,5,0,31,22,23,0,0,54,0,0,0,0,46,46,46,0,0,0,0,0,0,0,26,0,0,0,0,0,0,0,12,0,0,0,0,0,0,0,0,24,25,33,0,0,34,31,0,0,0,0,0,0,0,0,0,78,0,0,28,0,0,0,0,0,0,0,0,0,0,45,0,0,0,38,142,0,0,0,0,0,0,31,0,0,0,56,0,0,0,0,0,0,158,0,0,67,0,0,0,109,0,50,61,60,55,45,44,46,65,64,0,0,52,153,153,0,0,0,0,14,0,0,0,0,0,0,0,0,75,0,69,67,0,0,0,0,0,40,0,0,0,0,66,0,56,94,71,67,0,0,0,78,0,4,0,0,0,0,7,5,0,3,1,0,0,0,0,0,46,0,0,0,0,0,0,0,0,0,31,0,0,0,28,0,0,0,0,20,117,0,33,35,0,0,0,0,37,0,0,0,0,0,0,0,0,0,31,0,0,0,0,0,0,0,0,0,0,0,0,0,0
UTLR,0,0,0,0,0,0,0,0,0,0,0,0,0,0,0,0,0,0,0,0,0,0,0,0,0,0,0,0,0,0,0,0,0,0,0,0,0,0,0,0,0,0,0,0,0,0,0,0,0,0,0,0,0,0,0,0,0,0,0,0,0,0,0,0,0,0,0,0,0,0,0,0,0,0,0,0,0,0,0,0,0,0,0,0,0,0,0,0,0,0,0,0,0,0,0,0,0,0,0,0,0,0,0,0,0,0,0,0,0,0,0,0,0,0,0,0,0,0,0,0,0,0,0,0,0,0,0,0,0,0,0,0,0,0,0,0,0,0,0,0,0,0,0,0,0,0,0,0,0,0,0,0,0,0,0,0,0,0,0,0,0,0,0,0,0,0,0,0,0,0,0,0,0,0,0,0,0,0,0,0,0,0,0,0,0,0,0,0,0,0,0,0,0,0,0,0,0,0,0,0,0,0,0,0,0,0,0,0,0,0,0,0,0,0,0,0,0,0,0,0,0,0,0,0,0,0,0,0,0,0,0,0,0,0,0,0,0,0,0,0,0,0,0,0,0,0,0,0,0,0,0,0,0,0,0,0,0,0,0,0,0,0,0,0,0,0,0,0,0,0,0,0,0,0,0,0,0,0,0,0,0,0,0,0,0,0,0,0,0,0,0,0,0,0,0,0,0,0,0,0,0,0,0,0,0,0,0,0,0,0,0,0,0,0,0,0,0,0,0,0,0,0,0,0,0,0,0,0,0,0,0,0,0,0,0,0,0,0,0,0,0,0,0,0,0,0,0,0,0,0,0,0,0,0,4,0,0,0,0,0,0,2,0,0,0,0,0,0,0,0,0,0,0,0,0,0,0,0,0,0,0,0,0,0,0,0,0,0,0,0,0,0,0,0,0,0,0,0,0,0,0,0,0,0,0,0,0,0,0,0,0,0,0,0,0,0,0,0,0,0,0,0
UTM,0,0,0,0,0,0,0,0,0,0,0,0,0,0,0,0,0,0,0,0,0,0,0,0,0,0,0,0,0,0,0,0,0,0,0,0,0,0,0,0,0,0,0,0,0,0,0,0,0,0,0,0,0,0,0,0,0,0,0,0,5,0,0,0,0,0,0,0,0,0,0,0,0,0,0,0,0,0,0,0,0,0,0,0,0,0,0,0,0,0,0,0,0,0,0,0,0,0,0,0,0,0,0,0,0,0,0,0,0,0,0,0,0,0,0,0,0,0,0,0,0,0,0,0,0,0,0,0,0,0,0,0,0,0,0,0,0,0,0,0,0,0,0,0,0,0,0,0,0,0,0,0,0,0,0,0,0,0,0,0,0,0,0,0,0,0,0,0,0,0,0,0,0,0,0,0,0,0,0,0,0,0,0,0,0,0,0,0,0,0,0,0,0,0,0,0,0,0,0,0,0,0,0,0,0,0,0,0,0,0,0,0,0,0,0,0,0,0,0,0,0,0,0,0,0,0,0,0,0,0,0,0,0,0,0,0,0,0,0,0,0,0,0,0,0,0,0,0,0,0,0,0,0,0,0,0,0,0,0,0,0,0,0,0,0,0,0,0,0,0,0,0,0,0,0,0,0,0,0,0,0,0,0,0,0,0,0,0,0,0,0,0,0,0,0,0,0,0,0,0,0,0,0,0,0,0,0,0,0,0,0,0,0,0,0,0,0,0,0,0,0,0,0,0,0,0,0,0,0,0,0,0,0,0,0,0,0,0,0,0,0,0,0,0,0,0,0,0,0,0,0,0,0,0,0,0,0,0,0,0,0,0,0,0,0,0,0,0,0,0,0,0,0,0,0,0,0,0,0,0,0,0,0,0,0,0,0,0,0,0,0,0,0,0,0,0,0,0,0,0,0,0,0,0,0,0,0,0,0,0,0,0,0,0,0,0,0,0,0,0,0,0
UTO,27,20,0,0,0,0,0,0,0,0,0,0,16,18,16,0,16,115,0,0,117,0,0,61,59,64,224,0,0,0,32,42,0,38,35,0,31,0,46,39,0,38,38,94,0,0,0,0,0,0,0,140,6,0,0,0,15,11,0,64,3,0,0,124,0,0,0,33,33,0,62,0,0,70,48,48,37,31,21,15,41,0,20,0,71,53,0,0,0,21,0,48,16,17,0,0,0,27,0,0,0,0,33,0,0,9,0,37,36,0,0,69,0,0,0,0,0,76,80,0,73,0,0,0,0,0,0,0,0,0,0,0,0,0,68,0,0,0,0,0,35,32,29,0,0,0,0,0,0,0,0,25,0,0,0,0,0,0,0,84,0,140,0,0,0,0,42,0,0,0,124,126,0,0,0,0,0,0,0,61,60,0,0,0,12,11,0,0,0,0,95,10,0,0,0,0,0,153,51,47,11,12,0,24,15,16,0,0,53,0,0,0,0,48,48,48,0,0,0,0,0,0,0,21,0,0,0,0,0,0,0,17,0,0,0,0,0,0,0,0,29,30,33,0,0,34,26,0,0,0,0,0,0,0,0,0,78,0,0,21,0,0,0,0,0,0,0,0,0,0,44,0,0,0,33,135,0,0,0,0,0,0,36,0,0,0,57,0,0,0,0,0,0,158,0,0,66,0,0,0,102,0,49,60,59,54,46,44,46,64,63,0,0,53,153,153,0,0,0,0,12,0,0,0,0,0,0,0,0,75,0,68,66,0,0,0,0,0,40,0,0,0,0,73,0,61,98,78,74,0,0,0,71,0,3,0,7,0,0,0,1,0,4,4,0,0,0,0,0,51,0,0,0,0,0,0,0,0,0,26,0,0,0,23,0,0,0,0,19,110,0,28,30,0,0,0,0,30,0,0,0,0,0,0,0,0,0,38,0,0,0,0,0,0,0,0,0,0,0,0,0,0
UTOA,21,20,0,0,0,0,0,0,0,0,0,0,16,18,17,0,16,108,0,0,109,0,0,59,60,62,179,0,0,0,25,34,0,31,35,0,24,0,37,30,0,37,37,62,0,0,0,0,0,0,0,141,6,0,0,0,11,11,0,47,3,0,0,113,0,0,0,33,33,0,62,0,0,48,48,48,36,30,16,16,40,0,18,0,52,53,0,0,0,19,0,40,16,17,0,0,0,27,0,0,0,0,33,0,0,9,0,28,27,0,0,49,0,0,0,0,0,73,76,0,74,0,0,0,0,0,0,0,0,0,0,0,0,0,68,0,0,0,0,0,30,28,27,0,0,0,0,0,0,0,0,25,0,0,0,0,0,0,0,60,0,141,0,0,0,0,42,0,0,0,116,117,0,0,0,0,0,0,0,45,43,0,0,0,12,10,0,0,0,0,91,0,0,0,0,0,0,154,48,47,9,11,0,24,14,15,0,0,40,0,0,0,0,48,48,48,0,0,0,0,0,0,0,21,0,0,0,0,0,0,0,17,0,0,0,0,0,0,0,0,29,30,32,0,0,34,26,0,0,0,0,0,0,0,0,0,77,0,0,19,0,0,0,0,0,0,0,0,0,0,38,0,0,0,33,126,0,0,0,0,0,0,36,0,0,0,56,0,0,0,0,0,0,159,0,0,48,0,0,0,98,0,43,48,49,47,45,44,46,47,47,0,0,52,154,154,0,0,0,0,13,0,0,0,0,0,0,0,0,75,0,49,48,0,0,0,0,0,40,0,0,0,0,61,0,61,98,60,61,0,0,0,68,0,2,0,5,0,0,1,0,0,3,4,0,0,0,0,0,51,0,0,0,0,0,0,0,0,0,26,0,0,0,23,0,0,0,0,16,104,0,28,30,0,0,0,0,23,0,0,0,0,0,0,0,0,0,35,0,0,0,0,0,0,0,0,0,0,0,0,0,0
UTT,0,0,0,0,0,0,0,0,0,0,0,0,0,0,0,0,0,0,0,0,0,0,0,0,0,0,0,0,0,0,0,0,0,0,0,0,0,0,0,0,0,0,0,0,0,0,0,0,0,0,0,0,0,0,0,0,0,0,0,0,0,0,0,0,0,0,0,0,0,0,0,0,0,0,0,0,0,0,0,0,0,0,0,0,0,0,0,0,0,0,0,0,0,0,0,0,0,0,0,0,0,0,0,0,0,0,0,0,0,0,0,0,0,0,0,0,0,0,0,0,0,0,0,0,0,0,0,0,0,0,0,0,0,0,0,0,0,0,0,0,0,0,0,0,0,0,0,0,0,0,0,0,0,0,0,0,0,0,0,0,0,0,0,0,0,0,0,0,0,0,0,0,0,0,0,0,0,0,0,0,0,0,0,0,0,0,0,0,0,0,0,0,0,0,0,0,0,0,0,0,0,0,0,0,0,0,0,0,0,0,0,0,0,0,0,0,0,0,0,0,0,0,0,0,0,0,0,0,0,0,0,0,0,0,0,0,0,0,0,0,0,0,0,0,0,0,0,0,0,0,0,0,0,0,0,0,0,0,0,0,0,0,0,0,0,0,0,0,0,0,0,0,0,0,0,0,0,0,0,0,0,0,0,0,0,0,0,0,0,0,0,0,0,0,0,0,0,0,0,0,0,0,0,0,0,0,0,0,0,0,0,0,0,0,0,0,0,0,0,0,0,0,0,0,0,0,0,0,0,0,0,0,0,0,0,0,0,0,0,0,0,0,0,0,0,0,0,0,0,0,0,0,0,0,0,0,0,2,0,0,0,0,0,0,0,0,0,0,0,0,0,0,0,0,0,0,0,0,0,0,0,0,0,0,3,0,0,0,0,0,0,0,0,0,0,0,0,0,0,0,0,0,0,0,0,0,0,0,0,0,0,0,0,0,0,0,0,0,0,0,0,0
UTVR,25,23,0,0,0,0,0,0,0,0,0,0,17,22,18,0,17,119,0,0,121,0,0,65,60,68,228,0,0,0,30,40,0,36,38,0,29,0,44,37,0,40,40,90,0,0,0,0,0,0,0,141,10,0,0,0,13,13,0,62,5,0,0,128,0,0,0,34,34,0,60,0,0,68,46,46,34,27,25,18,38,0,24,0,69,56,0,0,0,17,0,46,19,21,0,0,0,30,0,0,0,0,36,0,0,13,0,39,34,0,0,67,0,0,0,0,0,80,84,0,74,0,0,0,0,0,0,0,0,0,0,0,0,0,67,0,0,0,0,0,33,30,25,0,0,0,0,0,0,0,0,29,0,0,0,0,0,0,0,80,0,141,0,0,0,0,38,0,0,0,128,130,0,0,0,0,0,0,0,59,58,0,0,0,12,11,0,0,0,0,99,0,0,0,0,0,0,154,47,44,7,8,0,28,19,20,0,0,51,0,0,0,0,46,46,46,0,0,0,0,0,0,0,24,0,0,0,0,0,0,0,14,0,0,0,0,0,0,0,0,25,27,32,0,0,33,29,0,0,0,0,0,0,0,0,0,77,0,0,25,0,0,0,0,0,0,0,0,0,0,42,0,0,0,36,139,0,0,0,0,0,0,33,0,0,0,55,0,0,0,0,0,0,159,0,0,64,0,0,0,106,0,47,58,57,52,44,43,45,62,61,0,0,51,154,154,0,0,0,0,14,0,0,0,0,0,0,0,0,76,0,66,64,0,0,0,0,0,41,0,0,0,0,69,0,57,96,74,70,0,0,0,75,0,1,0,3,0,0,4,3,0,0,1,0,0,0,0,0,48,0,0,0,0,0,0,0,0,0,29,0,0,0,26,0,0,0,0,17,114,0,31,33,0,0,0,0,34,0,0,0,0,0,0,0,0,0,34,0,0,0,0,0,0,0,0,0,0,0,0,0,0
UTZA,25,24,0,0,0,0,0,0,0,0,0,0,17,19,18,0,17,108,0,0,108,0,0,59,60,61,181,0,0,0,30,38,0,35,40,0,28,0,41,34,0,42,42,58,0,0,0,0,0,0,0,140,8,0,0,0,15,15,0,51,6,0,0,113,0,0,0,33,33,0,61,0,0,47,47,47,34,27,18,18,38,0,22,0,56,57,0,0,0,15,0,40,20,21,0,0,0,31,0,0,0,0,37,0,0,10,0,32,31,0,0,53,0,0,0,0,0,73,76,0,74,0,0,0,0,0,0,0,0,0,0,0,0,0,68,0,0,0,0,0,30,28,23,0,0,0,0,0,0,0,0,30,0,0,0,0,0,0,0,56,0,140,0,0,0,0,37,0,0,0,115,117,0,0,0,0,0,0,0,49,47,0,0,0,13,13,0,0,0,0,91,0,0,0,0,0,0,153,44,43,5,7,0,24,17,19,0,0,44,0,0,0,0,46,46,46,0,0,0,0,0,0,0,25,0,0,0,0,0,0,0,13,0,0,0,0,0,0,0,0,24,26,33,0,0,34,30,0,0,0,0,0,0,0,0,0,78,0,0,23,0,0,0,0,0,0,0,0,0,0,38,0,0,0,37,125,0,0,0,0,0,0,32,0,0,0,56,0,0,0,0,0,0,158,0,0,47,0,0,0,98,0,42,47,49,47,45,44,46,47,47,0,0,52,153,153,0,0,0,0,14,0,0,0,0,0,0,0,0,75,0,53,52,0,0,0,0,0,40,0,0,0,0,57,0,57,94,56,57,0,0,0,68,0,3,0,1,0,0,4,4,0,1,0,0,0,0,0,0,47,0,0,0,0,0,0,0,0,0,30,0,0,0,27,0,0,0,0,17,104,0,32,34,0,0,0,0,27,0,0,0,0,0,0,0,0,0,31,0,0,0,0,0,0,0,0,0,0,0,0,0,0
UTZL,0,0,0,0,0,0,0,0,0,0,0,0,0,0,0,0,0,0,0,0,0,0,0,0,0,0,0,0,0,0,0,0,0,0,0,0,0,0,0,0,0,0,0,0,0,0,0,0,0,0,0,0,0,0,0,0,0,0,0,0,0,0,0,0,0,0,0,0,0,0,0,0,0,0,0,0,0,0,0,0,0,0,0,0,0,0,0,0,0,0,0,0,0,0,0,0,0,0,0,0,0,0,0,0,0,0,0,0,0,0,0,0,0,0,0,0,0,0,0,0,0,0,0,0,0,0,0,0,0,0,0,0,0,0,0,0,0,0,0,0,0,0,0,0,0,0,0,0,0,0,0,0,0,0,0,0,0,0,0,0,0,0,0,0,0,0,0,0,0,0,0,0,0,0,0,0,0,0,0,0,0,0,0,0,0,0,0,0,0,0,0,0,0,0,0,0,0,0,0,0,0,0,0,0,0,0,0,0,0,0,0,0,0,0,0,0,0,0,0,0,0,0,0,0,0,0,0,0,0,0,0,0,0,0,0,0,0,0,0,6,0,0,0,0,0,0,0,0,0,0,0,0,0,0,0,0,0,0,0,0,0,0,0,0,0,0,0,0,0,0,0,0,0,0,0,0,0,0,0,0,0,0,0,0,0,0,0,0,0,0,0,0,0,0,0,0,0,0,0,0,0,0,0,0,0,0,0,0,0,0,0,0,0,0,0,0,0,0,0,0,0,0,0,0,0,0,0,0,0,0,0,0,0,0,0,0,0,0,0,0,0,0,0,0,0,0,0,0,0,0,0,0,0,0,2,0,0,0,0,0,0,0,0,0,0,0,0,0,0,0,0,0,0,0,0,0,0,0,0,0,0,0,0,0,0,0,0,0,0,0,0,0,0,0,0,0,0,0,0,0,0,0,0,0,0,0,0,0,0,0,0,0,0,0,0,0,0,0,0,0,0,0
VB,0,0,0,0,0,0,0,0,0,0,0,0,0,0,0,0,0,0,0,0,0,0,0,0,0,0,0,0,0,0,0,0,0,0,0,0,0,0,0,0,0,0,0,0,0,0,0,0,0,0,0,0,0,0,0,0,0,0,0,0,0,0,0,0,0,0,0,0,0,0,0,0,0,0,0,0,0,0,0,0,0,0,0,0,0,0,0,0,0,0,0,0,0,0,0,0,0,0,0,0,0,0,0,0,0,0,0,0,0,0,0,0,0,0,0,0,0,0,0,0,0,0,0,0,0,0,0,0,0,0,0,0,0,0,0,0,0,0,0,0,0,0,0,0,0,0,0,0,0,0,0,0,0,0,0,3,0,0,0,0,0,0,0,0,0,0,0,0,0,0,0,0,0,0,0,0,0,0,0,0,0,0,0,0,0,0,0,0,0,0,0,0,0,0,0,0,0,0,0,0,0,0,0,0,0,0,0,0,0,0,0,0,0,0,0,0,0,0,0,0,0,0,0,0,0,0,0,0,0,0,0,0,0,0,0,0,0,0,0,0,0,0,0,0,0,0,0,0,0,0,0,0,0,0,0,0,0,0,0,0,0,0,0,0,0,0,0,0,0,0,0,0,0,0,0,0,0,0,0,0,0,0,0,0,0,0,0,0,0,0,0,0,0,0,0,0,0,0,0,0,0,0,0,0,0,0,0,0,0,0,0,0,0,0,0,0,0,0,0,0,0,0,0,0,0,0,0,0,0,0,0,0,0,0,0,0,0,0,0,0,0,0,0,0,0,0,0,0,0,0,0,0,0,0,0,0,0,0,0,0,0,0,0,0,0,0,0,0,0,0,0,0,0,0,0,0,0,0,0,0,0,0,0,0,0,0,0,0,0,0,0,0,0,0,0,0,0,0,0,0,0,0,0,0,0,0,0,0,0,0,0,0,0,0,0,10,0,0,0,0,0,0
VD,0,0,0,0,0,0,0,0,0,0,0,0,0,0,0,0,0,0,0,0,0,0,0,0,0,0,0,0,0,0,0,0,0,0,0,0,0,0,0,0,0,0,0,0,0,0,0,0,0,0,0,0,0,0,0,0,0,0,0,0,0,0,0,0,0,0,0,0,0,0,0,0,0,0,0,0,0,0,0,0,0,0,0,0,0,0,0,0,0,0,0,0,0,0,0,0,0,0,0,0,0,0,0,0,0,0,0,0,0,0,0,0,0,0,0,0,0,0,0,0,0,0,0,0,0,0,0,0,0,0,0,0,0,0,0,0,0,0,0,0,0,0,0,0,0,0,0,0,0,0,0,0,0,0,0,0,0,0,0,0,0,0,0,0,0,0,0,0,0,0,0,0,0,0,0,0,0,0,0,0,0,0,0,0,0,0,0,0,0,0,0,0,0,0,0,0,0,0,0,0,0,0,0,0,0,0,0,0,0,0,0,0,0,0,0,0,0,0,0,0,0,0,0,0,0,0,0,0,0,0,0,0,0,0,0,0,0,0,0,0,0,0,0,0,0,0,0,0,0,0,0,0,0,0,0,0,0,0,0,0,0,0,0,0,0,0,0,0,0,0,0,0,0,0,0,0,0,0,0,0,0,0,0,0,0,0,0,0,0,0,0,0,0,0,0,11,0,0,0,0,0,0,0,0,0,0,0,0,0,0,0,0,0,0,0,0,0,0,0,0,0,0,0,0,0,0,0,0,0,0,0,0,0,0,0,0,0,0,0,0,0,0,0,0,0,0,0,0,0,0,0,0,0,0,0,0,0,0,0,0,0,0,0,0,0,0,0,0,0,0,0,0,0,0,0,0,0,0,0,0,0,0,0,0,0,0,0,0,0,0,0,0,0,0,0,0,0,0,0,0,0,0,0,0,0,0,0,0,0,0,0,0,0,11,0,0,0,0,0,0,0,0
VDM,0,0,0,0,0,0,0,0,0,0,0,0,0,0,0,0,0,0,0,0,0,0,0,0,0,0,0,0,0,0,0,0,0,0,0,0,0,0,0,0,0,0,0,0,0,0,0,0,0,0,0,0,0,0,0,0,0,0,0,0,0,0,0,0,0,0,0,0,0,0,0,0,0,0,0,0,0,0,0,0,0,0,0,0,0,0,0,0,0,0,0,0,0,0,0,0,0,0,0,0,0,0,0,0,0,0,0,0,0,0,0,0,0,0,0,0,0,0,0,0,0,0,0,0,0,0,0,0,0,0,0,0,0,0,0,0,0,0,0,0,0,0,0,0,0,0,0,0,0,0,0,0,0,0,0,0,0,0,0,0,0,0,0,0,0,0,0,0,0,0,0,0,0,0,0,0,0,0,0,0,0,0,0,0,0,0,0,0,0,0,0,0,0,0,0,0,0,0,0,0,0,0,0,0,0,0,0,0,0,0,0,0,0,0,0,0,0,0,0,0,0,0,0,0,0,0,0,0,0,0,0,0,0,0,0,0,0,0,0,0,0,0,0,0,0,0,0,0,0,0,0,0,0,0,0,0,0,0,0,0,0,0,0,0,0,0,0,0,0,0,0,0,0,0,0,0,0,0,0,0,0,0,0,0,0,0,0,0,0,0,0,0,0,0,0,0,0,0,0,0,0,0,0,0,0,0,0,0,0,0,0,0,0,0,0,0,0,0,0,0,0,0,0,0,0,0,0,0,0,0,0,0,0,0,0,0,0,0,0,0,0,0,0,0,0,0,0,0,0,0,0,0,0,0,0,0,0,0,0,0,0,0,0,0,0,0,0,0,0,0,0,0,0,0,0,0,0,0,0,0,0,0,0,0,0,0,0,0,0,0,0,0,0,0,0,0,0,0,0,0,0,0,0,0,0,0,8,0,0,0,0,0,0,0,0,0,0,0,0,0,0,0
VG,0,0,0,0,0,0,0,0,0,0,0,0,0,0,0,0,0,0,0,0,0,0,0,0,0,0,0,0,0,0,0,0,0,0,0,0,0,0,0,0,0,0,0,0,0,0,0,0,0,0,0,0,0,0,0,0,0,0,0,0,0,0,0,0,0,0,0,0,0,0,0,0,0,0,0,0,0,0,0,0,0,0,0,9,0,0,0,0,0,0,0,0,0,0,0,0,0,0,0,0,0,0,0,0,0,0,0,0,0,0,0,0,0,0,0,0,0,0,0,0,0,0,0,0,0,0,0,0,0,0,0,0,0,0,0,0,0,0,0,0,0,0,0,0,0,0,0,0,0,0,0,0,0,0,0,0,0,0,0,0,0,0,0,0,0,0,0,0,0,0,0,0,0,0,0,0,0,0,0,0,0,0,0,0,0,0,0,0,0,0,0,0,0,0,0,0,0,0,5,0,0,0,0,0,0,0,0,0,0,0,0,0,0,0,0,0,0,0,0,0,0,0,0,0,0,0,0,0,0,0,0,0,0,0,0,0,0,0,0,0,0,0,0,0,0,0,0,0,0,0,0,0,0,0,0,0,0,0,0,0,0,0,0,0,0,0,0,0,0,0,0,0,0,0,0,0,0,0,0,0,0,0,0,0,0,0,0,0,0,0,0,0,0,0,0,0,0,0,0,0,0,0,0,0,0,0,0,0,0,0,0,0,0,0,0,0,0,0,0,0,0,0,0,0,0,0,0,0,0,0,0,0,0,0,0,0,0,0,0,0,0,0,0,0,0,0,0,0,0,0,0,0,0,0,0,0,0,0,0,0,0,0,0,0,0,0,0,0,0,0,0,0,0,0,0,0,0,0,0,0,0,0,0,0,0,0,0,0,0,0,0,0,0,0,0,0,0,0,0,0,0,0,0,0,0,0,0,0,0,0,0,0,0,0,0,0,0,0,0,0,0,0
VGA,72,71,0,0,0,0,0,0,0,0,0,0,54,55,55,0,54,121,0,0,121,0,0,77,77,79,213,0,0,0,76,84,0,81,86,0,74,0,87,80,0,88,88,36,0,0,0,0,0,0,0,147,52,0,0,0,60,60,0,94,52,0,0,122,0,0,0,60,59,0,73,0,0,55,57,57,37,27,61,60,43,0,68,0,101,101,0,0,0,32,0,58,66,67,0,0,0,78,0,0,0,0,83,0,0,53,0,79,78,0,0,98,0,0,0,0,0,89,91,0,90,0,0,0,0,0,0,0,0,0,0,0,0,0,82,0,0,0,0,0,56,54,25,0,0,0,0,0,0,0,0,76,0,0,0,0,0,0,0,27,0,147,0,0,0,0,9,0,0,0,123,125,0,0,0,0,0,0,0,92,91,0,0,0,54,55,0,0,0,0,104,0,0,0,0,0,0,159,3,4,42,40,0,57,63,64,0,0,89,0,0,0,0,51,54,54,0,0,0,0,0,0,0,72,0,0,0,0,0,0,0,34,0,0,0,0,0,0,0,0,23,22,58,0,0,58,77,0,0,0,0,0,0,0,0,0,93,0,0,69,0,0,0,0,0,0,0,0,0,0,57,0,0,0,84,133,0,0,0,0,0,0,15,0,0,0,67,0,0,0,0,0,0,162,0,0,58,0,0,0,111,0,60,62,64,64,62,61,63,59,60,0,0,64,159,159,0,0,0,0,54,0,0,0,0,0,0,0,0,90,0,97,95,0,0,0,0,0,65,0,0,0,0,18,0,19,19,23,20,0,0,0,85,0,49,0,46,0,0,51,51,0,48,47,0,0,0,0,0,0,0,0,0,0,0,0,0,0,0,77,0,0,0,74,0,0,0,0,54,118,0,78,81,0,0,0,0,74,0,0,0,0,0,0,0,0,0,16,0,0,0,0,0,0,0,0,0,0,0,0,0,0
VH,0,0,0,0,0,0,0,0,0,0,0,0,0,0,0,0,0,0,0,0,0,0,0,0,0,0,0,0,0,0,0,0,0,0,0,0,0,0,0,0,0,0,0,0,0,0,0,0,0,0,0,0,0,0,0,0,0,0,0,0,0,0,0,0,0,0,0,0,0,0,0,0,0,0,0,0,0,0,0,0,0,0,0,0,0,0,0,0,0,0,0,0,0,0,0,0,0,0,0,0,0,0,0,0,0,0,0,0,0,0,0,0,0,0,0,0,0,0,0,0,0,0,0,0,0,0,0,0,0,0,0,0,0,0,0,0,0,0,0,0,0,0,0,0,0,0,0,0,0,0,0,0,0,0,0,0,0,0,0,0,0,0,0,0,0,0,0,0,0,0,0,0,0,0,12,0,0,0,0,0,0,0,0,0,0,0,0,0,0,0,0,0,0,0,0,0,0,0,0,0,0,0,0,0,0,0,0,0,0,0,0,0,0,0,0,0,0,0,0,0,0,0,0,0,0,0,0,0,0,0,8,0,0,0,0,0,0,0,0,0,0,0,0,0,0,0,0,0,0,0,0,0,0,0,0,0,0,0,0,0,0,0,0,0,0,0,0,0,0,0,0,0,0,0,0,0,0,0,0,0,0,0,0,0,0,0,0,0,0,0,0,0,0,0,0,0,0,0,0,0,0,0,0,0,0,0,0,0,0,0,0,0,0,0,0,0,0,0,0,0,0,0,0,0,0,0,0,0,0,0,0,0,0,0,0,0,0,0,0,0,0,0,0,0,0,0,0,0,0,0,0,0,0,0,0,0,0,0,0,0,0,0,0,0,0,0,0,0,0,0,0,0,0,0,0,0,0,0,0,0,0,0,0,0,0,0,0,0,0,0,0,0,0,0,0,0,0,0,0,0,0,0,0,0,0,0,0,0,0,0,0,0,0,0,0,0,0,0,0,0,0,0
VK,0,0,0,0,0,0,0,0,0,0,0,0,0,0,0,0,0,0,0,0,0,0,0,0,0,0,0,0,0,0,0,0,0,0,0,0,0,0,0,0,0,0,0,0,0,0,0,0,0,0,0,0,0,0,0,0,0,0,0,0,0,0,0,0,0,0,0,0,0,0,0,0,0,0,0,0,0,0,0,0,0,0,0,0,0,0,0,0,0,0,0,0,0,0,0,0,0,0,0,0,0,0,0,0,0,0,0,0,0,0,0,0,0,0,0,0,0,0,0,0,0,0,0,0,0,0,0,0,0,0,0,0,0,0,0,0,0,0,0,0,0,0,0,0,0,0,0,0,0,0,0,0,0,0,0,0,0,0,0,0,0,0,0,0,0,0,0,0,0,0,0,0,0,0,0,0,0,0,0,0,0,0,0,0,0,0,0,0,0,0,0,0,0,0,0,0,0,0,0,0,0,0,0,0,0,0,0,0,0,0,0,0,0,0,0,0,0,0,5,0,0,0,0,0,0,0,0,0,0,0,0,0,0,0,0,0,0,0,0,0,0,0,0,0,0,0,0,7,0,0,0,0,0,0,0,0,0,0,0,0,0,0,0,0,0,0,0,0,0,0,0,0,0,0,0,0,0,0,0,0,0,0,0,0,0,0,0,0,0,0,0,0,0,0,0,0,0,0,0,0,0,0,0,0,0,0,0,0,0,0,0,0,0,0,0,0,0,0,0,0,0,0,0,0,0,0,0,0,0,0,0,0,0,0,0,0,0,0,0,0,0,0,0,0,0,0,0,0,0,0,0,0,0,0,0,0,0,0,0,0,0,0,0,0,0,0,0,0,0,0,0,0,0,0,0,0,0,0,0,0,0,0,0,0,0,0,0,0,0,0,0,0,0,0,0,0,0,0,0,0,0,0,0,0,0,0,0,0,0,0,0,0,0,0,0,0,0,0,0,0,0,0
VL,0,0,0,0,0,0,0,0,0,0,0,0,0,0,0,0,0,0,0,0,0,0,0,0,0,0,0,0,0,0,0,0,0,0,0,0,0,0,0,0,0,0,0,0,0,0,0,0,0,0,0,0,0,0,0,0,0,0,0,0,0,0,0,0,0,0,0,0,0,0,0,0,2,0,0,0,0,0,0,0,0,0,0,0,0,0,0,0,0,0,0,0,0,0,0,0,0,0,0,0,0,0,0,0,0,0,0,0,0,0,0,0,0,0,0,0,0,0,0,0,0,0,0,0,0,0,0,0,0,0,0,0,0,0,0,0,0,0,0,0,0,0,0,0,0,0,0,0,0,0,0,0,0,0,0,0,0,0,0,0,0,0,0,0,0,0,0,0,0,0,0,0,0,0,0,0,0,0,0,0,0,0,0,0,0,0,0,0,0,0,0,0,0,0,0,0,0,0,0,0,0,0,0,0,0,0,0,0,0,0,0,0,0,0,0,0,0,0,0,0,0,0,0,0,0,0,0,0,0,0,0,0,0,0,0,0,0,0,0,0,0,0,0,0,0,0,0,0,0,0,0,0,0,0,0,0,0,0,0,0,0,0,0,0,0,0,0,0,0,0,0,0,0,0,0,0,0,0,0,0,0,0,0,0,0,0,0,0,0,0,0,0,0,0,0,0,0,0,0,0,0,0,0,0,0,0,0,0,0,0,0,0,0,0,0,0,0,0,0,0,0,0,0,0,0,0,0,0,0,0,0,0,0,0,0,0,0,0,0,0,0,0,0,0,0,0,0,0,0,4,0,0,0,0,0,0,0,0,0,0,0,0,0,0,0,0,0,0,0,0,0,0,0,0,0,0,0,0,0,0,0,0,0,0,0,0,0,0,0,0,0,0,0,0,0,0,0,0,0,0,0,0,0,0,0,0,0,0,0,0,0,0,0,0,0,0,0,0,0,0,0,0
VLB,0,0,0,0,0,0,0,0,0,0,0,0,0,0,0,0,0,0,0,0,0,0,0,0,0,0,0,0,0,0,0,0,0,0,0,0,0,0,0,0,0,0,0,0,0,0,0,0,0,0,0,0,0,0,0,0,0,0,0,0,0,0,8,0,0,0,0,0,0,0,0,0,32,0,0,0,0,0,0,0,0,0,0,0,0,0,0,0,0,0,0,0,0,0,0,0,0,0,0,0,0,0,0,0,0,0,0,0,0,0,0,0,0,0,0,0,0,0,0,0,0,0,0,0,0,0,0,0,0,0,0,0,0,0,0,0,0,0,0,0,0,0,0,0,0,0,0,0,0,0,0,0,0,0,0,0,0,0,0,0,0,0,0,0,0,0,0,0,0,0,0,0,0,0,0,0,0,0,0,0,0,0,0,0,0,0,0,0,0,0,0,0,0,0,0,0,0,0,0,0,0,0,0,0,0,0,0,0,0,0,0,0,0,0,0,0,0,0,0,0,0,0,0,0,0,0,0,0,0,0,0,0,0,0,0,0,0,0,0,0,0,0,0,0,0,0,0,0,0,0,0,0,0,0,0,0,0,0,0,0,0,0,0,0,0,0,0,0,0,0,0,0,0,0,0,0,0,0,0,0,0,0,0,0,0,0,0,0,0,0,0,0,0,0,0,0,0,0,0,0,0,0,0,0,0,0,0,0,0,0,0,0,0,0,0,0,0,0,0,0,0,0,0,0,0,0,0,0,0,0,0,0,0,0,0,0,0,0,0,0,0,0,0,0,0,0,0,0,0,0,0,0,0,0,0,0,0,0,0,0,0,0,0,0,0,0,0,0,0,0,0,0,0,0,0,0,0,9,0,0,0,0,0,0,0,0,0,0,0,0,0,0,0,0,0,0,0,0,0,0,0,0,0,0,0,0,0,0,0,0,0,0,0,0,0,0,0,0,0,0,0,0
VNDC,0,0,0,0,0,0,0,0,0,0,0,0,0,0,0,0,0,0,0,0,0,0,0,0,0,0,0,0,0,0,0,0,0,0,0,0,0,0,0,0,0,0,0,0,0,0,0,0,0,0,0,0,0,0,0,0,0,0,0,0,0,0,0,0,0,0,0,0,0,0,0,0,0,0,0,0,0,0,0,0,0,0,0,0,0,0,0,0,0,0,0,0,0,0,0,0,0,0,0,0,0,0,0,0,0,0,0,0,0,0,0,0,0,0,0,0,0,0,0,0,0,0,0,0,0,0,0,0,0,0,0,0,0,0,0,0,0,0,0,0,0,0,0,0,0,0,0,0,0,0,0,0,0,0,0,0,0,0,0,0,0,0,0,0,0,0,0,0,0,0,0,0,0,0,0,0,0,0,0,0,0,0,0,0,0,0,0,0,0,0,0,0,0,0,0,0,0,0,0,0,0,0,0,0,0,0,0,0,0,0,0,0,0,0,0,0,0,0,0,0,0,0,0,0,0,0,0,0,0,0,0,0,0,0,0,0,0,0,0,0,0,0,0,0,0,0,0,0,0,0,0,0,0,0,0,0,0,0,0,0,0,0,0,0,0,0,0,0,0,0,0,0,0,0,0,0,0,0,0,0,0,0,0,0,0,0,0,0,0,0,0,0,0,0,9,0,0,0,0,0,0,0,0,0,0,0,0,0,0,0,0,0,0,0,0,0,0,0,0,0,0,0,0,0,0,0,0,0,0,0,0,0,0,0,0,0,0,0,0,0,0,0,0,0,0,0,0,0,0,0,0,0,0,0,0,0,0,0,0,0,0,0,0,0,0,0,0,0,0,0,0,0,0,0,0,2,0,0,0,0,0,0,0,0,0,0,0,0,0,0,0,0,0,0,0,0,0,0,0,0,0,0,0,0,0,0,0,0,0,0,0,0,0,0,0,0,0,0,0,0,0,0
VNDW,0,0,0,0,0,0,0,0,0,0,0,0,0,0,0,0,0,0,0,0,0,0,0,0,0,0,0,0,0,0,0,0,0,0,0,0,0,0,0,0,0,0,0,0,0,0,0,0,0,0,0,0,0,0,0,0,0,0,0,0,0,0,0,0,0,0,0,0,0,0,0,0,0,0,0,0,0,0,0,0,0,0,0,0,0,0,0,0,0,0,0,0,0,0,0,0,0,0,0,0,0,0,0,0,0,0,0,0,0,0,0,0,0,0,0,0,0,0,0,0,0,0,0,0,0,0,0,0,0,0,0,0,0,0,0,0,0,0,0,0,0,0,0,0,0,0,0,0,0,0,0,0,0,0,0,0,0,0,0,0,0,0,0,0,0,0,0,0,0,0,0,0,0,0,0,0,0,0,0,0,0,0,0,0,0,0,0,0,0,0,0,0,0,0,0,0,0,0,0,0,0,0,0,0,0,0,0,0,0,0,0,0,0,0,0,0,0,0,0,0,0,0,0,0,0,0,0,0,0,0,0,0,0,0,0,0,0,0,0,0,0,0,0,0,0,0,0,0,0,0,0,0,14,0,0,0,0,0,0,0,0,0,0,0,0,0,0,0,0,0,0,0,0,0,0,0,0,0,0,0,0,0,0,0,0,0,0,0,0,0,0,0,0,0,0,0,0,0,0,0,0,0,0,0,0,0,0,0,0,0,0,0,0,0,0,0,0,0,0,0,0,0,0,0,0,0,0,0,0,0,0,0,0,0,0,0,0,0,0,0,0,0,0,0,0,0,0,0,0,0,0,0,0,0,0,0,0,0,0,0,0,0,0,0,0,0,0,0,0,0,0,0,0,0,2,0,0,0,0,0,0,0,0,0,0,0,0,0,0,0,0,0,0,0,0,0,0,0,0,0,0,0,0,0,0,0,0,0,0,0,0,0,0,0,0,0,0,0,0,0,0,0
VP,0,0,0,5,0,0,0,0,0,0,0,0,0,0,0,0,0,0,0,0,0,0,0,0,0,0,0,0,0,0,0,0,0,0,0,0,0,0,0,0,0,0,0,0,0,0,0,0,0,0,0,0,0,0,0,0,0,0,0,0,0,0,0,0,0,0,0,0,0,0,0,0,0,0,0,0,0,0,0,0,0,0,0,0,0,0,0,0,0,0,0,0,0,0,0,0,0,0,0,0,0,0,0,0,0,0,0,0,0,0,0,0,0,0,0,0,0,0,0,0,0,0,0,0,0,0,0,0,0,0,0,0,0,0,0,0,0,0,0,0,0,0,0,0,0,0,0,0,0,0,0,0,0,0,0,0,0,0,0,0,0,0,0,0,0,0,0,0,0,0,0,0,0,0,0,0,0,0,0,0,0,0,0,0,0,0,0,0,0,0,0,0,0,0,0,0,0,0,0,0,0,0,0,0,0,0,0,0,0,0,0,0,0,0,0,0,0,0,0,0,0,0,0,0,0,0,0,0,0,0,0,0,0,0,0,0,0,0,0,0,0,0,0,0,0,0,0,0,0,0,0,0,0,0,0,0,0,0,0,0,0,0,0,0,0,0,0,0,0,0,0,0,0,0,0,0,0,0,0,0,0,0,0,0,0,0,0,0,0,0,0,0,5,0,0,0,0,0,0,0,0,0,0,0,0,0,0,0,0,0,0,0,0,0,0,0,0,0,0,0,0,0,0,0,0,0,0,0,0,0,0,0,0,0,0,0,0,0,0,0,0,0,0,0,0,0,0,0,0,0,0,0,0,0,0,0,0,0,0,0,0,0,0,0,0,0,0,0,0,0,0,0,0,0,0,0,0,0,0,0,0,0,0,0,0,0,0,0,0,0,0,0,0,0,0,0,0,0,0,0,0,0,0,0,0,0,0,0,0,0,0,0,0,0,0,0,0,0,0,0,0,0
VRY,0,0,0,0,0,0,0,0,0,0,0,0,0,0,0,0,0,0,0,0,0,0,0,0,0,0,0,0,0,0,0,0,0,0,0,0,0,0,0,0,0,0,0,0,0,0,0,0,0,0,0,0,0,0,0,0,0,0,0,0,0,0,0,0,0,0,0,0,0,0,0,0,24,0,0,0,0,0,0,0,0,0,0,0,0,0,0,0,0,0,0,0,0,0,0,0,0,0,0,0,0,0,0,0,0,0,0,0,0,0,0,0,0,0,0,0,0,0,0,0,0,0,0,0,0,0,0,0,0,0,0,0,0,0,0,0,0,0,0,0,0,0,0,0,0,0,0,0,0,0,0,0,0,0,0,0,0,0,0,0,0,0,0,0,0,0,0,0,0,0,0,0,0,0,0,0,0,0,0,0,0,0,0,0,0,0,0,0,0,0,0,0,0,0,0,0,0,0,0,0,0,0,0,0,0,0,0,0,0,0,0,0,0,0,0,0,0,0,0,0,0,0,0,0,0,0,0,0,0,0,0,0,0,0,0,0,0,0,0,0,0,0,0,0,0,0,0,0,0,0,0,0,0,0,0,0,0,0,0,0,0,0,0,0,0,0,0,0,0,0,0,0,0,0,0,0,0,0,0,0,0,0,0,0,0,0,0,0,0,0,0,0,0,0,0,0,0,0,0,0,0,0,0,0,0,0,0,0,0,0,0,0,0,0,0,0,0,0,0,0,0,0,0,0,0,0,0,0,0,0,0,0,0,0,0,0,0,0,0,0,0,0,0,0,0,0,0,0,0,0,0,0,0,0,0,0,0,0,0,0,0,0,0,0,0,0,0,0,0,0,0,0,0,9,0,0,0,0,0,0,0,0,0,0,0,0,0,0,0,0,0,0,0,0,0,0,0,0,0,0,0,0,0,0,0,0,0,0,0,0,0,0,0,0,0,0,0,0,0,0,0,0
VS,0,0,0,0,0,0,0,0,0,0,0,0,0,0,0,0,0,0,0,0,0,0,0,0,0,0,0,0,0,0,0,0,0,0,0,0,0,0,0,0,0,0,0,0,0,0,0,0,0,0,0,0,0,0,0,0,0,0,0,0,0,0,0,0,0,0,0,0,0,0,0,0,0,0,0,0,0,0,0,0,0,0,0,0,0,0,0,0,0,0,0,0,0,0,0,0,0,0,0,0,0,0,0,0,0,0,0,0,0,0,0,0,0,0,0,0,0,0,0,0,0,0,0,0,0,0,0,0,0,0,0,0,0,0,0,0,0,0,0,0,0,0,0,0,0,0,0,0,0,0,0,0,0,0,0,0,0,0,0,0,0,0,0,0,0,0,0,0,0,0,0,0,0,0,0,0,0,0,0,0,0,0,0,0,0,0,0,0,0,0,0,0,0,0,0,0,0,0,0,0,0,0,0,0,0,0,0,0,0,0,0,0,0,0,0,0,0,0,0,0,0,0,0,0,0,0,0,0,0,0,0,0,0,0,0,0,0,0,0,0,0,0,0,0,0,0,0,0,0,0,0,0,0,0,0,0,0,0,0,0,0,0,0,0,0,0,0,0,0,0,0,0,0,0,0,0,0,0,0,0,0,0,0,0,0,0,0,0,0,0,0,0,0,0,0,0,0,0,0,0,0,0,0,0,0,0,0,0,0,0,0,0,0,0,0,0,0,0,0,0,0,0,0,0,0,0,0,0,0,0,0,0,0,0,0,0,0,0,0,0,0,0,0,0,0,0,0,0,0,0,0,0,0,0,0,0,0,0,0,0,0,0,0,0,0,0,0,0,0,0,0,0,0,0,0,0,0,0,0,0,3,0,0,0,0,0,0,0,0,0,0,0,0,0,0,0,0,0,0,0,0,0,0,0,0,0,0,0,0,0,0,0,0,0,0,0,0,0,0,0,0,0
VSPA,5,6,0,0,0,0,0,0,0,0,0,0,33,35,33,0,33,116,0,0,117,0,0,71,72,73,171,0,0,0,1,7,0,5,9,0,3,0,11,4,0,11,11,81,0,0,0,0,0,0,0,151,28,0,0,0,17,17,0,23,27,0,0,123,0,0,0,48,48,0,65,0,0,58,57,57,54,53,26,27,56,0,16,0,26,28,0,0,0,46,0,47,17,16,0,0,0,4,0,0,0,0,7,0,0,28,0,3,2,0,0,25,0,0,0,0,0,83,87,0,84,0,0,0,0,0,0,0,0,0,0,0,0,0,68,0,0,0,0,0,37,36,53,0,0,0,0,0,0,0,0,5,0,0,0,0,0,0,0,82,0,151,0,0,0,0,67,0,0,0,126,128,0,0,0,0,0,0,0,22,20,0,0,0,24,23,0,0,0,0,101,0,0,0,0,0,0,164,74,73,35,37,0,39,19,18,0,0,15,0,0,0,0,60,58,58,0,0,0,0,0,0,0,10,0,0,0,0,0,0,0,43,0,0,0,0,0,0,0,0,55,56,39,0,0,40,4,0,0,0,0,0,0,0,0,0,75,0,0,15,0,0,0,0,0,0,0,0,0,0,45,0,0,0,7,135,0,0,0,0,0,0,62,0,0,0,62,0,0,0,0,0,0,170,0,0,56,0,0,0,107,0,49,54,54,52,51,50,51,55,55,0,0,58,164,164,0,0,0,0,31,0,0,0,0,0,0,0,0,86,0,25,24,0,0,0,0,0,53,0,0,0,0,85,0,84,124,83,84,0,0,0,79,0,28,0,31,0,0,26,26,0,29,30,0,0,0,0,0,77,0,0,0,0,0,0,0,0,0,0,0,0,0,7,0,0,0,0,26,112,0,4,4,0,0,0,0,7,0,0,0,0,0,0,0,0,0,61,0,0,0,0,0,0,0,0,0,0,0,0,0,0
VSS,0,0,0,0,0,0,0,0,0,0,0,0,0,0,0,0,0,0,0,0,0,0,0,0,0,0,0,0,0,0,0,0,0,0,0,0,0,0,0,0,0,0,0,0,0,0,0,0,0,0,0,0,0,0,0,0,0,0,0,0,0,0,0,0,0,0,0,0,0,0,0,0,0,0,0,0,0,0,0,0,0,0,0,0,0,0,0,0,0,0,0,0,0,0,0,0,0,0,0,0,0,0,0,0,0,0,0,0,0,0,0,0,0,0,0,0,0,0,0,0,0,0,0,0,0,0,0,0,0,0,0,0,0,0,0,0,0,0,0,0,0,0,0,0,0,0,0,0,0,0,0,0,0,0,0,0,0,0,0,0,0,0,0,0,0,0,0,0,0,0,0,0,0,0,0,0,0,0,0,0,0,0,0,0,0,0,0,0,0,0,0,0,0,0,0,0,0,0,0,0,0,0,0,0,0,0,0,0,0,0,0,0,0,0,0,0,0,0,0,0,0,0,0,0,0,0,0,0,0,0,0,0,0,0,0,0,0,0,0,0,0,0,0,5,0,0,0,0,0,0,0,0,0,0,0,0,0,0,0,0,0,0,0,0,0,0,0,0,0,0,0,0,0,0,0,0,0,0,0,0,0,0,0,0,0,0,0,0,0,0,0,0,0,0,0,0,0,0,0,0,0,0,0,0,0,0,0,0,0,0,0,0,0,0,0,0,0,0,0,0,0,0,0,0,0,0,0,0,0,0,0,0,0,0,0,0,0,0,0,0,0,0,0,0,0,0,0,0,0,0,0,0,0,0,0,0,0,0,0,0,0,0,0,0,0,0,0,0,0,0,0,0,0,0,0,0,0,0,3,0,0,0,0,0,0,0,0,0,0,0,0,0,0,0,0,0,0,0,0,0,0,0,0,0,0,0,0,0,0,0,0,0,0,0,0,0,0,0,0,0,0,0
VST,0,0,0,0,0,0,0,0,0,0,0,0,0,0,0,0,0,0,0,0,0,0,0,0,0,0,0,0,0,0,0,0,0,0,0,0,0,0,0,0,0,0,0,0,0,0,0,0,0,0,0,0,0,0,0,0,0,0,0,0,0,0,0,0,0,0,0,0,0,0,0,0,0,0,0,0,0,0,0,0,0,0,0,0,0,0,0,0,0,0,0,0,0,0,0,0,0,0,0,0,0,0,0,0,0,0,0,0,0,0,0,0,0,0,0,0,0,0,0,0,0,0,3,0,0,0,0,0,0,0,0,0,0,0,0,0,0,0,0,0,0,0,0,0,0,0,0,0,0,0,0,0,0,0,0,0,7,0,0,0,0,0,0,0,0,0,0,0,0,0,0,0,0,0,0,0,0,0,0,0,0,0,0,0,0,0,0,0,0,0,0,0,0,0,0,0,0,0,0,0,0,0,0,0,0,0,0,0,0,0,0,0,0,0,0,0,0,0,0,0,0,0,0,0,0,0,0,0,0,0,0,0,0,0,0,0,0,0,0,0,0,0,0,0,0,0,0,0,0,0,0,0,0,0,0,0,0,0,0,0,0,0,0,0,0,0,0,0,0,0,0,0,0,0,0,0,0,0,0,0,0,0,0,0,0,0,0,0,0,0,0,0,0,0,0,0,0,0,0,0,0,0,0,0,0,0,0,0,0,0,0,0,0,0,0,0,0,0,0,0,0,0,0,0,0,0,0,0,0,0,0,0,0,0,0,0,0,0,0,0,0,0,0,0,0,0,0,0,0,0,0,0,0,0,0,0,0,0,0,0,0,0,0,0,0,0,0,0,0,0,0,0,0,0,0,0,0,0,0,0,0,0,0,0,0,0,0,0,0,0,0,0,0,0,0,0,0,0,0,0,0,0,0,0,0,0,0,0,0,0,0,0,0,0,0,0,0,0,0,0,0,0
VSV,0,0,0,0,0,0,0,0,0,0,0,0,0,0,0,0,0,0,0,0,0,0,0,0,0,0,0,0,0,0,0,0,0,0,0,0,0,0,0,0,10,0,0,0,0,0,0,0,0,0,0,0,0,0,0,0,0,0,0,0,0,0,0,0,0,0,0,0,0,0,0,0,0,0,0,0,0,0,0,0,0,0,0,0,0,0,0,0,0,0,0,0,0,0,0,0,0,0,0,0,0,0,0,0,0,0,0,0,0,0,0,0,0,0,0,0,0,0,0,0,0,0,0,0,0,0,0,0,0,0,0,0,0,0,0,0,0,0,0,0,0,0,0,0,0,0,0,0,0,0,0,0,0,0,0,0,0,0,0,0,0,0,0,0,0,0,0,0,0,0,0,0,0,0,0,0,0,0,0,0,0,0,0,0,0,0,0,0,0,0,0,0,0,0,0,0,0,0,0,0,0,0,0,0,0,0,0,0,0,0,0,0,0,0,0,0,0,0,0,0,0,0,0,0,0,0,0,0,0,0,0,0,0,0,0,0,0,0,0,0,0,0,0,0,0,0,0,0,0,0,0,0,0,0,0,0,0,0,0,0,0,0,0,0,0,0,0,0,0,0,0,0,0,0,0,0,0,0,0,0,0,0,0,0,0,0,0,0,0,0,0,0,0,0,0,0,0,0,0,0,0,0,0,0,0,0,0,0,0,0,0,0,0,0,0,0,0,0,0,0,0,0,0,0,0,0,0,0,0,0,0,0,0,0,0,0,0,0,0,0,0,0,0,0,8,0,0,0,0,0,0,0,0,0,0,0,0,0,0,0,0,0,0,0,0,0,0,0,0,0,0,0,0,0,0,0,0,0,0,0,0,0,0,0,0,0,0,0,0,0,0,0,0,0,0,0,0,0,0,0,0,0,0,0,0,0,0,0,0,0,0,0,0,0,0,0,0,0,0,0,0,0
VTBR,6,6,0,0,0,0,0,0,0,0,0,0,27,28,27,0,27,109,0,0,110,0,0,64,64,66,166,0,0,0,7,13,0,10,15,0,6,0,17,8,0,17,17,82,0,0,0,0,0,0,0,143,23,0,0,0,16,16,0,30,23,0,0,116,0,0,0,41,41,0,70,0,0,61,60,60,55,52,20,20,57,0,9,0,33,34,0,0,0,42,0,51,11,9,0,0,0,5,0,0,0,0,12,0,0,23,0,7,7,0,0,31,0,0,0,0,0,76,80,0,77,0,0,0,0,0,0,0,0,0,0,0,0,0,73,0,0,0,0,0,40,39,50,0,0,0,0,0,0,0,0,3,0,0,0,0,0,0,0,81,0,143,0,0,0,0,64,0,0,0,119,121,0,0,0,0,0,0,0,29,27,0,0,0,24,22,0,0,0,0,93,0,0,0,0,0,0,157,71,70,32,34,0,32,13,12,0,0,22,0,0,0,0,62,61,61,0,0,0,0,0,0,0,3,0,0,0,0,0,0,0,40,0,0,0,0,0,0,0,0,51,53,42,0,0,43,4,0,0,0,0,0,0,0,0,0,81,0,0,8,0,0,0,0,0,0,0,0,0,0,48,0,0,0,12,128,0,0,0,0,0,0,59,0,0,0,66,0,0,0,0,0,0,162,0,0,59,0,0,0,100,0,52,58,58,56,55,53,55,59,58,0,0,62,157,157,0,0,0,0,25,0,0,0,0,0,0,0,0,78,0,31,31,0,0,0,0,0,46,0,0,0,0,83,0,83,119,82,83,0,0,0,72,0,25,0,28,0,0,23,23,0,26,27,0,0,0,0,0,74,0,0,0,0,0,0,0,0,0,7,0,0,0,0,0,0,0,0,27,105,0,6,9,0,0,0,0,1,0,0,0,0,0,0,0,0,0,58,0,0,0,0,0,0,0,0,0,0,0,0,0,0
VTN,0,0,0,0,0,0,0,0,0,0,0,0,0,0,0,0,0,0,0,0,0,0,0,0,0,0,0,0,0,0,0,0,0,0,0,0,0,0,0,0,0,0,0,0,0,0,0,0,0,0,0,0,0,0,0,0,0,0,0,0,0,0,0,0,0,0,0,0,0,0,0,0,0,0,0,0,0,0,0,0,0,0,0,0,0,0,0,0,0,0,0,0,0,0,0,0,0,0,0,0,0,0,0,0,0,0,0,0,0,0,0,0,0,0,0,0,0,0,0,0,0,0,0,0,0,0,0,0,0,0,0,0,0,0,0,0,0,0,0,0,0,0,0,0,0,0,0,0,0,0,0,0,0,0,0,0,0,0,0,0,0,0,0,0,0,0,0,0,0,0,0,0,0,0,0,0,0,0,0,0,0,0,0,0,0,0,0,0,0,0,0,0,0,0,0,0,0,0,0,0,0,0,0,0,0,0,0,0,0,0,0,0,0,0,0,0,0,0,0,0,0,0,0,0,0,0,0,0,0,0,0,0,0,0,0,0,0,0,0,0,0,0,0,0,0,0,0,0,0,0,0,0,0,0,0,0,0,0,0,0,0,0,0,0,0,0,0,0,0,0,0,0,0,0,0,0,0,0,0,0,0,0,0,0,0,0,0,0,0,0,0,0,0,0,0,0,0,0,0,0,0,0,0,0,0,0,0,0,0,0,0,0,0,0,0,0,0,0,0,0,0,0,0,0,0,0,0,0,0,0,0,0,0,0,0,0,0,0,0,0,0,0,0,0,0,0,0,0,0,0,0,0,0,0,0,0,0,0,0,0,0,3,0,0,0,0,0,0,0,0,0,0,0,0,0,0,0,0,0,0,0,0,0,0,0,0,0,0,10,0,0,0,0,0,0,0,0,0,0,0,0,0,0,0,0,0,0,0,0,0,0,0,0,0,0,0,0,0,0,0,0,0
VWD,0,0,0,0,0,0,0,0,0,0,0,0,0,0,0,0,0,0,0,0,0,0,0,0,0,0,0,0,0,0,0,0,0,0,0,0,0,0,0,0,0,0,0,0,0,0,0,0,0,0,0,0,0,0,0,0,0,0,0,0,0,0,0,0,0,0,0,0,0,0,0,13,0,0,0,0,0,0,0,0,0,0,0,0,0,0,0,0,0,0,0,0,0,0,0,0,0,0,0,0,0,0,0,0,0,0,0,0,0,0,0,0,0,0,0,0,0,0,0,0,0,0,0,0,0,0,0,0,0,0,0,0,0,0,0,0,0,0,0,0,0,0,0,0,0,0,0,0,0,0,0,0,0,0,0,0,0,0,0,0,0,0,0,0,0,5,0,0,0,0,0,0,0,0,0,0,0,0,0,0,0,0,0,0,0,0,0,0,0,0,0,0,0,0,0,0,0,0,0,0,0,0,0,0,0,0,0,0,0,0,0,0,0,0,0,0,0,0,0,0,0,0,0,0,0,0,0,0,0,0,0,0,0,0,0,0,0,0,0,0,0,0,0,0,0,0,0,0,0,0,0,0,0,0,0,0,0,0,0,0,0,0,0,0,0,0,0,0,0,0,0,0,0,0,0,0,0,0,0,0,0,0,0,0,0,0,0,0,0,0,0,0,0,0,0,0,0,0,0,0,0,0,0,0,0,0,0,0,0,0,0,0,0,0,0,0,0,0,0,0,0,0,0,0,0,0,0,0,0,0,0,0,0,0,0,0,0,0,0,0,0,0,0,0,0,0,0,0,0,0,0,0,0,0,0,0,0,0,0,0,0,0,0,0,0,0,0,0,0,0,0,0,0,0,0,0,0,0,0,0,0,0,0,0,0,0,0,0,0,0,0,0,0,0,0,0,0,0,0,0,0,0,0,0,0,0,0,0,0,0,0,0,0,0,0,0,0,0,0,0,0,0
WAD,0,0,0,0,0,0,0,0,0,0,0,0,0,0,0,0,0,0,0,0,0,0,0,0,0,0,0,0,0,0,0,0,0,0,0,0,0,0,0,0,0,0,0,0,0,0,0,0,0,0,0,0,0,0,0,0,0,0,0,0,0,0,0,0,0,0,0,0,0,0,0,0,0,0,0,0,0,0,0,0,0,4,0,0,0,0,0,0,0,0,0,0,0,0,0,0,0,0,0,0,0,0,0,0,0,0,0,0,0,0,0,0,0,0,0,0,0,0,0,0,0,0,0,0,0,0,0,0,0,0,0,0,0,0,0,0,0,0,0,0,6,0,0,0,0,0,0,0,0,0,0,0,0,0,0,0,0,0,0,0,0,0,0,0,0,0,0,0,0,0,0,0,0,0,0,0,0,0,0,0,0,0,0,0,0,0,0,0,0,0,0,0,0,0,0,0,0,0,0,0,0,0,0,0,0,0,0,0,0,0,0,0,0,0,0,0,0,0,0,0,0,0,0,0,0,0,0,0,0,0,0,0,0,0,0,0,0,0,0,0,0,0,0,0,0,0,0,0,0,0,0,0,0,0,0,0,0,0,0,0,0,0,0,0,0,0,0,0,0,0,0,0,0,0,0,0,0,0,0,0,0,0,0,0,0,0,0,0,0,0,0,0,0,0,0,0,0,0,0,0,0,0,0,0,0,0,0,0,0,0,0,0,0,0,0,0,0,0,0,0,0,0,0,0,0,0,0,0,0,0,0,0,0,0,0,0,0,0,0,0,0,0,0,0,0,0,0,0,0,0,0,0,0,0,0,0,0,0,0,0,0,0,0,0,0,0,0,0,0,0,0,0,0,0,0,0,0,0,0,0,0,0,0,0,0,0,0,0,0,0,0,0,0,0,0,0,0,0,0,0,0,0,0,0,0,0,0,0,0,0,0,0,0,0,0,0,0,0,0,0,0,0
WC,0,0,0,0,0,0,0,0,0,0,0,0,0,0,0,0,0,0,0,0,0,0,0,0,0,0,0,0,0,0,0,0,0,0,0,0,0,0,0,0,0,0,0,0,0,0,0,0,0,0,0,0,0,0,0,0,0,0,0,0,0,0,0,0,0,0,0,0,0,0,0,0,0,0,0,0,0,0,0,0,0,0,0,0,0,0,0,0,0,0,0,0,0,0,0,0,0,0,0,0,0,0,0,0,0,0,0,0,0,0,0,0,0,0,0,0,0,0,0,0,0,0,0,0,0,0,0,0,0,0,0,0,0,0,0,0,0,0,0,0,0,0,0,0,0,0,0,0,0,0,0,0,0,0,0,0,0,0,0,0,0,0,0,0,0,0,0,0,0,0,0,0,0,0,0,0,0,0,0,0,0,0,0,0,0,0,0,0,0,0,0,0,0,0,0,0,0,0,0,0,0,0,0,0,0,0,0,0,0,0,0,0,0,0,0,0,0,0,0,0,0,0,0,0,0,0,0,0,0,0,0,0,0,0,0,0,0,0,0,0,0,0,0,0,0,0,0,0,0,0,0,0,0,0,0,0,0,0,0,0,0,0,0,6,0,0,0,0,0,0,0,0,0,0,0,0,0,0,0,0,0,0,0,0,0,0,0,0,0,0,0,0,0,0,0,0,0,0,0,0,0,0,0,0,0,0,0,0,0,0,0,0,8,0,0,0,0,0,0,0,0,0,0,0,0,0,0,0,0,0,0,0,0,0,0,0,0,0,0,0,0,0,0,0,0,0,0,0,0,0,0,0,0,0,0,0,0,0,0,0,0,0,0,0,0,0,0,0,0,0,0,0,0,0,0,0,0,0,0,0,0,0,0,0,0,0,0,0,0,0,0,0,0,0,0,0,0,0,0,0,0,0,0,0,0,0,0,0,0,0,0,0,0,0,0,0,0,0,0,0,0,0
WD,31,21,0,0,0,0,0,0,0,0,0,0,32,37,32,0,32,134,0,0,136,0,0,80,76,83,243,0,0,0,36,46,0,42,34,0,35,0,50,43,0,35,35,90,0,12,0,0,0,0,0,156,25,0,0,0,19,11,0,66,19,0,0,143,0,0,0,49,49,0,46,0,0,51,34,34,28,28,40,30,30,0,39,0,75,47,0,0,0,34,0,29,26,27,0,0,0,29,0,0,0,0,32,0,0,28,0,45,40,0,0,71,0,0,0,0,0,95,99,0,89,0,0,0,0,0,0,0,0,0,0,0,0,0,52,0,0,0,0,0,16,13,42,0,0,0,0,0,0,0,0,28,0,0,0,0,0,0,0,97,0,156,0,0,0,0,45,0,0,0,143,145,0,0,0,0,0,0,0,63,64,0,0,0,4,6,0,0,0,0,114,0,0,0,0,0,0,170,64,51,24,25,0,43,34,35,0,0,57,0,0,0,0,35,35,35,0,0,0,0,0,0,0,27,0,0,0,0,0,0,0,25,0,0,0,0,0,0,0,0,35,36,17,0,0,18,28,0,0,0,0,0,0,0,0,0,61,0,0,40,0,0,0,0,0,0,0,0,0,0,25,0,0,0,32,154,0,0,0,0,0,0,41,0,0,0,41,0,0,0,0,0,0,175,0,0,47,0,0,0,121,0,30,41,40,35,30,29,31,45,44,0,0,38,170,170,0,0,0,0,28,0,0,0,0,0,0,0,0,91,0,70,68,0,0,0,0,0,56,0,0,0,0,86,0,59,107,91,87,0,0,0,90,0,16,0,20,0,0,19,16,0,17,17,0,0,0,0,0,54,0,0,0,0,0,0,0,0,0,26,0,0,0,27,10,0,0,0,0,129,0,29,30,0,0,0,0,47,0,0,0,0,0,0,0,0,0,51,0,0,0,0,0,0,0,0,0,0,0,0,0,0
WDN,137,110,0,0,0,0,0,0,0,0,0,0,88,92,87,0,88,5,0,0,7,0,0,49,45,46,180,0,0,0,134,137,0,133,117,0,135,0,141,132,0,119,119,184,0,0,0,0,0,0,0,39,104,0,0,0,125,111,0,159,101,0,0,14,0,0,0,71,71,0,165,0,0,180,150,150,134,122,101,90,140,0,113,0,166,133,0,0,0,131,0,158,98,98,0,0,0,109,0,0,0,0,114,0,0,101,0,130,130,0,0,164,0,0,0,0,0,34,30,0,31,0,0,0,0,0,0,0,0,0,0,0,0,0,172,0,0,0,0,0,145,142,135,0,0,0,0,0,0,0,0,107,0,0,0,0,0,0,0,174,0,39,0,0,0,0,114,0,0,0,19,21,0,0,0,0,0,0,0,156,155,0,0,0,116,114,0,0,0,0,15,0,0,0,0,0,0,52,141,115,121,122,0,98,108,109,0,0,148,0,0,0,0,149,150,150,0,0,0,0,0,0,0,103,0,0,0,0,0,0,0,104,0,0,0,0,0,0,0,0,105,107,137,0,0,138,108,0,0,0,0,0,0,0,0,0,181,0,0,114,0,0,0,0,0,0,0,0,11,0,154,0,0,0,114,30,0,0,0,0,0,0,110,0,0,0,160,0,0,0,0,0,0,58,0,0,176,0,0,0,8,0,159,170,169,164,149,148,150,174,173,0,0,156,52,52,0,0,0,0,91,0,0,0,0,0,0,0,0,30,0,163,161,0,0,0,0,0,64,0,0,0,0,163,0,137,108,168,164,0,0,0,39,0,113,0,117,0,0,110,104,0,114,104,0,0,0,0,0,118,0,0,0,0,0,0,0,0,0,112,0,0,0,105,0,0,0,0,129,0,0,110,112,0,0,0,0,123,0,0,0,0,0,0,0,0,0,144,0,0,0,0,0,0,0,0,0,0,0,0,0,0
WF,0,0,0,0,0,0,0,0,0,0,0,0,0,0,0,0,0,0,0,0,0,0,0,0,0,0,0,0,0,0,0,0,0,0,0,0,0,0,0,0,0,0,0,0,0,0,0,0,0,0,0,0,0,0,0,0,0,0,0,0,0,0,0,0,0,0,0,0,0,0,0,0,0,0,0,0,0,0,0,0,0,0,0,0,0,0,0,0,0,0,0,0,0,0,0,0,0,0,0,0,0,0,0,0,0,0,0,0,0,0,0,0,0,0,0,0,0,0,0,0,0,0,0,0,0,10,0,0,0,0,0,0,0,0,0,0,0,0,0,0,0,0,0,0,0,0,0,0,0,0,0,0,0,0,0,0,0,0,0,0,0,0,0,0,0,0,0,0,0,0,0,0,0,0,0,0,0,0,0,0,0,0,0,0,0,0,0,0,0,0,0,0,0,0,0,0,0,0,0,0,0,0,0,0,0,0,0,0,0,0,0,0,0,0,0,0,0,0,0,0,0,0,0,0,0,0,0,0,0,0,0,0,0,0,0,0,0,0,0,0,0,0,0,0,0,0,0,0,0,0,0,0,0,0,0,0,0,0,0,0,0,0,0,0,0,0,0,0,0,0,0,0,0,0,0,0,0,0,0,4,0,0,0,0,0,0,0,0,0,0,0,0,0,0,0,0,0,0,0,0,0,0,0,0,0,0,0,0,0,0,0,0,0,0,0,0,0,0,0,0,0,0,0,0,0,0,0,0,0,0,0,0,0,0,0,0,0,0,0,0,0,0,0,0,0,0,0,0,0,0,0,0,0,0,0,0,0,0,0,0,0,0,0,0,0,0,0,0,0,0,0,0,0,0,0,0,0,0,0,0,0,0,0,0,0,0,0,0,0,0,0,0,0,0,0,0,0,0,0,0,0,0,0,0,0,0,0,0,0,0,0,0,0,0,0,0,0,0,0,0,0,0
WGMO,7,8,0,0,0,0,0,0,0,0,0,0,33,34,33,0,33,114,0,0,115,0,0,69,70,71,167,0,0,0,4,7,0,4,9,0,5,0,11,2,0,11,11,84,0,0,0,0,0,0,0,148,28,0,0,0,19,19,0,25,28,0,0,120,0,0,0,47,46,0,69,0,0,61,61,61,57,56,25,26,59,0,15,0,27,28,0,0,0,47,0,51,17,15,0,0,0,1,0,0,0,0,6,0,0,29,0,1,2,0,0,26,0,0,0,0,0,81,85,0,82,0,0,0,0,0,0,0,0,0,0,0,0,0,71,0,0,0,0,0,41,40,55,0,0,0,0,0,0,0,0,3,0,0,0,0,0,0,0,84,0,148,0,0,0,0,69,0,0,0,124,125,0,0,0,0,0,0,0,24,21,0,0,0,27,25,0,0,0,0,98,0,0,0,0,0,0,161,75,75,37,39,0,38,19,18,0,0,17,0,0,0,0,63,62,62,0,0,0,0,0,0,0,9,0,0,0,0,0,0,0,45,0,0,0,0,0,0,0,0,56,57,42,0,0,43,2,0,0,0,0,0,0,0,0,0,78,0,0,14,0,0,0,0,0,0,0,0,0,0,49,0,0,0,6,133,0,0,0,0,0,0,63,0,0,0,65,0,0,0,0,0,0,167,0,0,60,0,0,0,105,0,52,58,58,56,54,53,55,59,58,0,0,62,161,161,0,0,0,0,31,0,0,0,0,0,0,0,0,83,0,26,25,0,0,0,0,0,51,0,0,0,0,87,0,87,124,85,86,0,0,0,77,0,29,0,33,0,0,28,28,0,31,32,0,0,0,0,0,78,0,0,0,0,0,0,0,0,0,4,0,0,0,6,0,0,0,0,29,110,0,0,3,0,0,0,0,5,0,0,0,0,0,0,0,0,0,62,0,0,0,0,0,0,0,0,0,0,0,0,0,0
WGMW,9,10,0,0,0,0,0,0,0,0,0,0,36,37,36,0,36,117,0,0,117,0,0,72,73,74,168,0,0,0,5,3,0,1,6,0,7,0,8,1,0,8,8,85,0,0,0,0,0,0,0,151,31,0,0,0,21,21,0,22,31,0,0,123,0,0,0,50,50,0,68,0,0,62,61,61,58,58,29,30,60,0,18,0,23,25,0,0,0,50,0,51,20,19,0,0,0,4,0,0,0,0,3,0,0,32,0,2,3,0,0,22,0,0,0,0,0,84,88,0,85,0,0,0,0,0,0,0,0,0,0,0,0,0,70,0,0,0,0,0,41,40,58,0,0,0,0,0,0,0,0,6,0,0,0,0,0,0,0,86,0,151,0,0,0,0,72,0,0,0,127,128,0,0,0,0,0,0,0,21,18,0,0,0,28,27,0,0,0,0,101,0,0,0,0,0,0,164,78,77,39,41,0,41,22,21,0,0,13,0,0,0,0,64,62,62,0,0,0,0,0,0,0,12,0,0,0,0,0,0,0,47,0,0,0,0,0,0,0,0,59,60,42,0,0,44,5,0,0,0,0,0,0,0,0,0,77,0,0,17,0,0,0,0,0,0,0,0,0,0,49,0,0,0,3,136,0,0,0,0,0,0,66,0,0,0,65,0,0,0,0,0,0,170,0,0,60,0,0,0,108,0,52,57,58,56,54,53,55,59,58,0,0,62,164,164,0,0,0,0,34,0,0,0,0,0,0,0,0,86,0,22,22,0,0,0,0,0,55,0,0,0,0,89,0,89,127,87,88,0,0,0,80,0,32,0,35,0,0,30,30,0,33,34,0,0,0,0,0,81,0,0,0,0,0,0,0,0,0,4,0,0,0,9,0,0,0,0,30,112,0,3,0,0,0,0,0,9,0,0,0,0,0,0,0,0,0,65,0,0,0,0,0,0,0,0,0,0,0,0,0,0
WH,0,0,0,0,0,0,0,0,0,0,0,0,0,0,0,0,0,0,0,0,0,0,0,0,0,0,0,0,0,0,0,0,0,0,0,0,0,0,0,0,0,0,0,0,0,0,0,0,0,0,0,0,0,0,0,0,0,0,0,0,0,0,0,0,0,0,0,0,0,0,0,0,0,0,0,0,0,0,0,0,0,0,0,0,0,0,0,0,0,0,0,0,0,0,0,0,0,0,0,0,0,0,0,0,0,0,0,0,0,0,0,0,0,0,0,0,0,0,0,0,0,0,0,0,0,0,0,0,0,0,0,0,0,0,0,0,0,0,0,0,0,0,0,0,0,0,0,0,0,0,0,0,0,0,0,0,0,0,0,0,0,0,0,0,0,0,0,0,0,0,0,0,0,0,0,0,0,0,0,0,0,0,0,0,0,0,0,0,0,0,0,0,0,0,0,0,0,0,0,0,0,0,0,0,0,0,0,0,0,0,0,0,0,0,0,0,0,0,0,0,0,0,0,0,0,0,0,0,0,0,0,0,0,0,0,0,0,0,0,0,0,0,0,0,0,0,0,0,0,0,0,0,0,0,0,0,0,0,0,0,0,0,0,0,0,0,0,0,0,0,0,0,0,0,0,0,0,8,0,0,0,0,0,0,0,0,0,0,0,0,0,0,0,0,0,0,0,0,0,0,0,0,0,0,0,0,0,0,0,0,0,0,0,0,0,0,0,0,0,0,0,0,0,0,0,0,0,0,0,0,0,0,0,0,0,0,0,0,0,0,0,0,0,0,0,0,0,0,0,0,0,0,0,0,0,0,0,0,0,0,0,0,0,0,0,0,0,0,0,0,0,0,0,0,0,0,0,0,0,0,0,0,0,0,0,0,0,0,0,0,0,0,0,0,0,0,0,0,0,0,0,0,0,0,0,0,0,0,0,0,16,0,0,0,0,0,0,0,0,0,0,0
WK,0,0,0,0,0,0,0,0,0,0,0,0,0,0,0,0,0,0,0,0,0,0,0,0,0,0,0,0,0,0,0,0,0,0,0,0,0,0,0,0,0,0,0,0,0,0,0,0,0,0,0,0,0,0,0,0,0,0,0,0,0,0,0,0,0,0,0,0,0,0,0,0,0,0,0,0,0,0,0,0,0,0,0,0,0,0,0,0,0,0,0,0,0,0,0,0,0,0,0,0,0,0,0,0,0,0,0,0,0,0,0,0,0,0,0,0,0,0,0,0,0,0,0,0,0,0,0,0,0,0,0,0,0,0,0,0,0,0,0,0,0,0,0,0,0,0,0,0,0,0,0,0,0,0,0,0,0,0,0,0,0,0,0,0,0,0,0,0,0,0,0,0,0,0,0,0,0,0,0,0,0,0,0,0,0,0,0,0,0,4,0,0,0,0,0,0,0,0,0,0,0,0,0,0,0,0,0,0,0,0,14,0,0,0,0,0,0,0,0,0,0,0,0,0,0,0,0,0,0,0,0,0,0,0,0,0,0,0,0,0,0,0,0,0,0,0,0,0,0,0,0,0,0,0,0,0,0,0,0,0,0,0,0,0,0,0,0,0,0,0,0,0,0,0,0,0,0,0,0,0,0,0,0,0,0,0,0,0,0,0,0,0,0,0,0,0,0,0,0,0,0,0,0,0,0,0,0,0,0,0,0,0,0,0,0,0,0,0,0,0,0,0,0,0,0,0,0,0,0,0,0,0,0,0,0,0,0,0,0,0,0,0,0,0,0,0,0,0,0,0,0,0,0,0,0,0,0,0,0,0,0,0,0,0,0,0,0,0,0,0,0,0,0,0,0,0,0,0,0,0,0,0,0,0,0,0,0,0,0,0,0,0,0,0,0,0,0,0,0,0,0,0,0,0,0,0,0,0,0,0,0,0,0,0,0,0,0,0,0,0,0,0
WL,0,0,0,0,0,0,0,0,0,0,0,0,0,0,0,0,0,0,0,0,0,0,0,0,0,0,0,0,0,0,0,0,0,0,0,0,0,0,0,0,0,0,0,0,0,0,0,0,0,0,0,0,0,0,0,0,0,0,0,0,0,0,0,0,0,0,0,0,0,0,0,0,0,0,0,0,0,0,0,0,0,0,0,0,0,0,0,0,0,0,0,0,0,0,0,0,0,0,0,0,0,0,0,7,0,0,0,0,0,0,0,0,0,0,0,7,0,0,0,0,0,0,0,0,0,0,0,0,0,0,0,0,0,0,0,0,0,0,0,0,0,0,0,0,0,0,0,0,0,0,0,0,0,0,0,0,0,0,0,0,0,0,0,0,0,0,0,0,0,0,0,0,0,0,0,0,0,0,0,0,0,0,0,0,0,0,0,0,0,0,0,0,0,0,0,0,0,0,0,0,0,0,0,0,0,0,0,0,0,0,0,0,0,0,0,0,0,0,0,0,0,0,0,0,0,0,0,0,0,0,0,0,0,0,0,0,0,0,0,0,0,0,0,0,0,0,0,0,0,0,0,0,0,0,0,0,0,0,0,0,0,0,0,0,0,0,0,0,0,0,0,0,0,0,0,0,0,0,0,0,0,0,0,0,0,0,0,0,0,0,0,0,0,0,0,0,0,0,0,0,0,0,0,0,0,0,0,0,0,0,0,0,0,0,0,0,0,0,0,0,0,0,0,0,0,0,0,0,0,0,0,0,0,0,0,0,0,0,0,0,0,0,0,0,0,0,0,0,0,0,0,0,0,0,0,0,0,0,0,0,0,0,0,0,0,0,0,0,0,0,0,0,0,0,0,0,0,0,0,0,0,0,0,0,0,0,0,0,0,0,0,0,0,0,0,0,0,0,0,0,0,0,0,0,0,0,0,0,0,0,0,0,0,0,0,0,0,0,0,0,0,0
WM,0,0,0,0,0,0,0,0,0,0,0,0,0,0,0,0,0,0,0,0,0,0,0,0,0,0,0,0,0,0,0,0,0,0,0,0,0,0,0,0,0,0,0,0,0,0,0,0,0,0,0,0,0,0,0,0,0,0,0,0,0,0,0,0,0,0,0,0,0,0,0,0,0,0,0,0,0,0,0,0,0,0,0,0,0,0,0,0,0,0,0,0,0,0,0,0,0,0,0,0,0,0,0,0,0,0,0,0,0,0,0,0,0,0,0,0,0,0,0,0,0,0,0,0,0,0,0,0,0,0,0,0,0,0,0,0,0,0,0,0,0,0,0,0,0,0,0,0,0,0,0,0,0,0,0,0,0,0,0,0,0,0,0,0,0,0,0,0,0,0,0,0,0,0,0,0,0,0,0,0,0,0,0,0,0,0,0,0,0,0,0,0,0,0,0,0,0,0,0,0,0,0,0,0,0,0,0,0,0,0,0,0,0,0,0,0,0,3,0,0,0,0,0,0,0,0,0,0,0,0,0,0,0,0,0,0,0,0,0,0,0,0,0,0,0,0,0,0,0,0,0,0,0,0,0,0,0,0,0,0,0,0,0,0,0,0,0,0,0,0,0,0,0,0,0,0,0,0,0,0,0,0,0,0,0,0,0,0,0,0,0,0,0,0,0,0,0,0,0,0,0,0,0,0,0,0,0,0,0,0,0,0,0,0,0,0,0,0,0,0,0,0,0,0,0,0,0,0,0,0,0,0,0,0,0,0,0,0,0,0,0,0,0,0,0,0,0,0,0,0,0,0,0,0,0,0,0,0,0,0,0,0,0,0,0,0,0,0,0,0,0,0,0,0,0,0,0,0,0,0,0,0,0,0,0,0,0,0,0,0,0,0,0,0,0,0,0,0,0,0,0,0,0,0,0,0,0,0,0,0,0,0,0,0,0,0,0,0,0,0,0,3
WP,16,6,0,0,0,0,0,0,0,0,0,18,28,31,27,0,28,128,0,0,130,0,0,74,65,77,237,0,0,0,11,14,0,10,14,0,12,0,18,9,0,17,17,124,0,0,0,0,0,0,0,144,36,0,0,0,28,16,0,36,23,0,0,137,0,0,0,42,41,0,70,0,0,98,60,60,55,52,22,21,57,0,10,0,43,33,0,0,0,51,0,76,11,10,0,0,0,5,0,0,0,0,11,0,0,34,0,7,7,0,0,41,0,0,0,0,0,89,93,9,77,0,0,0,0,0,0,0,0,0,0,0,0,0,73,0,0,0,0,0,63,60,59,0,0,0,0,0,0,0,0,3,0,0,0,0,0,0,0,114,0,144,0,0,0,0,65,0,0,0,137,139,0,0,0,0,0,0,0,33,32,0,0,0,24,23,0,0,0,0,108,0,0,0,0,0,0,157,81,70,41,42,0,37,15,14,0,0,25,0,0,0,0,62,61,61,0,0,0,0,0,0,0,3,0,0,0,0,0,0,0,40,0,0,0,0,0,0,0,0,52,53,42,0,0,43,4,0,0,0,0,0,0,0,0,0,80,0,0,9,0,0,0,0,0,0,0,0,0,0,72,0,0,0,12,148,0,0,0,0,0,0,59,0,0,0,66,0,0,0,0,0,0,163,0,0,94,0,0,0,115,0,77,88,87,82,55,53,55,92,91,0,0,62,157,157,0,0,0,0,25,0,0,0,0,0,0,0,0,79,0,40,38,0,0,0,0,0,46,0,0,0,0,103,0,83,119,108,104,0,0,0,84,0,33,0,37,0,0,30,23,0,34,27,0,0,0,0,0,74,0,0,0,0,0,0,0,0,0,7,0,0,0,1,0,0,0,0,47,123,0,5,9,0,0,0,0,0,0,0,0,0,0,0,0,0,0,68,0,0,0,0,0,0,0,0,0,0,0,0,0,0
WS,0,0,0,0,0,0,0,0,0,0,0,0,0,0,0,0,0,0,0,0,0,0,0,0,0,0,0,0,0,0,0,0,0,0,0,0,0,0,0,0,0,0,0,0,0,0,0,0,0,0,0,0,0,0,0,0,0,0,0,0,0,0,0,0,0,0,0,0,0,0,0,0,0,0,0,0,0,0,0,0,0,0,0,0,0,0,0,0,0,0,0,0,0,0,0,0,0,0,0,0,0,0,0,0,0,0,0,0,0,0,0,0,0,0,0,0,0,0,0,0,0,0,0,0,0,0,0,0,0,0,0,0,0,0,0,0,0,0,0,0,0,0,0,0,0,0,0,0,0,0,0,0,0,0,0,0,0,0,0,0,0,0,0,0,0,0,0,0,0,0,0,0,0,0,0,0,0,0,0,0,0,0,0,0,0,0,0,0,0,0,0,0,0,0,0,0,0,0,0,0,0,0,0,0,0,0,0,0,0,0,0,0,0,0,0,0,0,0,0,0,0,0,0,0,0,0,0,0,0,0,0,0,0,0,0,0,0,0,0,0,0,0,0,0,0,0,0,0,0,0,0,0,0,0,0,0,0,0,0,0,0,0,0,0,0,0,0,15,0,0,0,0,0,0,0,0,0,0,0,0,0,0,0,0,0,0,0,0,0,0,0,0,0,0,0,0,0,0,0,0,0,0,0,0,0,0,0,0,0,0,0,0,0,0,0,0,0,0,6,0,0,0,0,0,0,0,0,0,0,0,0,0,0,0,0,0,0,0,0,0,0,0,0,0,0,0,0,0,0,0,0,0,0,0,0,0,0,0,0,0,0,0,0,0,0,0,0,0,0,0,0,0,0,0,0,0,0,0,0,0,0,0,0,0,0,0,0,0,0,0,0,0,0,0,0,0,0,0,0,0,0,0,0,0,0,0,0,0,0,0,0,0,0,0,0,0,0,0,0,0,0,0
WSM,0,0,0,0,0,0,0,0,0,0,0,0,0,0,0,0,0,0,0,0,0,0,0,0,0,0,0,0,0,0,0,0,0,0,0,0,0,0,0,0,0,0,0,0,0,0,0,0,0,4,0,0,0,0,0,0,0,0,0,0,0,0,0,0,0,0,0,0,0,0,0,0,0,0,0,0,0,0,0,0,0,0,0,0,0,0,0,0,0,0,0,0,0,0,0,0,0,0,0,0,0,0,0,0,0,0,0,0,0,0,0,0,0,0,0,0,0,0,0,0,0,0,0,0,0,0,0,0,0,0,0,0,0,0,0,0,0,0,0,0,0,0,0,0,0,0,0,0,0,0,0,0,0,0,0,0,0,0,0,0,0,0,0,0,0,0,0,0,0,0,0,0,0,0,0,0,0,0,0,0,0,0,0,0,0,0,0,0,0,0,0,0,0,0,0,0,0,0,0,0,0,0,0,0,0,0,0,0,0,0,0,0,0,0,0,0,0,0,0,0,0,0,0,0,0,0,0,0,0,0,0,0,0,0,0,0,0,0,0,0,0,0,0,0,0,0,0,0,0,0,0,0,0,0,0,0,0,0,0,0,0,0,0,0,0,0,0,0,0,0,0,0,0,0,0,0,0,0,0,0,0,0,0,0,0,0,0,0,0,0,0,0,0,0,0,0,0,0,0,0,0,0,0,0,0,0,0,0,0,0,0,0,0,0,0,0,0,0,0,0,0,0,0,0,0,0,0,0,0,0,0,0,0,0,0,0,0,0,0,0,0,5,0,0,0,0,0,0,0,0,0,0,0,0,0,0,0,0,0,0,0,0,0,0,0,0,0,0,0,0,0,0,0,0,0,0,0,0,0,0,0,0,0,0,0,0,0,0,0,0,0,0,0,0,0,0,0,0,0,0,0,0,0,0,0,0,0,0,0,0,0,0,0,0,0,0,0,0,0,0,0,0
WT,0,0,0,0,0,0,0,0,0,0,0,0,0,0,0,0,0,0,0,0,0,0,0,0,0,0,0,0,0,0,0,0,0,0,0,0,0,0,0,0,0,0,0,0,0,0,0,0,0,0,0,0,0,0,0,0,0,0,0,0,0,0,0,0,0,0,0,0,0,0,0,0,0,0,0,0,0,0,0,0,0,0,0,0,0,0,0,0,0,0,0,0,0,0,0,0,0,0,0,0,0,0,0,0,0,0,0,0,0,0,0,0,0,0,0,0,0,0,0,0,0,0,0,0,0,0,0,0,0,0,0,0,0,0,0,0,0,0,0,0,0,0,0,0,0,0,0,0,0,0,0,0,0,0,0,0,0,0,0,0,0,0,0,0,0,0,0,0,0,0,0,0,0,0,0,0,0,0,0,0,0,0,0,0,0,0,0,0,0,0,0,0,0,0,0,0,0,0,0,0,0,0,0,0,0,0,0,0,0,0,0,0,0,0,0,0,0,0,0,0,0,0,0,0,0,0,0,0,0,0,0,0,0,0,0,0,0,0,0,0,0,0,0,0,0,0,0,0,0,0,0,0,0,0,0,0,0,10,0,0,0,0,0,0,0,0,0,0,0,0,0,0,0,0,0,0,0,0,0,0,0,0,0,0,0,0,0,0,0,0,0,0,0,0,0,0,0,25,0,0,0,0,0,0,0,0,0,0,0,0,0,0,0,0,0,0,0,0,0,0,0,0,0,0,0,0,0,0,0,0,0,0,0,0,0,0,0,0,0,0,0,0,0,0,0,0,0,0,0,0,0,0,0,0,0,0,0,0,0,0,0,0,0,0,0,0,0,0,0,0,0,0,0,0,0,0,0,0,0,0,0,0,0,0,0,0,0,0,0,0,0,0,0,0,0,0,0,0,0,0,0,0,0,0,0,0,0,0,0,0,0,0,0,0,0,0,0,0,0,0,0,0
WTV,0,0,0,0,4,0,0,0,0,0,0,0,0,0,0,0,0,0,0,0,0,0,0,0,0,0,0,0,0,0,0,0,0,0,0,0,0,0,0,0,0,0,0,0,0,0,0,0,0,0,0,0,0,0,0,0,0,0,0,0,0,0,0,0,0,0,0,0,0,0,0,0,0,0,0,0,0,0,0,0,0,0,0,0,0,0,0,0,0,0,0,0,0,0,0,0,0,0,0,0,0,0,0,0,0,0,0,0,0,0,0,0,0,0,0,0,0,0,0,0,0,5,0,0,0,0,0,0,0,0,0,0,0,0,0,0,0,0,0,0,0,0,0,0,0,0,0,0,0,0,0,0,0,0,0,0,0,0,0,0,0,0,0,0,0,0,0,0,0,0,0,0,0,0,0,0,0,0,0,0,0,0,0,0,0,0,0,0,0,0,0,0,0,0,0,0,0,0,0,0,0,0,0,0,0,0,0,0,0,0,0,0,0,0,0,0,0,0,0,0,0,0,0,0,0,0,0,0,0,0,0,0,0,0,0,0,0,0,0,0,0,0,0,0,0,0,0,0,0,0,0,0,0,0,0,0,0,0,0,0,0,0,0,0,0,0,0,0,0,0,0,0,0,0,0,0,0,0,0,0,0,0,0,0,0,0,0,0,0,0,0,0,0,0,0,0,0,0,0,0,0,0,0,0,0,0,0,0,0,0,0,0,0,0,0,0,0,0,0,0,0,0,0,0,0,0,0,0,0,0,0,0,0,0,0,0,0,0,0,0,0,0,0,0,0,0,0,0,0,0,0,0,0,0,0,0,0,0,0,0,0,0,0,0,0,0,0,0,0,0,0,0,0,0,0,0,0,0,0,0,0,0,0,0,0,0,0,0,0,0,0,0,0,0,0,0,0,0,0,0,0,0,0,0,0,0,0,0,0,0,0,0,0,0,0,0,0,0,0,0,0,0
WV,0,0,0,0,0,0,0,0,0,0,0,0,0,0,0,0,0,0,0,0,0,0,0,0,0,0,0,0,0,0,0,0,0,0,0,0,0,0,0,0,0,0,0,0,0,0,0,0,0,0,0,0,0,0,0,0,0,0,0,0,0,0,0,0,0,0,0,0,0,0,0,0,0,0,0,0,0,0,0,0,0,0,0,0,0,0,0,0,0,0,0,0,0,0,0,0,0,0,0,0,0,0,0,0,0,0,0,0,0,0,0,0,0,0,0,0,0,0,0,0,0,0,0,0,0,0,0,0,0,0,0,0,0,0,0,0,0,0,0,0,0,0,0,0,0,0,0,0,0,0,0,0,0,0,0,0,0,0,0,0,0,0,0,0,0,0,0,0,0,0,0,0,0,0,0,0,0,0,0,0,0,0,0,0,0,0,0,0,0,0,0,0,13,0,0,0,0,0,0,0,0,0,0,0,0,0,0,0,0,0,0,0,0,0,0,0,0,0,0,0,0,0,0,0,0,0,0,0,0,0,0,0,0,0,0,0,0,0,0,0,0,0,0,0,0,0,0,0,0,0,0,0,0,0,0,0,0,0,0,0,0,0,0,0,0,0,0,0,0,0,0,0,0,0,0,0,0,0,0,0,0,0,0,0,0,0,0,0,0,0,0,0,0,0,0,0,0,0,0,0,0,0,0,0,0,0,0,0,0,0,0,0,0,0,0,0,0,0,0,0,0,0,0,0,0,0,0,0,0,0,0,0,0,0,0,0,0,0,0,0,0,0,15,0,0,0,0,0,0,0,0,0,0,0,0,0,0,0,0,0,0,0,0,0,0,0,0,0,0,0,0,0,0,0,0,0,0,0,0,0,0,0,0,0,0,0,0,0,0,0,0,0,0,0,0,0,0,0,0,0,0,0,0,0,0,0,0,0,0,0,0,0,0,0,0,0,0,0,0,0,0,0
WW,0,0,0,0,0,0,0,0,0,0,0,0,0,0,0,0,0,0,0,0,0,0,0,0,0,0,0,0,0,0,0,0,0,0,0,0,0,0,0,0,13,0,0,0,0,0,0,0,0,0,0,0,0,0,0,0,0,0,0,0,0,0,0,0,0,0,0,0,0,0,0,0,0,0,0,0,0,0,0,0,0,0,0,0,0,0,0,0,0,0,0,0,0,0,0,0,0,0,0,0,0,0,0,0,0,0,0,0,0,0,0,0,0,0,0,0,0,0,0,0,0,0,0,0,0,0,0,0,0,0,0,0,0,0,0,0,0,0,0,0,0,0,0,0,0,0,0,0,0,0,0,0,0,0,0,0,0,0,0,0,0,0,0,0,0,0,0,0,0,0,0,0,0,0,0,0,0,0,0,0,0,0,0,0,0,0,0,0,0,0,0,0,0,0,0,0,0,0,0,0,0,0,0,0,0,0,0,0,0,0,0,0,0,0,0,0,0,0,0,0,0,0,0,0,0,0,0,0,0,0,0,0,0,0,0,0,11,0,0,0,0,0,0,0,0,0,0,0,0,0,0,0,0,0,0,0,0,0,0,0,0,0,0,0,0,0,0,0,0,0,0,0,0,0,0,0,0,0,0,0,0,0,0,0,0,0,0,0,0,0,0,0,0,0,0,0,0,0,0,0,0,0,0,0,0,0,0,0,0,0,0,0,0,0,0,0,0,0,0,0,0,0,0,0,0,0,0,0,0,0,0,0,0,0,0,0,0,0,0,0,0,0,0,0,0,0,0,0,0,0,0,0,0,0,0,0,0,0,0,0,0,0,0,0,0,0,0,0,0,0,0,0,0,0,0,0,0,0,0,0,0,0,0,0,0,0,0,0,0,0,0,0,0,0,0,0,0,0,0,0,0,0,0,0,0,0,0,0,0,0,0,0,0,0,0,0,0,0,0,0,0,0
WZ,0,0,0,0,0,0,0,0,0,0,0,0,0,0,0,0,0,0,0,0,0,0,0,0,0,0,0,0,0,0,0,0,0,0,0,0,0,0,0,0,0,0,0,0,0,0,0,0,0,0,0,0,0,0,0,0,0,0,0,0,0,0,0,0,0,0,0,0,0,0,0,0,0,0,0,0,0,0,0,0,0,0,0,0,0,0,0,0,0,0,0,0,0,0,0,0,0,0,0,0,0,0,0,0,0,0,0,0,0,0,0,0,0,0,0,0,0,0,0,0,0,0,0,0,0,0,0,0,0,0,0,0,0,0,0,0,0,0,0,0,0,0,0,0,0,0,0,0,0,0,0,0,0,0,0,0,0,0,0,0,0,0,0,0,11,0,0,0,0,0,0,0,0,0,0,0,0,0,0,0,0,0,0,0,0,0,0,0,0,0,0,0,0,0,0,0,0,0,0,0,0,0,0,0,0,0,0,0,0,0,0,0,0,0,0,0,0,0,0,0,0,0,0,0,0,0,0,0,0,0,0,0,0,0,0,0,0,0,0,0,0,0,0,0,0,0,0,0,0,0,0,0,0,0,0,0,0,0,0,0,0,0,0,0,0,0,0,0,0,0,0,0,0,0,0,0,0,0,0,0,0,0,0,0,0,0,0,0,0,0,0,0,0,0,0,0,0,0,0,0,0,0,0,0,0,0,0,0,0,0,0,0,0,0,0,0,0,0,0,0,0,0,0,0,0,0,0,0,0,0,0,0,0,0,0,0,0,0,0,0,0,0,0,0,0,0,0,0,0,0,0,0,0,0,0,0,0,0,0,0,0,0,0,0,0,0,0,0,0,0,0,0,0,0,0,0,0,0,0,0,0,0,0,0,0,0,0,0,0,0,0,0,0,0,0,0,0,0,0,0,0,0,0,0,0,0,0,0,0,0,10,0,0,0,0,0,0,0,0,0,0,0
ZA,0,0,0,0,0,0,0,0,0,0,0,0,0,0,0,0,0,0,0,0,0,0,0,0,0,0,0,0,0,0,0,0,0,0,0,0,0,0,0,0,0,0,0,0,0,0,0,0,0,0,0,0,0,0,0,0,0,0,0,0,0,0,0,0,0,0,0,0,0,0,0,0,0,0,0,0,0,0,0,0,0,0,0,0,0,0,0,0,0,0,0,0,0,0,0,0,0,0,0,0,0,0,0,0,0,0,0,0,0,0,0,0,0,0,0,0,0,0,0,0,0,0,0,0,0,0,0,0,0,0,0,0,0,0,0,0,0,11,0,0,0,0,0,0,0,0,0,0,0,0,0,0,0,0,0,0,0,0,0,0,0,0,0,0,0,0,0,0,0,0,0,0,0,0,0,0,0,0,0,0,0,0,0,0,0,0,0,0,0,0,0,0,0,0,0,0,0,0,0,0,0,0,0,0,0,0,0,0,0,0,0,0,0,0,0,0,0,0,0,0,0,0,12,0,0,0,0,0,0,0,0,0,0,0,0,0,0,0,0,0,0,0,0,0,0,0,0,0,0,0,0,0,0,0,0,0,0,0,0,0,0,0,0,0,0,0,0,0,0,0,0,0,0,0,0,0,0,0,0,0,0,0,0,0,0,0,0,0,0,0,0,0,0,0,0,0,0,0,0,0,0,0,0,0,0,0,0,0,0,0,0,0,0,0,0,0,0,0,0,0,0,0,0,0,0,0,0,0,0,0,0,0,0,0,0,0,0,0,0,0,0,0,0,0,0,0,0,0,0,0,0,0,0,0,0,0,0,0,0,0,0,0,0,0,0,0,0,0,0,0,0,0,0,0,0,0,0,0,0,0,0,0,0,0,0,0,0,0,0,0,0,0,0,0,0,0,0,0,0,0,0,0,0,0,0,0,0,0,0,0,0,0,0,0,0,0,0,0,0,0,0,0
ZB,0,0,0,0,0,0,0,0,0,0,0,0,0,0,0,0,0,0,0,0,0,0,0,0,0,0,0,0,0,0,0,0,0,0,0,0,0,0,0,0,0,0,0,0,0,0,0,0,0,0,0,0,0,0,0,0,0,0,0,0,0,0,0,0,0,0,0,0,0,0,0,0,0,0,0,0,0,0,0,0,0,0,0,0,0,0,0,0,0,0,0,0,0,0,0,0,0,0,0,0,0,0,0,0,0,0,0,0,0,0,0,0,0,0,0,0,0,0,0,0,0,0,0,0,0,0,0,0,0,0,0,0,0,0,0,0,0,0,0,0,0,0,0,0,0,0,0,0,0,0,0,0,0,0,0,0,0,0,0,0,0,0,0,0,0,0,0,0,0,0,0,0,0,0,0,0,0,0,0,0,0,0,0,0,0,0,0,0,0,0,0,0,0,0,0,0,0,0,0,0,0,0,0,0,0,0,0,0,0,0,0,0,0,0,0,0,0,0,0,0,0,0,0,0,0,0,0,0,0,0,0,0,0,0,0,0,0,0,0,0,0,0,0,0,0,0,0,0,0,0,0,0,0,0,0,0,0,0,0,0,0,0,0,0,0,0,0,0,0,0,0,0,0,0,0,0,0,0,0,0,0,0,0,0,0,0,0,0,0,0,0,0,0,0,0,0,0,0,0,0,0,0,0,0,0,0,0,0,0,0,0,0,0,0,0,0,0,0,9,0,0,0,0,0,0,0,0,0,0,0,6,0,0,0,0,0,0,0,0,0,0,0,0,0,0,0,0,0,0,0,0,0,0,0,0,0,0,0,0,0,0,0,0,0,0,0,0,8,0,0,0,0,0,0,0,0,0,0,0,0,0,0,0,0,0,0,0,0,0,0,0,0,0,0,0,0,0,0,0,0,0,0,0,0,0,0,0,0,0,0,0,0,0,0,0,0,0,0,0,0,0,0
ZBM,59,55,0,0,0,0,0,0,0,0,0,0,38,56,39,0,38,149,0,0,151,0,0,99,66,102,262,0,0,0,64,74,0,70,70,0,63,0,78,71,0,72,72,56,0,0,0,0,0,0,0,141,44,0,0,0,47,44,0,96,35,0,0,144,0,0,0,46,45,0,67,0,0,67,50,50,30,17,59,44,37,0,58,0,103,86,0,0,0,17,0,80,49,51,0,0,0,62,0,0,0,0,68,0,0,47,0,73,68,0,0,101,0,0,0,0,0,110,114,0,80,0,0,0,0,0,0,0,0,0,0,0,0,0,76,0,0,0,0,0,67,64,9,0,0,0,0,0,0,0,0,60,0,0,0,0,0,0,0,46,0,141,0,0,0,0,7,0,0,0,139,141,0,0,0,0,0,0,0,93,92,0,0,0,39,40,0,0,0,0,129,0,0,0,0,0,0,154,13,12,27,26,0,62,53,54,0,0,85,0,0,0,0,46,48,48,0,0,0,0,0,0,0,56,0,0,0,0,0,0,0,18,0,0,0,0,0,0,0,0,7,5,47,0,0,47,61,0,0,0,0,0,0,0,0,0,87,0,0,59,0,0,0,0,0,0,0,0,0,0,76,0,0,0,68,150,0,0,0,0,0,0,1,0,0,0,61,0,0,0,0,0,0,157,0,0,71,0,0,0,136,0,81,77,78,83,54,53,54,73,74,0,0,57,154,154,0,0,0,0,38,0,0,0,0,0,0,0,0,81,0,100,98,0,0,0,0,0,51,0,0,0,0,35,0,31,68,40,36,0,0,0,109,0,35,0,31,0,0,38,35,0,34,31,0,0,0,0,0,16,0,0,0,0,0,0,0,0,0,61,0,0,0,58,0,0,0,0,51,144,0,62,65,0,0,0,0,68,0,0,0,0,0,0,0,0,0,0,0,0,0,0,0,0,0,0,0,0,0,0,0,0
ZD,0,0,0,0,0,0,0,0,0,0,0,0,0,0,0,0,0,0,0,0,0,0,0,0,0,0,0,0,0,0,0,0,0,0,0,0,0,0,7,0,0,0,0,0,0,0,0,0,0,0,0,0,0,0,0,0,0,0,0,0,0,0,0,0,0,0,0,0,0,0,0,0,0,0,0,0,0,0,0,0,0,0,0,0,0,0,0,0,0,0,0,0,0,0,0,0,0,0,0,0,0,0,0,0,0,0,0,0,0,0,0,0,0,0,0,0,0,0,0,0,0,0,0,0,0,0,0,0,0,0,0,0,0,0,0,0,0,0,0,0,0,0,0,0,0,0,0,0,0,0,0,0,0,0,0,0,0,0,0,0,0,0,0,0,0,0,0,0,0,0,0,0,0,0,0,0,0,0,0,0,0,0,0,0,0,0,0,0,0,0,0,0,0,0,0,0,0,0,0,0,0,0,0,0,0,0,0,0,0,0,0,0,0,0,0,0,0,0,0,0,0,0,0,0,0,3,0,0,0,0,0,0,0,0,0,0,0,0,0,0,0,0,0,0,0,0,0,0,0,0,0,0,0,0,0,0,0,0,0,0,0,0,0,0,0,0,0,0,0,0,0,0,0,0,0,0,0,0,0,0,0,0,0,0,0,13,0,0,0,0,0,0,0,0,0,0,0,0,0,0,0,0,0,0,0,0,0,0,0,0,0,0,0,0,0,0,0,0,0,0,0,0,0,0,0,0,0,0,0,0,0,0,0,0,0,0,0,0,0,0,0,0,0,0,0,0,0,0,0,0,0,0,0,0,0,0,0,0,0,0,0,0,0,0,0,0,0,0,0,0,0,0,0,0,0,0,0,0,0,0,0,0,0,0,0,0,0,0,0,0,0,0,0,0,0,0,0,0,0,0,0,0,0,0,0,0,0,0,0,0,0,0,0,0,0,0,0,0,0,0,0,0
ZH,0,0,0,0,0,0,0,0,0,0,0,0,0,0,0,0,0,0,0,0,0,0,0,0,0,0,0,0,0,0,0,0,0,0,0,0,0,0,0,0,0,0,0,0,0,0,0,0,0,0,0,0,0,0,0,0,0,0,0,0,0,0,0,0,0,0,0,0,0,0,0,0,0,0,0,0,0,0,0,0,0,0,0,0,0,0,0,0,0,0,0,0,0,0,0,0,0,0,0,0,0,0,0,0,0,0,0,0,0,0,0,0,0,0,0,0,0,0,0,0,0,0,0,0,0,0,0,0,0,0,0,0,0,0,0,0,0,0,0,0,0,0,0,0,0,8,0,14,0,0,0,0,0,0,0,0,0,0,0,0,0,0,0,0,0,0,0,0,0,0,0,0,0,0,0,0,0,0,0,0,0,0,0,0,0,0,0,0,0,0,0,0,0,0,0,0,0,0,0,0,0,0,0,0,0,0,0,0,0,0,0,0,0,0,0,0,0,0,0,0,0,0,0,0,0,0,0,0,0,0,0,0,0,0,0,0,0,0,0,0,0,0,0,0,0,0,0,0,0,0,0,0,0,0,0,0,0,0,0,0,0,0,0,0,0,0,0,0,0,0,0,0,0,0,0,0,0,0,0,0,0,0,0,0,0,0,0,0,0,0,0,0,0,0,0,0,0,0,0,0,0,0,0,0,0,0,0,0,0,0,0,0,0,0,0,0,0,0,0,0,0,0,0,0,0,0,0,0,0,0,0,0,0,0,0,0,0,0,0,0,0,0,0,0,0,0,0,0,0,0,0,0,0,0,0,0,0,0,0,0,0,0,0,0,0,0,0,0,0,0,0,0,0,0,0,0,0,0,0,0,0,0,0,0,0,0,0,0,0,0,0,0,0,0,0,0,0,0,0,0,0,0,0,0,0,0,0,0,0,0,0,0,0,0,0,0,0,0,0,0,0,0
ZL,0,0,0,0,0,0,0,0,0,0,0,0,0,0,0,0,0,0,0,0,0,0,0,0,0,0,0,0,0,0,0,0,0,0,0,0,0,0,0,0,0,0,0,0,0,0,0,0,0,0,0,0,0,0,0,0,0,0,0,0,0,0,0,0,0,0,0,0,0,0,0,0,0,0,0,0,0,0,0,0,0,0,0,0,0,0,0,0,0,0,0,0,0,0,0,0,0,0,0,0,0,0,0,0,14,0,0,0,0,0,0,0,0,0,0,0,0,0,0,0,0,0,0,0,0,0,0,0,0,0,0,0,0,0,0,0,0,0,0,0,0,0,0,0,0,0,0,0,0,0,0,0,0,0,0,0,0,0,0,0,0,0,0,0,0,0,0,0,0,0,0,0,0,0,0,0,0,0,0,0,0,0,0,0,0,0,0,0,15,0,0,0,0,0,0,0,0,0,0,0,0,0,0,0,0,0,0,0,0,0,0,0,0,0,0,0,0,0,0,16,0,0,0,0,0,0,0,0,0,0,0,0,0,0,0,0,0,0,0,0,0,0,0,0,0,0,0,0,0,0,26,0,0,0,0,0,0,0,0,0,0,0,0,0,0,0,0,0,0,0,0,0,0,0,0,0,0,0,0,0,0,0,0,0,0,0,0,0,0,0,0,0,0,0,0,0,0,0,0,0,0,0,0,0,0,0,0,0,0,0,0,0,0,0,0,0,0,0,0,0,0,0,0,0,0,0,0,0,0,0,0,0,0,0,0,0,0,0,0,0,0,0,0,0,0,0,0,0,0,0,0,0,0,0,0,0,0,0,0,0,0,0,0,0,0,0,0,0,0,0,0,0,0,0,0,0,0,0,0,0,0,0,0,0,0,0,0,0,0,0,0,0,0,16,0,0,0,0,0,0,0,0,0,0,10,0,0,0,0,0,0,4,0,0,0,0,0,0,0,0,0,0
ZLSH,0,0,0,0,0,0,0,0,0,0,0,0,0,0,0,0,0,0,0,0,0,0,0,0,0,0,0,0,0,0,0,0,0,0,0,0,0,0,0,0,0,0,0,0,0,0,0,0,0,0,0,0,0,0,0,0,0,0,0,0,0,0,0,0,0,0,0,0,0,0,0,0,0,0,0,0,0,0,0,0,0,0,0,0,0,0,0,0,0,0,0,0,0,0,0,0,0,0,0,0,0,0,0,0,0,0,0,0,0,0,0,0,27,0,0,0,0,0,0,0,0,0,0,0,0,0,0,0,0,0,0,0,0,0,0,0,0,0,0,0,0,0,0,0,0,0,0,0,0,0,0,0,0,0,0,0,0,0,0,0,0,0,0,0,0,0,0,0,0,0,0,0,0,0,0,0,0,0,0,0,0,0,0,0,0,0,0,0,0,0,0,0,0,0,0,0,0,0,0,0,0,0,0,0,0,0,0,0,0,0,0,0,0,0,0,0,0,0,0,0,0,0,0,0,0,0,0,0,0,0,0,0,0,0,0,0,0,0,0,0,0,0,0,0,0,0,0,0,0,0,0,0,0,0,0,0,0,0,0,0,0,0,0,0,0,0,0,0,0,0,0,0,0,0,0,0,0,0,0,0,0,0,0,0,0,0,0,0,0,0,0,0,0,0,0,0,0,0,0,0,0,0,0,0,0,0,0,0,0,0,0,0,0,0,0,0,0,0,0,0,0,0,0,0,0,0,0,0,0,0,0,0,0,0,0,0,0,0,0,0,0,0,0,0,0,0,0,0,0,0,0,0,0,0,0,0,0,0,0,0,0,0,0,0,0,0,0,0,0,0,0,0,0,0,0,0,0,0,0,0,0,0,0,0,0,0,0,0,0,0,0,0,0,0,0,0,0,0,0,0,0,0,0,0,0,0,0,0,0,0,4,0,0,0,0,0,0,0,0,0,0,0
ZLW,0,0,0,0,0,0,0,0,0,0,0,0,0,0,0,0,0,0,0,0,0,0,0,0,0,0,0,0,0,0,0,0,0,0,0,0,0,0,0,0,0,0,0,0,0,0,0,12,0,0,0,0,0,0,0,0,0,0,0,0,0,0,0,0,0,0,0,0,0,0,0,0,0,0,0,0,0,0,0,0,0,0,0,0,0,0,0,0,0,0,0,0,0,0,0,0,0,0,0,0,13,0,0,0,0,0,0,0,0,0,0,0,0,0,0,0,0,0,0,0,0,0,0,0,0,0,0,0,0,0,0,0,0,0,0,0,0,0,0,0,0,0,0,0,0,0,0,0,0,0,0,0,0,0,0,0,0,0,0,0,0,0,0,0,0,0,0,0,0,0,0,0,0,0,0,0,0,0,0,0,0,0,0,0,0,0,0,0,0,0,0,0,0,0,0,0,0,0,0,0,0,0,0,0,0,0,0,0,0,0,0,0,0,0,0,0,0,0,0,0,0,0,0,0,0,0,0,0,0,0,0,0,0,0,0,0,0,0,0,0,0,0,0,0,0,0,0,0,0,0,0,0,0,0,0,0,0,0,0,0,0,0,0,0,0,0,0,0,0,0,0,0,0,0,0,0,0,0,0,0,0,0,0,0,0,0,0,0,0,0,0,0,0,0,0,0,0,0,0,0,0,0,0,0,0,0,0,0,0,0,0,0,0,0,0,0,0,0,0,0,0,0,0,0,0,0,0,0,0,0,0,0,0,0,0,0,0,0,0,0,0,0,0,0,0,0,0,0,0,0,0,0,0,0,0,0,0,0,0,0,0,0,0,0,0,0,0,0,0,0,0,0,0,0,0,0,0,0,0,0,0,0,0,0,0,0,0,0,0,0,0,0,0,0,0,0,0,0,0,0,0,0,0,0,0,0,0,0,0,0,0,0,0,0,0,0,0,0,8,0,0,0
ZP,0,0,0,0,0,0,0,0,0,0,0,0,0,0,0,0,0,0,0,0,0,0,0,0,0,0,0,0,0,0,0,0,0,0,0,0,0,0,0,0,0,0,0,0,0,0,0,0,0,0,0,0,0,0,0,0,0,0,0,0,0,8,0,0,0,0,0,0,0,0,0,0,0,0,0,0,0,0,0,0,0,0,0,0,0,0,0,0,0,0,0,0,0,0,0,0,0,0,0,0,0,0,0,0,0,0,0,0,0,0,0,0,0,0,0,0,0,15,0,0,0,0,0,0,0,0,0,0,0,0,0,0,0,0,0,0,0,0,0,0,0,0,0,0,0,0,0,0,0,0,0,0,0,0,0,0,0,0,0,0,0,0,0,0,0,0,0,0,0,0,0,0,0,0,0,0,0,0,0,0,0,0,0,0,0,0,0,0,0,0,0,0,0,0,0,0,0,0,0,0,0,0,0,0,0,0,0,0,0,0,0,0,10,0,0,0,0,0,0,0,0,0,0,0,0,0,0,19,0,0,0,0,0,0,0,0,0,0,0,0,0,0,0,0,0,0,0,0,0,0,0,0,0,0,0,0,0,0,0,0,0,0,0,0,0,0,0,0,0,0,0,0,0,0,0,0,0,0,0,0,0,0,0,0,0,0,0,0,0,0,0,0,0,0,0,0,0,0,0,0,0,0,0,0,0,0,0,0,0,0,0,0,0,0,0,0,0,0,0,0,0,0,0,0,0,0,0,0,0,0,0,0,0,0,0,0,0,0,0,0,0,0,0,0,0,0,0,0,0,0,0,0,0,0,0,0,0,0,0,0,0,0,0,0,0,0,11,0,0,0,0,0,0,0,0,0,0,0,0,0,0,0,0,0,0,0,0,0,0,0,0,0,0,0,0,0,0,0,0,0,0,0,0,0,0,0,0,0,0,0,0,0,0,0,0,0,0,0,0,0,0,0
ZST,0,0,0,0,0,0,0,0,0,0,0,0,0,0,0,0,0,0,0,0,0,0,0,0,0,0,0,0,0,0,0,3,0,0,1,0,0,0,0,0,0,0,0,0,0,0,0,0,0,0,0,0,0,0,0,0,0,0,0,0,0,0,0,0,0,0,0,0,0,0,0,0,0,0,0,0,0,0,0,0,0,0,0,0,0,0,0,0,0,0,0,0,0,0,0,0,0,0,0,0,0,0,0,0,0,0,0,0,0,0,0,0,0,0,0,0,0,0,0,0,0,0,0,0,0,0,0,0,0,0,0,0,0,0,0,0,0,0,0,0,0,0,0,0,0,0,0,0,0,0,0,0,0,0,0,0,0,0,0,0,0,0,0,0,0,0,0,0,0,0,0,0,0,0,0,0,0,0,0,0,0,0,0,0,0,0,0,0,0,0,0,0,0,0,0,0,0,0,0,0,0,0,0,0,0,0,0,0,0,0,0,0,0,0,0,0,0,0,0,0,0,0,0,0,0,0,0,0,0,0,0,0,0,0,0,0,0,0,0,0,0,0,0,0,0,0,0,0,0,0,0,0,0,0,0,0,0,0,0,0,0,0,0,0,0,0,0,0,0,0,0,0,0,0,0,0,0,0,0,0,0,0,0,0,0,0,0,0,0,0,0,0,0,0,0,0,0,0,0,0,0,0,0,0,0,0,0,0,0,0,0,0,0,0,0,0,0,0,0,0,0,0,0,0,0,0,0,0,0,0,0,0,0,0,0,0,0,0,0,0,0,0,0,0,0,0,0,0,0,0,0,0,0,0,0,0,0,0,0,0,0,0,0,0,0,0,0,0,0,0,0,0,0,0,0,0,0,0,0,0,0,0,0,0,0,0,0,0,0,0,0,0,0,0,0,0,0,0,0,0,0,0,0,0,0,0,0,0,0,0,0,0,0,0,0,0,0,0,0,0,0,0
ZTM,0,0,0,0,0,0,0,0,0,0,0,0,0,0,0,0,0,0,0,0,0,0,0,0,0,0,0,0,0,0,0,0,0,0,0,0,0,0,0,0,0,0,0,0,0,0,0,0,0,0,0,0,0,0,0,0,0,0,0,0,0,0,0,0,0,0,0,0,0,0,0,0,0,0,0,0,0,0,0,0,0,0,0,0,0,0,0,0,0,0,0,0,0,0,0,0,0,0,0,0,0,0,0,0,0,0,0,0,0,0,0,0,0,0,0,0,0,0,0,0,0,0,0,0,0,0,0,0,0,0,0,0,0,0,0,0,0,0,0,0,0,0,0,0,0,0,0,0,0,0,0,0,0,0,0,0,0,0,0,0,0,0,0,0,0,0,0,0,0,0,0,0,0,0,0,0,0,0,0,0,0,0,0,0,0,0,0,0,0,0,0,0,0,0,0,0,0,0,0,0,0,0,0,0,0,0,0,0,0,0,0,0,0,0,0,0,0,0,0,0,0,0,0,0,0,0,0,0,0,0,0,0,0,0,0,0,0,0,0,0,0,0,0,0,0,0,0,0,0,0,0,0,0,0,0,0,0,0,0,0,0,0,0,0,0,0,0,0,0,0,0,0,0,0,0,0,0,0,0,0,0,0,0,0,0,0,0,0,0,0,0,0,0,0,0,0,0,0,0,0,0,0,0,0,0,0,0,0,0,0,0,0,0,0,0,0,0,0,0,0,0,0,0,0,0,0,0,0,0,0,0,0,0,0,0,0,0,0,0,0,0,0,0,0,0,0,0,0,0,0,0,0,0,0,0,0,0,0,0,0,0,0,0,0,0,10,0,0,0,0,0,0,0,0,0,0,0,0,0,0,0,0,0,0,0,0,0,0,0,0,0,0,0,0,0,0,0,0,0,0,0,0,0,0,0,0,0,0,0,0,0,0,0,0,0,0,1,0,0,0,0,0
ZTMO,0,0,0,0,0,0,0,0,0,0,0,0,0,0,0,0,0,0,0,0,0,0,0,0,0,0,0,0,0,0,0,0,0,0,0,0,0,0,0,0,0,0,0,0,0,0,0,0,0,0,0,0,0,0,0,0,0,0,0,0,0,0,0,0,0,0,0,0,0,0,0,0,0,0,0,0,0,0,0,0,0,0,0,0,0,0,0,0,0,0,0,0,0,0,0,0,0,0,0,0,0,0,0,0,0,0,0,0,0,0,0,0,0,0,0,0,0,0,0,0,0,0,0,0,0,0,0,0,0,0,0,0,0,0,0,0,0,0,0,0,18,0,0,0,0,0,0,0,0,0,0,0,0,0,0,0,0,0,0,0,0,0,0,0,0,0,0,0,0,0,0,0,0,0,0,0,0,0,0,0,0,0,0,0,0,0,0,0,0,0,0,0,0,0,0,0,0,0,0,0,0,0,0,0,0,0,0,0,0,0,0,0,0,0,0,0,0,0,0,0,0,0,0,0,0,0,0,0,0,0,0,0,0,0,0,0,0,0,0,0,0,0,0,0,0,0,0,0,0,0,0,0,0,0,0,0,0,0,0,0,0,0,0,0,0,0,0,0,0,0,0,0,0,0,0,0,0,0,0,0,0,0,0,0,0,0,0,0,0,0,0,0,0,0,0,0,0,0,0,0,0,0,0,0,0,0,0,0,0,0,0,0,0,0,0,0,0,0,0,0,0,0,0,0,0,0,0,0,0,0,0,0,0,0,0,0,0,0,0,0,0,0,0,0,0,0,0,0,0,0,0,0,0,0,0,0,0,0,0,0,0,0,0,0,0,0,0,0,0,0,0,0,0,0,0,0,0,0,0,0,0,0,0,0,0,0,0,0,0,0,0,0,0,0,0,0,0,0,0,0,0,0,0,0,0,0,0,0,0,0,0,0,0,0,0,1,0,0,0,0,0,0
ZV,0,0,0,0,0,0,0,0,0,0,0,0,0,0,0,0,0,0,0,0,0,0,0,0,0,0,0,0,0,0,0,0,0,0,0,0,0,0,0,0,0,0,0,0,0,0,0,0,0,0,0,0,0,0,0,0,0,0,0,0,0,0,0,0,0,0,0,0,0,0,0,0,0,0,0,0,0,0,0,0,0,0,0,0,0,0,0,0,0,0,0,0,0,0,0,0,0,0,0,0,0,0,0,5,0,0,0,0,0,0,0,0,0,0,0,0,0,0,0,0,0,5,0,0,0,0,0,0,0,0,0,0,0,0,0,0,0,0,0,0,0,0,0,0,0,0,0,0,0,0,0,0,0,0,0,0,0,0,0,0,0,0,0,0,0,0,0,0,0,0,0,0,0,0,0,0,0,0,0,0,0,0,0,0,0,0,0,0,0,0,0,0,0,0,0,0,0,0,0,0,0,0,0,0,0,0,0,0,0,0,0,0,0,0,0,0,0,0,0,0,0,0,0,0,0,0,0,0,0,0,0,0,0,0,0,0,0,0,0,0,0,0,0,0,0,0,0,0,0,0,0,0,0,0,0,0,0,0,0,0,0,0,0,0,0,0,0,0,0,0,0,0,0,0,0,0,0,0,0,0,0,0,0,0,0,0,0,0,0,0,0,0,0,0,0,0,0,0,0,0,0,0,0,0,0,0,0,0,0,0,0,0,0,0,0,0,0,0,0,0,0,0,0,0,0,0,0,0,0,0,0,0,0,0,0,0,0,0,0,0,0,0,0,0,0,0,0,0,0,0,0,0,0,0,0,0,0,0,0,0,0,0,0,0,0,0,0,0,0,0,0,0,0,0,0,0,0,0,0,0,0,0,0,0,0,0,0,0,0,0,0,0,0,0,0,0,0,0,0,0,0,0,0,0,0,0,0,0,0,0,0,0,0,0,0,0,0,0,0,0,0,0
ZVB,0,0,0,0,0,0,0,0,0,0,0,0,0,0,0,0,0,0,0,0,0,0,0,0,0,0,0,0,0,0,0,0,0,0,0,0,0,0,0,0,0,0,0,0,0,0,0,0,0,0,0,0,0,0,0,0,0,0,0,0,0,0,0,0,0,0,0,0,0,0,0,0,0,0,0,0,0,0,0,0,0,0,0,0,0,0,0,0,0,0,0,0,0,0,0,0,0,0,0,0,0,0,0,0,0,0,0,0,0,0,0,0,0,0,0,0,0,0,0,0,0,0,0,0,0,0,0,0,0,0,0,0,0,0,0,0,0,0,0,0,0,0,0,0,0,0,0,0,0,0,0,0,0,0,0,0,0,0,0,0,0,0,0,0,0,0,0,0,0,0,0,0,0,0,0,0,0,0,0,0,0,0,0,0,0,0,0,0,0,0,0,0,0,0,0,0,0,0,0,0,0,0,0,0,0,0,0,0,0,0,0,0,0,0,0,0,0,0,0,0,0,0,0,0,0,0,0,0,0,0,0,0,0,0,0,0,0,0,0,0,0,0,0,0,0,0,0,0,0,0,0,0,0,0,0,0,0,0,0,0,0,0,0,0,0,0,0,0,0,0,0,0,0,10,0,0,0,0,0,0,0,0,0,0,0,0,0,0,0,0,0,0,0,0,0,0,0,0,0,0,0,0,0,0,0,0,0,0,0,0,0,0,0,0,0,0,0,0,0,0,0,0,0,0,0,0,0,0,0,0,0,0,0,0,0,0,0,0,0,0,0,0,0,0,0,0,0,0,0,0,0,0,0,0,0,0,0,0,0,0,0,0,0,0,0,0,0,0,0,0,0,0,0,0,0,0,0,0,0,0,0,0,0,0,0,0,0,0,0,0,0,0,0,0,0,0,0,0,0,0,0,0,0,0,0,0,0,0,0,0,0,0,8,0,0,0,0,0,0,0,0,0
ZVT,0,0,0,0,0,0,0,0,0,0,0,0,0,0,0,0,0,0,0,0,0,0,0,0,0,0,0,0,0,0,0,0,0,0,0,0,0,0,0,0,0,0,0,0,0,0,0,0,0,0,0,0,0,0,0,0,0,0,0,0,0,0,0,0,0,0,0,0,0,0,0,0,0,0,0,0,0,0,0,0,0,0,0,0,0,0,0,0,0,0,0,0,0,0,0,0,0,0,0,0,0,0,0,0,0,0,0,0,0,0,0,0,0,0,0,0,0,0,0,0,0,0,0,0,0,0,0,0,0,0,0,0,0,0,0,0,0,0,0,0,0,0,0,0,0,0,0,0,0,0,0,0,0,0,0,0,0,0,0,0,0,0,0,0,0,0,0,0,0,0,0,0,0,0,0,0,0,0,0,0,0,0,0,0,0,0,0,0,0,0,0,0,0,0,0,0,0,0,0,0,0,0,0,0,0,0,0,0,0,0,0,0,0,0,0,0,0,0,0,0,0,0,0,0,0,0,0,0,0,0,0,0,0,0,0,0,0,0,0,0,0,0,0,0,0,0,0,0,0,0,0,0,0,0,0,0,0,0,0,0,0,0,0,0,0,0,0,0,0,0,0,0,0,0,0,0,0,0,0,0,7,0,0,0,0,0,0,0,0,0,0,0,0,0,0,0,0,0,0,0,0,0,0,0,0,0,0,0,0,0,0,0,0,0,0,0,0,0,0,0,0,0,0,0,0,0,0,0,0,0,0,0,0,0,0,0,0,0,0,0,0,0,0,0,0,0,0,0,0,0,0,0,0,0,0,0,0,0,0,0,0,0,0,0,0,0,0,0,0,0,0,0,0,0,0,0,0,0,0,0,0,0,0,0,0,0,0,0,0,0,0,0,0,0,0,0,0,0,0,0,0,0,0,0,0,0,0,0,0,0,0,0,0,0,0,0,0,0,0,0,0,0
ZWD,0,0,0,0,0,0,0,0,0,0,0,0,0,0,0,0,0,0,0,0,0,0,0,0,0,0,0,0,0,0,0,0,0,0,0,0,0,0,0,0,0,0,0,0,0,0,0,0,0,0,0,0,0,0,0,0,0,0,0,0,0,0,0,0,0,0,0,0,0,0,0,0,0,9,0,0,0,0,0,0,0,0,0,0,0,0,0,0,0,0,0,0,0,0,0,0,0,0,0,2,0,0,0,0,0,0,0,0,0,0,0,0,0,0,0,0,0,0,0,0,0,0,0,0,0,0,0,0,0,0,0,0,0,0,0,0,0,0,0,0,0,0,0,0,0,0,0,0,0,0,0,0,0,0,0,0,0,0,0,0,0,0,0,0,0,0,0,0,0,0,0,0,0,0,0,0,0,0,0,0,0,0,0,0,0,0,0,0,0,0,0,0,0,0,0,0,0,0,0,0,0,0,0,0,0,0,0,0,0,0,0,0,0,0,0,0,0,0,0,0,0,0,0,0,0,0,0,0,0,0,0,0,0,0,0,0,0,0,0,0,0,0,0,0,0,0,0,0,0,0,0,0,0,0,0,0,0,0,0,0,0,0,0,0,0,0,0,0,0,0,0,0,0,0,0,0,0,0,0,0,0,0,0,0,0,0,0,0,0,0,0,0,0,0,0,0,0,0,0,0,0,0,0,0,0,0,0,0,0,0,0,0,0,0,0,0,0,0,0,0,0,0,0,0,0,0,0,0,0,0,0,0,0,0,0,0,0,0,0,0,0,0,0,0,0,0,0,0,0,0,0,0,0,0,0,0,0,0,0,0,0,0,0,0,0,0,0,0,0,0,0,0,0,0,0,0,0,0,0,0,0,0,0,0,0,0,0,0,0,0,0,0,0,0,0,0,0,0,0,0,0,0,0,0,0,0,0,0,0,0,0,0,0,0,0,0,0,0,0,0,0,0
ZZS,0,0,0,0,0,0,0,0,0,0,0,0,0,0,0,0,0,0,0,0,0,0,0,0,0,0,0,0,0,0,0,0,0,0,0,0,0,0,0,0,0,0,0,0,0,0,0,0,0,0,0,0,0,0,0,0,0,0,0,0,0,0,0,0,0,0,0,0,0,0,0,0,0,0,0,0,0,0,0,0,0,0,0,0,0,0,0,0,0,0,0,0,0,0,0,0,0,0,0,0,0,0,0,0,0,0,0,0,0,0,0,0,0,0,0,0,0,0,0,0,0,0,0,0,0,0,0,0,0,0,0,0,0,0,0,0,0,0,0,0,0,0,0,0,0,0,0,0,0,0,0,0,0,0,0,0,0,0,0,0,0,0,0,0,0,0,0,0,0,0,0,0,0,0,0,0,0,0,0,0,0,0,0,0,0,0,0,0,0,0,0,0,0,0,0,0,0,0,0,0,0,0,0,0,0,0,0,0,0,0,0,0,0,0,0,0,0,0,0,0,0,0,0,0,0,2,0,0,0,0,0,0,0,0,0,0,0,0,0,0,0,0,0,0,0,0,0,0,0,0,0,0,0,0,0,0,0,0,0,0,0,0,0,0,0,0,0,0,0,0,0,0,0,0,0,0,0,0,0,0,0,0,0,0,0,0,0,0,0,0,0,0,0,0,0,0,0,0,0,0,0,0,0,0,0,0,0,0,0,0,0,0,0,0,0,0,0,0,0,0,0,0,0,0,0,0,0,0,0,0,0,0,0,0,0,0,0,0,0,0,0,0,0,0,0,0,0,0,0,0,0,0,0,0,0,0,0,0,0,0,0,0,0,0,0,0,0,0,0,0,0,0,0,0,0,0,0,0,0,0,0,0,0,0,0,0,0,0,0,0,0,0,0,0,0,0,3,0,0,0,0,0,0,0,0,0,0,0,0,0,0,0,0,0,0,0,0,0,0,0,0,0
